/*******************************************************************************
 * Size: 18 px
 * Bpp: 4
 * Opts: --no-compress --no-prefilter --bpp 4 --size 18 --font NotoEmoji.ttf (Noto Emoji, monochrome) -r 0x1F600-0x1F64F,0x1F32D-0x1F37F,0x1F380-0x1F38F,0x2600-0x26FF,0x2700-0x27BF --format lvgl -o Modules/lvgl-module/source-fonts/noto_emoji_18.c --force-fast-kern-format
 ******************************************************************************/

#ifdef LV_LVGL_H_INCLUDE_SIMPLE
#include "lvgl.h"
#else
#include "lvgl/lvgl.h"
#endif

#ifndef NOTO_EMOJI_18
#define NOTO_EMOJI_18 1
#endif

#if NOTO_EMOJI_18

/*-----------------
 *    BITMAPS
 *----------------*/

/*Store the image of the glyphs*/
static LV_ATTRIBUTE_LARGE_CONST const uint8_t glyph_bitmap[] = {
    /* U+2600 "☀" */
    0x0, 0x0, 0x0, 0x0, 0x0, 0x11, 0x0, 0x0,
    0x0, 0x0, 0x0, 0x0, 0x0, 0x0, 0xb, 0xa0,
    0x0, 0x0, 0x0, 0x0, 0x0, 0xc7, 0x0, 0x7,
    0x5b, 0x0, 0x0, 0x0, 0x0, 0x0, 0xb, 0x5b,
    0x22, 0xa0, 0x82, 0x0, 0x0, 0x0, 0x0, 0x0,
    0xa1, 0x1f, 0xfc, 0x9a, 0x51, 0x47, 0x80, 0x0,
    0x0, 0x6, 0x6b, 0x71, 0x1, 0x8f, 0xc7, 0x5c,
    0x0, 0x0, 0x0, 0x6f, 0x20, 0x0, 0x0, 0x2c,
    0x9, 0x30, 0x2, 0xaa, 0xaf, 0x60, 0x0, 0x0,
    0x0, 0x4d, 0x80, 0x0, 0x5a, 0x0, 0xb0, 0x0,
    0x0, 0x0, 0x0, 0xf2, 0x0, 0x0, 0x3b, 0x5b,
    0x0, 0x0, 0x0, 0x0, 0xd, 0xa7, 0x0, 0x0,
    0x7, 0xf0, 0x0, 0x0, 0x0, 0x0, 0xb0, 0x5b,
    0x20, 0x0, 0x4f, 0x10, 0x0, 0x0, 0x0, 0x1c,
    0x58, 0xb5, 0x0, 0x1b, 0x3a, 0x0, 0x0, 0x0,
    0xf, 0xc5, 0x20, 0x0, 0xa, 0x30, 0xaf, 0x10,
    0x0, 0x1a, 0xc5, 0x0, 0x0, 0x0, 0xdb, 0xa7,
    0xdf, 0xa9, 0xff, 0x32, 0x80, 0x0, 0x0, 0x0,
    0x0, 0x4, 0x70, 0x87, 0x8a, 0x1b, 0x0, 0x0,
    0x0, 0x0, 0x0, 0x19, 0x1b, 0x0, 0x3c, 0xc0,
    0x0, 0x0, 0x0, 0x0, 0x0, 0xba, 0x20, 0x0,
    0x1, 0x0, 0x0, 0x0, 0x0, 0x0, 0x7, 0x50,
    0x0, 0x0, 0x0, 0x0, 0x0,

    /* U+2601 "☁" */
    0x0, 0x0, 0x0, 0x0, 0x0, 0x39, 0xa9, 0x40,
    0x0, 0x0, 0x0, 0x0, 0x0, 0x0, 0x0, 0xa9,
    0x30, 0x17, 0xb1, 0x0, 0x0, 0x0, 0x0, 0x0,
    0x0, 0xb6, 0x0, 0x0, 0x2, 0xb0, 0x0, 0x0,
    0x0, 0x0, 0x0, 0x4a, 0x0, 0x0, 0x0, 0x4,
    0x70, 0x0, 0x0, 0x0, 0x18, 0xbd, 0x90, 0x0,
    0x0, 0x0, 0xb, 0x0, 0x0, 0x0, 0x1c, 0x40,
    0x5, 0xa0, 0x0, 0x0, 0x0, 0xb0, 0x0, 0x0,
    0x7, 0x40, 0x0, 0x6, 0x50, 0x0, 0x0, 0xb,
    0x0, 0x0, 0x6, 0xd0, 0x0, 0x0, 0x14, 0x0,
    0x0, 0x0, 0x99, 0x20, 0x1c, 0x62, 0x0, 0x0,
    0x0, 0x0, 0x0, 0x0, 0x0, 0x1b, 0x2a, 0x20,
    0x0, 0x0, 0x0, 0x0, 0x0, 0x0, 0x0, 0x0,
    0x29, 0xb0, 0x0, 0x0, 0x0, 0x0, 0x0, 0x0,
    0x0, 0x0, 0x0, 0xa8, 0x50, 0x0, 0x0, 0x0,
    0x0, 0x0, 0x0, 0x0, 0x0, 0x76, 0x9, 0xa6,
    0x69, 0x20, 0x0, 0x0, 0x0, 0x0, 0x5, 0x98,
    0x0, 0x1, 0x44, 0x29, 0xa8, 0x9c, 0x90, 0x0,
    0x19, 0x51, 0x0, 0x0, 0x0, 0x0, 0x0, 0x22,
    0x4, 0xbb, 0xb9, 0x10, 0x0, 0x0,

    /* U+2602 "☂" */
    0x0, 0x0, 0x0, 0x0, 0x3, 0x0, 0x0, 0x0,
    0x0, 0x0, 0x0, 0x0, 0x0, 0x0, 0xb0, 0x0,
    0x0, 0x0, 0x0, 0x0, 0x0, 0x3, 0x8b, 0xff,
    0xda, 0x82, 0x0, 0x0, 0x0, 0x0, 0x2b, 0x92,
    0x3a, 0x1b, 0x23, 0x9a, 0x10, 0x0, 0x0, 0x4b,
    0x20, 0xb, 0x0, 0x1b, 0x0, 0x2c, 0x30, 0x0,
    0x3b, 0x0, 0x8, 0x40, 0x0, 0x56, 0x0, 0x1b,
    0x20, 0xc, 0x10, 0x0, 0xb0, 0x0, 0x0, 0xb0,
    0x0, 0x2b, 0x4, 0x80, 0x0, 0x56, 0x0, 0x0,
    0x7, 0x30, 0x0, 0x83, 0x92, 0x0, 0x8, 0x23,
    0x69, 0x62, 0x37, 0x0, 0x3, 0x8b, 0xbb, 0xba,
    0xdb, 0xa5, 0xf5, 0xab, 0xca, 0xbb, 0xba, 0x40,
    0x0, 0x2f, 0x30, 0xb, 0x0, 0x3f, 0x20, 0x0,
    0x40, 0x0, 0x0, 0x0, 0x0, 0xb0, 0x0, 0x0,
    0x0, 0x0, 0x0, 0x0, 0x0, 0x0, 0xb, 0x0,
    0x0, 0x0, 0x0, 0x0, 0x0, 0x0, 0x0, 0x0,
    0xb0, 0x0, 0x0, 0x0, 0x0, 0x0, 0x0, 0x0,
    0x0, 0x6f, 0x50, 0x0, 0x0, 0x0, 0x0, 0x0,
    0x0, 0x4, 0x39, 0x27, 0x0, 0x0, 0x0, 0x0,
    0x0, 0x0, 0x0, 0x99, 0x92, 0x60, 0x0, 0x0,
    0x0, 0x0, 0x0, 0x0, 0x9, 0x25, 0x45, 0x0,
    0x0, 0x0, 0x0, 0x0, 0x0, 0x0, 0x48, 0x88,
    0x0, 0x0, 0x0, 0x0, 0x0,

    /* U+2603 "☃" */
    0x0, 0x0, 0x0, 0x34, 0x30, 0x0, 0x0, 0x0,
    0x0, 0x0, 0x6f, 0xff, 0xe0, 0x0, 0x0, 0x0,
    0x0, 0x6, 0xff, 0xfe, 0x0, 0x0, 0x6, 0x10,
    0x0, 0x6f, 0xff, 0xc0, 0x7, 0x10, 0x10, 0x1,
    0xef, 0xff, 0xff, 0xb0, 0x0, 0x70, 0x80, 0x1c,
    0x44, 0x44, 0x6e, 0x0, 0x0, 0x60, 0x9, 0x20,
    0x0, 0x0, 0x47, 0x8, 0x2, 0x20, 0xb0, 0x80,
    0x20, 0x80, 0xb0, 0x0, 0x4, 0xa, 0x0, 0x6,
    0x0, 0xa, 0x4, 0x20, 0x0, 0x92, 0x5, 0x84,
    0x4, 0x70, 0x0, 0x38, 0x52, 0xc0, 0x0, 0x0,
    0xc1, 0x78, 0x20, 0x9b, 0xc3, 0x0, 0x0, 0x4,
    0xcc, 0x70, 0x0, 0xe3, 0x0, 0x0, 0x0, 0x5,
    0xc0, 0x0, 0xb, 0x0, 0x0, 0x0, 0x0, 0xb,
    0x0, 0x1, 0x90, 0x0, 0x0, 0x0, 0x0, 0xb0,
    0x0, 0xb, 0x0, 0x0, 0x0, 0x0, 0xb, 0x0,
    0x0, 0x76, 0x0, 0x0, 0x0, 0x9, 0x50, 0x0,
    0x0, 0x98, 0x10, 0x0, 0x1a, 0x70, 0x0, 0x0,
    0x0, 0x4a, 0xaa, 0xa9, 0x30, 0x0, 0x0,

    /* U+2604 "☄" */
    0x0, 0x0, 0x0, 0x0, 0x0, 0x3, 0x40, 0x0,
    0x0, 0x0, 0x0, 0x0, 0x0, 0x0, 0x2, 0x0,
    0x0, 0x0, 0x0, 0x0, 0x0, 0x0, 0x0, 0x4,
    0xa0, 0x0, 0x0, 0x0, 0x0, 0x0, 0x0, 0x0,
    0x4, 0xb0, 0x0, 0x0, 0x0, 0x0, 0x0, 0x0,
    0x0, 0x3, 0xb0, 0x10, 0x3, 0x40, 0x0, 0x0,
    0x0, 0x0, 0x3, 0xb0, 0x2b, 0x13, 0xb0, 0x0,
    0x10, 0x0, 0x0, 0x3, 0xb0, 0x2b, 0x14, 0xb0,
    0x0, 0x6, 0x0, 0x0, 0x2, 0xb1, 0x2b, 0x14,
    0xb0, 0x0, 0x35, 0x0, 0x0, 0x2, 0xb1, 0x2b,
    0x14, 0xb0, 0x0, 0x3b, 0x0, 0x0, 0x2, 0xc1,
    0x2b, 0x14, 0xb0, 0x0, 0xa, 0x0, 0x0, 0x1,
    0xc1, 0x5, 0x10, 0x61, 0x90, 0x32, 0x0, 0x0,
    0x0, 0x93, 0x1a, 0xb8, 0x80, 0xa4, 0x2b, 0x0,
    0x0, 0x0, 0xb, 0xb, 0x14, 0xf0, 0xa4, 0x2b,
    0x10, 0x0, 0x0, 0x0, 0xa0, 0xb0, 0x6b, 0x1,
    0x2b, 0x10, 0x0, 0x0, 0x0, 0xb, 0x4, 0xba,
    0x70, 0x1b, 0x10, 0x0, 0x0, 0x0, 0x0, 0x85,
    0x0, 0x10, 0x1b, 0x10, 0x0, 0x0, 0x0, 0x0,
    0x0, 0xa6, 0x10, 0x4b, 0x20, 0x0, 0x0, 0x0,
    0x0, 0x0, 0x0, 0x5a, 0xa7, 0x0, 0x0, 0x0,
    0x0, 0x0, 0x0,

    /* U+260E "☎" */
    0x0, 0x0, 0x0, 0x0, 0x0, 0x1, 0x0, 0x0,
    0x0, 0x0, 0x0, 0x0, 0x0, 0x16, 0xab, 0xba,
    0xaa, 0xab, 0xba, 0x83, 0x0, 0x0, 0x0, 0x2a,
    0x94, 0x0, 0x0, 0x0, 0x0, 0x0, 0x37, 0xb5,
    0x0, 0x4, 0xa1, 0x0, 0x4, 0xaa, 0x20, 0xaa,
    0xb0, 0x0, 0x7, 0x80, 0x1b, 0x0, 0x0, 0x7,
    0x33, 0xd9, 0xf1, 0x90, 0x0, 0x0, 0x75, 0x86,
    0x0, 0x0, 0x4c, 0x3, 0xa8, 0xe1, 0x48, 0x10,
    0x0, 0x1d, 0xbb, 0xbb, 0xcf, 0x73, 0x44, 0x44,
    0x44, 0x33, 0x9e, 0xbb, 0xaf, 0x85, 0x0, 0x66,
    0x7, 0x54, 0x83, 0xe3, 0x80, 0xa, 0x0, 0x1c,
    0xa, 0xba, 0xf2, 0xb, 0x78, 0x96, 0xf7, 0xa2,
    0xf, 0xaa, 0xb3, 0x0, 0x1, 0xc0, 0xc, 0x4,
    0x50, 0xe2, 0x45, 0x8, 0x30, 0x0, 0x0, 0x0,
    0xb0, 0x2d, 0x7a, 0x97, 0xe8, 0x88, 0x5, 0x50,
    0x0, 0x0, 0x4, 0x80, 0x57, 0x8, 0x30, 0xc5,
    0xa, 0x1, 0x80, 0x0, 0x0, 0x7, 0x40, 0x7f,
    0xef, 0xee, 0xff, 0xee, 0x0, 0xa0, 0x0, 0x0,
    0xc, 0x10, 0x25, 0x55, 0x55, 0x55, 0x54, 0x0,
    0xb0, 0x0, 0x0, 0xf, 0x51, 0x11, 0x11, 0x11,
    0x11, 0x11, 0x13, 0xf0, 0x0, 0x0, 0xb, 0x69,
    0x99, 0x99, 0x99, 0x99, 0x99, 0x97, 0xd0, 0x0,
    0x0, 0xb, 0x0, 0x0, 0x0, 0x0, 0x0, 0x0,
    0x0, 0xb0, 0x0, 0x0, 0xa, 0x0, 0x0, 0x0,
    0x0, 0x0, 0x0, 0x0, 0xb0, 0x0, 0x0, 0x4,
    0xcb, 0xbb, 0xbb, 0xbb, 0xbb, 0xbb, 0xbb, 0x80,
    0x0,

    /* U+2611 "☑" */
    0x0, 0x11, 0x11, 0x11, 0x11, 0x11, 0x11, 0x11,
    0x10, 0x5, 0xba, 0xaa, 0xaa, 0xaa, 0xaa, 0xaa,
    0xaa, 0xaa, 0xb5, 0xb0, 0x0, 0x0, 0x0, 0x0,
    0x0, 0x0, 0x0, 0x0, 0xbb, 0x0, 0x0, 0x0,
    0x0, 0x0, 0x0, 0x8, 0x30, 0xb, 0xb0, 0x0,
    0x0, 0x0, 0x0, 0x0, 0xa, 0xfc, 0x0, 0xbb,
    0x0, 0x0, 0x0, 0x0, 0x0, 0x7, 0xff, 0x60,
    0xb, 0xb0, 0x0, 0x0, 0x0, 0x0, 0x3, 0xff,
    0xa0, 0x0, 0xbb, 0x0, 0x37, 0x0, 0x0, 0x1,
    0xef, 0xd0, 0x0, 0xb, 0xb0, 0xc, 0xf7, 0x0,
    0x0, 0xbf, 0xf2, 0x0, 0x0, 0xbb, 0x0, 0x9f,
    0xc0, 0x0, 0x8f, 0xf5, 0x0, 0x0, 0xb, 0xb0,
    0x4, 0xff, 0x10, 0x4f, 0xf9, 0x0, 0x0, 0x0,
    0xbb, 0x0, 0xe, 0xf6, 0x2e, 0xfc, 0x0, 0x0,
    0x0, 0xb, 0xb0, 0x0, 0xaf, 0xcc, 0xfe, 0x20,
    0x0, 0x0, 0x0, 0xbb, 0x0, 0x5, 0xff, 0xff,
    0x40, 0x0, 0x0, 0x0, 0xb, 0xb0, 0x0, 0xf,
    0xff, 0x80, 0x0, 0x0, 0x0, 0x0, 0xbb, 0x0,
    0x0, 0xaf, 0xb0, 0x0, 0x0, 0x0, 0x0, 0xb,
    0xb0, 0x0, 0x1, 0x60, 0x0, 0x0, 0x0, 0x0,
    0x0, 0xbb, 0x0, 0x0, 0x0, 0x0, 0x0, 0x0,
    0x0, 0x0, 0xa, 0x4c, 0xbb, 0xbb, 0xbb, 0xbb,
    0xbb, 0xbb, 0xbb, 0xbc, 0x40,

    /* U+2614 "☔" */
    0x0, 0x10, 0x0, 0x0, 0x0, 0x0, 0x0, 0x0,
    0x0, 0x0, 0xb, 0x50, 0x0, 0x0, 0xa0, 0x0,
    0x0, 0x78, 0x0, 0x0, 0xc7, 0x0, 0x26, 0x8f,
    0x85, 0x20, 0x9, 0xa0, 0x0, 0x0, 0x5, 0xb9,
    0x5e, 0x9d, 0x59, 0xb5, 0x0, 0x0, 0x0, 0x1a,
    0x70, 0xa, 0x30, 0x48, 0x0, 0x8a, 0x0, 0x0,
    0xb, 0x30, 0x4, 0x70, 0x40, 0x93, 0x0, 0x4b,
    0x0, 0x9, 0x42, 0x20, 0xb0, 0x3f, 0x11, 0xa0,
    0x31, 0x59, 0x2, 0xa0, 0xaa, 0x38, 0x1, 0x90,
    0x9, 0x2c, 0x80, 0xb1, 0x83, 0x5, 0x57, 0x30,
    0x0, 0x0, 0x46, 0x64, 0x5, 0x7b, 0x7a, 0xa5,
    0xa5, 0xba, 0xfa, 0xa6, 0x95, 0xaa, 0x8a, 0x84,
    0x11, 0x7f, 0x80, 0xb, 0x0, 0x9f, 0x71, 0x14,
    0x80, 0x0, 0x0, 0x20, 0x0, 0xb0, 0x0, 0x20,
    0x0, 0x0, 0x0, 0x0, 0x0, 0x0, 0xb, 0x0,
    0x0, 0x0, 0x0, 0x0, 0x0, 0x0, 0x0, 0x0,
    0xb0, 0x0, 0x0, 0x0, 0x0, 0x0, 0x0, 0x0,
    0x0, 0x5f, 0x30, 0x0, 0x0, 0x0, 0x0, 0x0,
    0x0, 0x4, 0x39, 0x26, 0x0, 0x0, 0x0, 0x0,
    0x0, 0x0, 0x0, 0x99, 0x92, 0x60, 0x0, 0x0,
    0x0, 0x0, 0x0, 0x0, 0x9, 0x25, 0x44, 0x0,
    0x0, 0x0, 0x0, 0x0, 0x0, 0x0, 0x48, 0x88,
    0x0, 0x0, 0x0, 0x0, 0x0,

    /* U+2615 "☕" */
    0x0, 0x0, 0x0, 0x0, 0x0, 0x30, 0x0, 0x0,
    0x0, 0x0, 0x0, 0x0, 0x0, 0xc, 0xb0, 0x0,
    0x0, 0x0, 0x0, 0x0, 0x0, 0x4b, 0x76, 0x50,
    0x0, 0x0, 0x0, 0x0, 0x2, 0xc9, 0x20, 0xa3,
    0x0, 0x0, 0x0, 0x0, 0x0, 0xc2, 0x18, 0x93,
    0x0, 0x0, 0x0, 0x0, 0x0, 0xb, 0x3a, 0x10,
    0x0, 0x0, 0x0, 0x0, 0x3, 0x9b, 0xef, 0xeb,
    0xb8, 0x10, 0x0, 0x0, 0x6, 0x91, 0x0, 0x13,
    0x0, 0x4b, 0x20, 0x0, 0x0, 0xc0, 0x4, 0x78,
    0x97, 0x40, 0x5c, 0x40, 0x0, 0xc, 0xcf, 0xff,
    0xff, 0xff, 0xfc, 0xe9, 0xd5, 0x0, 0xb0, 0x37,
    0xae, 0xd9, 0x61, 0x56, 0x1, 0xd0, 0x9, 0x12,
    0x0, 0x0, 0x0, 0x7, 0x64, 0xa9, 0x0, 0x65,
    0x70, 0x0, 0x0, 0x0, 0xbc, 0x94, 0x0, 0x1a,
    0xb2, 0x60, 0x0, 0x0, 0xf, 0x70, 0x0, 0x5a,
    0x29, 0x30, 0x0, 0x0, 0x8, 0x44, 0xb2, 0xb,
    0x0, 0xc, 0x50, 0x0, 0x18, 0x82, 0x51, 0xa0,
    0x94, 0x0, 0x7, 0xbb, 0xba, 0x40, 0x30, 0x76,
    0x0, 0x9a, 0x51, 0x0, 0x0, 0x0, 0x16, 0xb7,
    0x0, 0x0, 0x16, 0xaa, 0xbb, 0xbb, 0xb9, 0x50,
    0x0, 0x0,

    /* U+2618 "☘" */
    0x0, 0x0, 0x0, 0x1, 0x42, 0x0, 0x0, 0x0,
    0x0, 0x0, 0x0, 0x0, 0x3, 0xb7, 0x98, 0x9b,
    0x70, 0x0, 0x0, 0x0, 0x0, 0x0, 0xb0, 0x0,
    0x42, 0x5, 0x90, 0x0, 0x0, 0x0, 0x0, 0xb,
    0x0, 0x0, 0x0, 0xb, 0x0, 0x0, 0x0, 0x15,
    0x30, 0xb0, 0x0, 0x0, 0x0, 0xa0, 0x0, 0x0,
    0x4a, 0x57, 0xbd, 0x10, 0x0, 0x0, 0x19, 0x0,
    0x0, 0xc, 0x0, 0x0, 0x89, 0x0, 0x0, 0xb,
    0xa9, 0x50, 0x0, 0xb0, 0x0, 0x0, 0x94, 0x0,
    0x2c, 0x83, 0x26, 0x90, 0xa, 0x20, 0x0, 0x0,
    0xa0, 0x6b, 0x10, 0x0, 0x9, 0x11, 0xb0, 0x0,
    0x0, 0x0, 0x2, 0x0, 0x0, 0x0, 0x91, 0x73,
    0x0, 0x0, 0x0, 0x0, 0x0, 0x0, 0x0, 0x3a,
    0x8, 0x20, 0x0, 0x0, 0x8c, 0xf5, 0x0, 0x0,
    0x6, 0x70, 0x3a, 0x10, 0x28, 0xa4, 0x29, 0xb4,
    0x0, 0x0, 0xa, 0x0, 0x38, 0x97, 0x20, 0x2,
    0x80, 0xb5, 0x0, 0x7, 0x70, 0x0, 0x0, 0x0,
    0x0, 0x19, 0x0, 0x7b, 0xbb, 0x80, 0x0, 0x0,
    0x0, 0x0, 0x0, 0xa0, 0x0, 0x0, 0x0, 0x0,
    0x0, 0x0, 0x0, 0x0, 0xa, 0x10, 0x0, 0x0,
    0x0, 0x0, 0x0, 0x0, 0x0, 0x0, 0x2a, 0x0,
    0x0, 0x0, 0x0, 0x0, 0x0, 0x0, 0x0, 0x0,
    0x43, 0x0, 0x0, 0x0, 0x0,

    /* U+261D "☝" */
    0x0, 0x0, 0x0, 0x0, 0x0, 0x0, 0x0, 0x0,
    0x0, 0x0, 0x0, 0x9a, 0xb1, 0x0, 0x0, 0x0,
    0x0, 0xa, 0x3, 0x70, 0x0, 0x0, 0x0, 0x1,
    0xa0, 0x38, 0x0, 0x0, 0x0, 0x0, 0x1a, 0x3,
    0x80, 0x0, 0x0, 0x0, 0x1, 0xa0, 0x38, 0x0,
    0x0, 0x22, 0x3a, 0xbb, 0x3, 0x80, 0x0, 0x6b,
    0xbd, 0x3, 0xe0, 0x38, 0x3b, 0xbe, 0x0, 0xb0,
    0xb, 0x3, 0x8a, 0x0, 0xb0, 0xb, 0x0, 0xa0,
    0x38, 0xb0, 0x9, 0x38, 0xfb, 0xbf, 0xa6, 0x8a,
    0x10, 0xaf, 0x30, 0x0, 0x1, 0xea, 0x9f, 0xb8,
    0xf0, 0x0, 0x0, 0x4, 0xd5, 0x60, 0x4, 0xab,
    0xb8, 0x0, 0xa, 0x28, 0x0, 0x0, 0x3, 0xea,
    0x1, 0x90, 0xb0, 0x0, 0x0, 0xa0, 0x0, 0x55,
    0x7, 0x60, 0x0, 0x1, 0x0, 0x1b, 0x0, 0xa,
    0x70, 0x0, 0x0, 0x5b, 0x20, 0x0, 0x5, 0xab,
    0xba, 0xb6, 0x0, 0x0,

    /* U+2620 "☠" */
    0x0, 0x0, 0x0, 0x0, 0x0, 0x0, 0x0, 0x0,
    0x0, 0x0, 0x1b, 0xc1, 0x0, 0x0, 0x0, 0x0,
    0x3, 0xcc, 0x0, 0x2a, 0x45, 0x60, 0x0, 0x0,
    0x0, 0x0, 0x81, 0x7a, 0x2b, 0x0, 0x1b, 0x2,
    0x7b, 0xba, 0x50, 0xb, 0x0, 0x1a, 0x5c, 0x92,
    0x5f, 0xa3, 0x0, 0x16, 0xcd, 0x34, 0xab, 0x40,
    0x2, 0xba, 0x80, 0x0, 0x0, 0x1, 0xd9, 0x91,
    0x0, 0x0, 0x2, 0xe0, 0x0, 0x0, 0x0, 0x3,
    0xf0, 0x0, 0x0, 0x0, 0x74, 0x0, 0x0, 0x0,
    0x0, 0xb, 0x0, 0x0, 0x0, 0xa, 0x10, 0x0,
    0x0, 0x0, 0x0, 0x83, 0x0, 0x0, 0x0, 0xa0,
    0x3f, 0xd0, 0x1, 0xee, 0x17, 0x30, 0x0, 0x0,
    0x8, 0x26, 0xff, 0x0, 0x2f, 0xf3, 0x91, 0x0,
    0x0, 0x0, 0x65, 0x8, 0x41, 0xc0, 0x67, 0xb,
    0x0, 0x0, 0x0, 0x5, 0x60, 0x0, 0x4f, 0x20,
    0x0, 0xb0, 0x0, 0x0, 0x0, 0x3f, 0x60, 0x0,
    0x0, 0x0, 0x9f, 0x0, 0x0, 0x2, 0x6b, 0x1f,
    0x32, 0x2, 0x2, 0x7c, 0x3a, 0x41, 0x7, 0x95,
    0x9, 0x9b, 0xc0, 0x80, 0xdc, 0x95, 0x16, 0x96,
    0xa4, 0x2, 0x90, 0x3b, 0xbe, 0xba, 0x20, 0xb0,
    0x15, 0x91, 0x95, 0x56, 0x0, 0x0, 0x0, 0x0,
    0x8, 0x29, 0x80, 0x0, 0xbc, 0x10, 0x0, 0x0,
    0x0, 0x0, 0x2c, 0xb0, 0x0,

    /* U+2622 "☢" */
    0x0, 0x0, 0x0, 0x0, 0x0, 0x0, 0x0, 0x0,
    0x0, 0x0, 0x0, 0x0, 0x28, 0xbb, 0xab, 0xb8,
    0x20, 0x0, 0x0, 0x0, 0x0, 0x9a, 0x30, 0x0,
    0x0, 0x3a, 0x80, 0x0, 0x0, 0x1, 0xb4, 0x0,
    0x0, 0x0, 0x0, 0x4, 0xb1, 0x0, 0x0, 0xb3,
    0x3d, 0x10, 0x0, 0x0, 0x7a, 0x3, 0xb0, 0x0,
    0x75, 0x2e, 0xfa, 0x0, 0x0, 0x1f, 0xfb, 0x6,
    0x70, 0xb, 0xc, 0xff, 0xf3, 0x0, 0xa, 0xff,
    0xf6, 0xb, 0x5, 0x64, 0xff, 0xff, 0xc0, 0x3,
    0xff, 0xff, 0xe0, 0x65, 0x92, 0x9f, 0xff, 0xfe,
    0x0, 0x5f, 0xff, 0xff, 0x32, 0x8a, 0x9, 0xdd,
    0xdd, 0x69, 0xf2, 0xbd, 0xdd, 0xd4, 0xa, 0xa0,
    0x0, 0x0, 0x0, 0x7d, 0x10, 0x0, 0x0, 0x0,
    0xa8, 0x20, 0x0, 0x0, 0x2, 0x21, 0x0, 0x0,
    0x0, 0x28, 0x47, 0x0, 0x0, 0x2, 0xff, 0xa0,
    0x0, 0x0, 0x7, 0x40, 0xb0, 0x0, 0x0, 0xaf,
    0xff, 0x30, 0x0, 0x0, 0xb0, 0x6, 0x70, 0x0,
    0x3f, 0xff, 0xfc, 0x0, 0x0, 0x76, 0x0, 0xa,
    0x40, 0xb, 0xff, 0xff, 0xf5, 0x0, 0x4a, 0x0,
    0x0, 0xa, 0x60, 0x6c, 0xff, 0xea, 0x30, 0x6a,
    0x0, 0x0, 0x0, 0x7, 0xb4, 0x0, 0x0, 0x5,
    0xb7, 0x0, 0x0, 0x0, 0x0, 0x1, 0x7b, 0xbb,
    0xbb, 0x61, 0x0, 0x0, 0x0,

    /* U+2623 "☣" */
    0x0, 0x0, 0x0, 0x0, 0x0, 0x0, 0x0, 0x0,
    0x0, 0x0, 0x0, 0x0, 0x28, 0xbb, 0xab, 0xb8,
    0x20, 0x0, 0x0, 0x0, 0x0, 0x9a, 0x30, 0x0,
    0x0, 0x3a, 0x80, 0x0, 0x0, 0x1, 0xb4, 0x2,
    0x0, 0x0, 0x2, 0x4, 0xb1, 0x0, 0x0, 0xb3,
    0x5, 0x0, 0x0, 0x0, 0x14, 0x3, 0xb0, 0x0,
    0x75, 0x0, 0x80, 0x0, 0x0, 0x1, 0x70, 0x6,
    0x70, 0xb, 0x0, 0x6, 0x60, 0x57, 0x50, 0x66,
    0x0, 0xb, 0x5, 0x60, 0x0, 0x1e, 0x53, 0x3,
    0x5d, 0x10, 0x0, 0x65, 0x92, 0x0, 0x16, 0xdf,
    0xc1, 0xcf, 0xd6, 0x10, 0x2, 0x8a, 0x0, 0x7b,
    0x9b, 0xf6, 0x6, 0xfb, 0x9b, 0x70, 0xa, 0xa0,
    0x44, 0x0, 0x53, 0x30, 0x33, 0x50, 0x4, 0x40,
    0xa8, 0x23, 0x0, 0x6, 0x26, 0xf4, 0x26, 0x0,
    0x3, 0x28, 0x47, 0x0, 0x0, 0x8, 0x4f, 0x28,
    0x0, 0x0, 0x7, 0x40, 0xb0, 0x0, 0x0, 0x3,
    0xf0, 0x0, 0x0, 0x0, 0xb0, 0x6, 0x70, 0x0,
    0x0, 0x7d, 0x50, 0x0, 0x0, 0x76, 0x0, 0xa,
    0x40, 0x0, 0x47, 0x8, 0x30, 0x0, 0x4a, 0x0,
    0x0, 0xa, 0x60, 0x22, 0x0, 0x2, 0x20, 0x6a,
    0x0, 0x0, 0x0, 0x7, 0xb4, 0x0, 0x0, 0x5,
    0xb7, 0x0, 0x0, 0x0, 0x0, 0x1, 0x7b, 0xbb,
    0xbb, 0x61, 0x0, 0x0, 0x0,

    /* U+2626 "☦" */
    0x0, 0x11, 0x11, 0x11, 0x11, 0x11, 0x11, 0x11,
    0x10, 0x5, 0xff, 0xff, 0xff, 0xff, 0xff, 0xff,
    0xff, 0xff, 0xf5, 0xbf, 0xff, 0xff, 0xff, 0xff,
    0xff, 0xff, 0xff, 0xff, 0xbb, 0xff, 0xff, 0xff,
    0xff, 0x9f, 0xff, 0xff, 0xff, 0xfb, 0xbf, 0xff,
    0xff, 0xff, 0xd0, 0xdf, 0xff, 0xff, 0xff, 0xbb,
    0xff, 0xff, 0xf7, 0x11, 0x1, 0x17, 0xff, 0xff,
    0xfb, 0xbf, 0xff, 0xff, 0xff, 0xd0, 0xdf, 0xff,
    0xff, 0xff, 0xbb, 0xff, 0xfa, 0xaa, 0xa8, 0x8,
    0xaa, 0xaa, 0xff, 0xfb, 0xbf, 0xff, 0x65, 0x55,
    0x40, 0x45, 0x55, 0x6f, 0xff, 0xbb, 0xff, 0xff,
    0xff, 0xfd, 0xd, 0xff, 0xff, 0xff, 0xfb, 0xbf,
    0xff, 0xff, 0xff, 0xd0, 0xdf, 0xff, 0xff, 0xff,
    0xbb, 0xff, 0xff, 0xfb, 0x17, 0xd, 0xff, 0xff,
    0xff, 0xfb, 0xbf, 0xff, 0xff, 0xfb, 0x20, 0x9f,
    0xff, 0xff, 0xff, 0xbb, 0xff, 0xff, 0xff, 0xfd,
    0x1, 0x2d, 0xff, 0xff, 0xfb, 0xbf, 0xff, 0xff,
    0xff, 0xd0, 0xd9, 0xef, 0xff, 0xff, 0xbb, 0xff,
    0xff, 0xff, 0xfd, 0xd, 0xff, 0xff, 0xff, 0xfb,
    0xbf, 0xff, 0xff, 0xff, 0xff, 0xff, 0xff, 0xff,
    0xff, 0xbb, 0xff, 0xff, 0xff, 0xff, 0xff, 0xff,
    0xff, 0xff, 0xfb, 0x4e, 0xff, 0xff, 0xff, 0xff,
    0xff, 0xff, 0xff, 0xfe, 0x40,

    /* U+262A "☪" */
    0x3, 0x44, 0x44, 0x44, 0x44, 0x44, 0x44, 0x44,
    0x41, 0xa, 0xff, 0xff, 0xff, 0xff, 0xff, 0xff,
    0xff, 0xff, 0xd0, 0xef, 0xff, 0xff, 0xff, 0xff,
    0xff, 0xff, 0xff, 0xff, 0x2e, 0xff, 0xff, 0xf8,
    0x30, 0x1, 0x5d, 0xff, 0xff, 0xf2, 0xef, 0xff,
    0xc1, 0x6, 0xcf, 0xfd, 0x89, 0xff, 0xff, 0x2e,
    0xff, 0xc0, 0xb, 0xff, 0xff, 0xff, 0xee, 0xff,
    0xf2, 0xef, 0xf3, 0xb, 0xff, 0xff, 0xff, 0xff,
    0xff, 0xff, 0x2e, 0xfb, 0x4, 0xff, 0xff, 0xff,
    0xff, 0xff, 0xff, 0xf2, 0xef, 0x70, 0x9f, 0xff,
    0xff, 0xff, 0xf5, 0xff, 0xff, 0x2e, 0xf5, 0xb,
    0xff, 0xff, 0xff, 0xb4, 0x3, 0xbf, 0xf2, 0xef,
    0x50, 0xaf, 0xff, 0xff, 0xff, 0x60, 0x5f, 0xff,
    0x2e, 0xf8, 0x7, 0xff, 0xff, 0xff, 0xf7, 0xb7,
    0xff, 0xf2, 0xef, 0xd0, 0x2f, 0xff, 0xff, 0xff,
    0xff, 0xff, 0xff, 0x2e, 0xff, 0x50, 0x7f, 0xff,
    0xff, 0xff, 0xff, 0xff, 0xf2, 0xef, 0xff, 0x20,
    0x7f, 0xff, 0xff, 0xfb, 0xef, 0xff, 0x2e, 0xff,
    0xff, 0x50, 0x17, 0xaa, 0x85, 0xcf, 0xff, 0xf2,
    0xef, 0xff, 0xff, 0xd7, 0x54, 0x6a, 0xff, 0xff,
    0xff, 0x2e, 0xff, 0xff, 0xff, 0xff, 0xff, 0xff,
    0xff, 0xff, 0xf1, 0x7f, 0xff, 0xff, 0xff, 0xff,
    0xff, 0xff, 0xff, 0xfa, 0x0,

    /* U+262E "☮" */
    0x2, 0x44, 0x44, 0x44, 0x44, 0x44, 0x44, 0x44,
    0x43, 0x4, 0xff, 0xff, 0xff, 0xff, 0xff, 0xff,
    0xff, 0xff, 0xf8, 0x8f, 0xff, 0xff, 0xff, 0xff,
    0xff, 0xff, 0xff, 0xff, 0xb8, 0xff, 0xff, 0xfe,
    0x84, 0x34, 0x7d, 0xff, 0xff, 0xfc, 0x8f, 0xff,
    0xf9, 0x4b, 0xf4, 0xfc, 0x57, 0xff, 0xff, 0xc8,
    0xff, 0xf9, 0x7f, 0xff, 0x4f, 0xff, 0xa5, 0xff,
    0xfc, 0x8f, 0xfd, 0x5f, 0xff, 0xf4, 0xff, 0xff,
    0x8a, 0xff, 0xc8, 0xff, 0x5d, 0xff, 0xff, 0x4f,
    0xff, 0xff, 0x4f, 0xfc, 0x8f, 0xf4, 0xff, 0xff,
    0xf4, 0xff, 0xff, 0xf6, 0xdf, 0xc8, 0xff, 0x5f,
    0xff, 0xfe, 0x2c, 0xff, 0xff, 0x8b, 0xfc, 0x8f,
    0xf5, 0xff, 0xfe, 0x42, 0x4c, 0xff, 0xf8, 0xcf,
    0xc8, 0xff, 0x4f, 0xfe, 0x4d, 0x4f, 0x4c, 0xff,
    0x5e, 0xfc, 0x8f, 0xf7, 0xbe, 0x4d, 0xf4, 0xff,
    0x4c, 0xe4, 0xff, 0xc8, 0xff, 0xf3, 0x4d, 0xff,
    0x4f, 0xff, 0x44, 0xcf, 0xfc, 0x8f, 0xff, 0xc4,
    0xdf, 0xf4, 0xff, 0xf5, 0xaf, 0xff, 0xc8, 0xff,
    0xff, 0xd5, 0x6b, 0x3b, 0x74, 0xbf, 0xff, 0xfc,
    0x8f, 0xff, 0xff, 0xfd, 0x98, 0x9c, 0xff, 0xff,
    0xff, 0xc8, 0xff, 0xff, 0xff, 0xff, 0xff, 0xff,
    0xff, 0xff, 0xfb, 0x2d, 0xff, 0xff, 0xff, 0xff,
    0xff, 0xff, 0xff, 0xfe, 0x50,

    /* U+262F "☯" */
    0x4, 0x44, 0x44, 0x44, 0x44, 0x44, 0x44, 0x44,
    0x43, 0xb, 0xff, 0xff, 0xff, 0xff, 0xff, 0xff,
    0xff, 0xff, 0xf5, 0xef, 0xff, 0xff, 0xff, 0xed,
    0xef, 0xff, 0xff, 0xff, 0x8e, 0xff, 0xff, 0xe6,
    0x36, 0x76, 0x49, 0xff, 0xff, 0xf8, 0xef, 0xff,
    0xa3, 0xbf, 0xff, 0xff, 0xa4, 0xef, 0xff, 0x8e,
    0xff, 0xb3, 0xff, 0xff, 0xff, 0xfe, 0xd4, 0xff,
    0xf8, 0xef, 0xf2, 0xef, 0xff, 0x71, 0xef, 0x8a,
    0xc7, 0xff, 0x8e, 0xf9, 0x7f, 0xff, 0xf4, 0xd,
    0xf9, 0xd, 0x4f, 0xf8, 0xef, 0x5c, 0xff, 0xff,
    0xfe, 0xff, 0x40, 0x78, 0xbf, 0x8e, 0xf3, 0xdf,
    0xff, 0xff, 0xfc, 0x60, 0x4, 0xa9, 0xf8, 0xef,
    0x4d, 0xff, 0xfc, 0x30, 0x0, 0x0, 0x4a, 0xaf,
    0x8e, 0xf6, 0xaf, 0xfe, 0x0, 0x0, 0x0, 0x8,
    0x7d, 0xf8, 0xef, 0xc4, 0xff, 0xa0, 0x7e, 0x0,
    0x1, 0xe4, 0xff, 0x8e, 0xff, 0x5a, 0xfd, 0x2,
    0x50, 0x1, 0xc7, 0xbf, 0xf8, 0xef, 0xfe, 0x3b,
    0xfa, 0x10, 0x5, 0xd9, 0x7f, 0xff, 0x8e, 0xff,
    0xfe, 0x56, 0xcf, 0xff, 0xb5, 0x9f, 0xff, 0xf8,
    0xef, 0xff, 0xff, 0xc7, 0x55, 0x58, 0xef, 0xff,
    0xff, 0x8e, 0xff, 0xff, 0xff, 0xff, 0xff, 0xff,
    0xff, 0xff, 0xf8, 0x7f, 0xff, 0xff, 0xff, 0xff,
    0xff, 0xff, 0xff, 0xfe, 0x30,

    /* U+2638 "☸" */
    0x0, 0x11, 0x11, 0x11, 0x11, 0x11, 0x11, 0x11,
    0x10, 0x8, 0xff, 0xff, 0xff, 0xff, 0xff, 0xff,
    0xff, 0xff, 0xc0, 0xef, 0xff, 0xff, 0xff, 0xff,
    0xff, 0xff, 0xff, 0xff, 0x2e, 0xff, 0xff, 0xff,
    0xfe, 0xaf, 0xff, 0xff, 0xff, 0xf2, 0xef, 0xff,
    0xff, 0xc7, 0x75, 0x7a, 0xff, 0xff, 0xff, 0x2e,
    0xff, 0xf6, 0x47, 0xfe, 0xaf, 0xb4, 0x4f, 0xff,
    0xf2, 0xef, 0xff, 0x64, 0x9f, 0xea, 0xfd, 0x34,
    0xff, 0xff, 0x2e, 0xff, 0xd4, 0xf6, 0x88, 0x5b,
    0x3e, 0xba, 0xff, 0xf2, 0xef, 0xf8, 0xbf, 0xf3,
    0xac, 0x2d, 0xff, 0x7f, 0xff, 0x2e, 0xfc, 0x49,
    0xba, 0x5f, 0xfa, 0x7b, 0xb5, 0xbf, 0xf2, 0xef,
    0xd5, 0xbd, 0xc4, 0xff, 0x79, 0xdd, 0x6d, 0xff,
    0x2e, 0xff, 0x9a, 0xfe, 0x34, 0x52, 0xaf, 0xf7,
    0xff, 0xf2, 0xef, 0xfe, 0x3d, 0x4d, 0xd9, 0xf5,
    0xa8, 0xcf, 0xff, 0x2e, 0xff, 0xf9, 0xd, 0xfe,
    0xaf, 0xf3, 0x4f, 0xff, 0xf2, 0xef, 0xff, 0x59,
    0x3a, 0xc9, 0xb5, 0x65, 0xff, 0xff, 0x2e, 0xff,
    0xff, 0xfe, 0x95, 0x38, 0xdf, 0xff, 0xff, 0xf2,
    0xef, 0xff, 0xff, 0xff, 0xea, 0xff, 0xff, 0xff,
    0xff, 0x2e, 0xff, 0xff, 0xff, 0xff, 0xff, 0xff,
    0xff, 0xff, 0xf1, 0x7f, 0xff, 0xff, 0xff, 0xff,
    0xff, 0xff, 0xff, 0xfa, 0x0,

    /* U+2639 "☹" */
    0x0, 0x0, 0x0, 0x0, 0x0, 0x0, 0x0, 0x0,
    0x0, 0x0, 0x0, 0x0, 0x28, 0xbb, 0xab, 0xb8,
    0x20, 0x0, 0x0, 0x0, 0x0, 0x9a, 0x30, 0x0,
    0x0, 0x3a, 0x90, 0x0, 0x0, 0x1, 0xb4, 0x0,
    0x0, 0x0, 0x0, 0x4, 0xb1, 0x0, 0x0, 0xb2,
    0x0, 0x0, 0x0, 0x0, 0x0, 0x3, 0xb0, 0x0,
    0x75, 0x0, 0x0, 0x0, 0x0, 0x0, 0x0, 0x5,
    0x70, 0xb, 0x0, 0x2, 0x60, 0x0, 0x0, 0x62,
    0x0, 0xb, 0x5, 0x60, 0x0, 0xaf, 0x50, 0x0,
    0x5f, 0xa0, 0x0, 0x65, 0x92, 0x0, 0x8, 0xf3,
    0x0, 0x3, 0xf8, 0x0, 0x2, 0x8a, 0x0, 0x0,
    0x1, 0x0, 0x0, 0x1, 0x0, 0x0, 0xa, 0xa0,
    0x0, 0x0, 0x0, 0x0, 0x0, 0x0, 0x0, 0x0,
    0xa8, 0x20, 0x0, 0x0, 0x37, 0x97, 0x30, 0x0,
    0x0, 0x28, 0x46, 0x0, 0x2, 0xb8, 0x31, 0x38,
    0xb2, 0x0, 0x7, 0x40, 0xb0, 0x1, 0xc1, 0x0,
    0x0, 0x2, 0xc1, 0x0, 0xb0, 0x6, 0x60, 0x2,
    0x0, 0x0, 0x0, 0x2, 0x0, 0x66, 0x0, 0xa,
    0x30, 0x0, 0x0, 0x0, 0x0, 0x0, 0x4a, 0x0,
    0x0, 0xb, 0x50, 0x0, 0x0, 0x0, 0x0, 0x5b,
    0x0, 0x0, 0x0, 0x8, 0xb4, 0x0, 0x0, 0x4,
    0xb7, 0x0, 0x0, 0x0, 0x0, 0x1, 0x7b, 0xbb,
    0xbb, 0x71, 0x0, 0x0, 0x0,

    /* U+263A "☺" */
    0x0, 0x0, 0x0, 0x0, 0x0, 0x0, 0x0, 0x0,
    0x0, 0x0, 0x0, 0x0, 0x28, 0xbb, 0xab, 0xb8,
    0x20, 0x0, 0x0, 0x0, 0x0, 0x9a, 0x30, 0x0,
    0x0, 0x3a, 0x90, 0x0, 0x0, 0x1, 0xb4, 0x0,
    0x0, 0x0, 0x0, 0x4, 0xb1, 0x0, 0x0, 0xb2,
    0x0, 0x0, 0x0, 0x0, 0x0, 0x3, 0xb0, 0x0,
    0x75, 0x7, 0xbb, 0x10, 0x0, 0x1b, 0xb7, 0x5,
    0x70, 0xb, 0x0, 0x40, 0x0, 0x0, 0x0, 0x0,
    0x40, 0xb, 0x5, 0x60, 0x0, 0x0, 0x0, 0x0,
    0x0, 0x0, 0x0, 0x65, 0x92, 0x0, 0x5c, 0xb9,
    0x0, 0x9, 0xbc, 0x50, 0x2, 0x8a, 0x0, 0x4,
    0x0, 0x41, 0x1, 0x30, 0x4, 0x0, 0xa, 0xa0,
    0x1, 0x35, 0x40, 0x0, 0x0, 0x23, 0x53, 0x0,
    0xa8, 0x20, 0x57, 0x52, 0x0, 0x0, 0x6, 0x75,
    0x0, 0x28, 0x46, 0x0, 0x0, 0x0, 0x0, 0x0,
    0x0, 0x0, 0x7, 0x40, 0xb0, 0x0, 0x8, 0x60,
    0x0, 0x68, 0x0, 0x0, 0xb0, 0x6, 0x60, 0x0,
    0x6, 0xbb, 0xb5, 0x0, 0x0, 0x66, 0x0, 0xa,
    0x30, 0x0, 0x0, 0x0, 0x0, 0x0, 0x4a, 0x0,
    0x0, 0xb, 0x50, 0x0, 0x0, 0x0, 0x0, 0x5b,
    0x0, 0x0, 0x0, 0x8, 0xb4, 0x0, 0x0, 0x4,
    0xb7, 0x0, 0x0, 0x0, 0x0, 0x1, 0x7b, 0xbb,
    0xbb, 0x71, 0x0, 0x0, 0x0,

    /* U+2640 "♀" */
    0x0, 0x0, 0x2, 0x32, 0x0, 0x0, 0x0, 0x0,
    0x6d, 0xff, 0xfd, 0x50, 0x0, 0x0, 0x9f, 0xff,
    0xef, 0xff, 0x80, 0x0, 0x6f, 0xf7, 0x0, 0x18,
    0xff, 0x50, 0xe, 0xf7, 0x0, 0x0, 0x8, 0xfd,
    0x3, 0xfe, 0x0, 0x0, 0x0, 0xf, 0xf2, 0x5f,
    0xc0, 0x0, 0x0, 0x0, 0xef, 0x33, 0xfe, 0x0,
    0x0, 0x0, 0xf, 0xf2, 0xf, 0xf5, 0x0, 0x0,
    0x6, 0xfe, 0x0, 0x8f, 0xf5, 0x0, 0x6, 0xff,
    0x60, 0x0, 0xbf, 0xfe, 0xce, 0xff, 0xa0, 0x0,
    0x0, 0x8f, 0xff, 0xff, 0x70, 0x0, 0x0, 0x0,
    0xa, 0xf9, 0x0, 0x0, 0x0, 0x0, 0x0, 0x9f,
    0x80, 0x0, 0x0, 0x0, 0x6, 0x8c, 0xfc, 0x85,
    0x0, 0x0, 0x0, 0xcf, 0xff, 0xff, 0xb0, 0x0,
    0x0, 0x7, 0x9d, 0xfc, 0x96, 0x0, 0x0, 0x0,
    0x0, 0x9f, 0x80, 0x0, 0x0, 0x0, 0x0, 0x9,
    0xf8, 0x0, 0x0, 0x0,

    /* U+2642 "♂" */
    0x0, 0x0, 0x0, 0x0, 0x0, 0x1, 0x22, 0x22,
    0x22, 0x0, 0x0, 0x0, 0x0, 0x0, 0x0, 0x7f,
    0xff, 0xff, 0xf3, 0x0, 0x0, 0x0, 0x0, 0x0,
    0x6, 0xff, 0xff, 0xff, 0x30, 0x0, 0x0, 0x0,
    0x0, 0x0, 0x0, 0x1d, 0xff, 0xf3, 0x0, 0x0,
    0x0, 0x0, 0x0, 0x0, 0x1d, 0xfd, 0xff, 0x30,
    0x0, 0x0, 0x0, 0x0, 0x0, 0xc, 0xfd, 0x1e,
    0xf3, 0x0, 0x1, 0x7b, 0xdc, 0x81, 0xc, 0xfd,
    0x10, 0xef, 0x30, 0x4, 0xef, 0xff, 0xff, 0xfc,
    0xfd, 0x10, 0x6, 0x71, 0x4, 0xff, 0xd6, 0x45,
    0xbf, 0xfe, 0x10, 0x0, 0x0, 0x0, 0xef, 0xa0,
    0x0, 0x0, 0x6f, 0xf3, 0x0, 0x0, 0x0, 0x6f,
    0xd0, 0x0, 0x0, 0x0, 0xaf, 0xa0, 0x0, 0x0,
    0xa, 0xf8, 0x0, 0x0, 0x0, 0x3, 0xfe, 0x0,
    0x0, 0x0, 0xbf, 0x60, 0x0, 0x0, 0x0, 0x1f,
    0xf0, 0x0, 0x0, 0xa, 0xf7, 0x0, 0x0, 0x0,
    0x3, 0xfe, 0x0, 0x0, 0x0, 0x6f, 0xd0, 0x0,
    0x0, 0x0, 0x9f, 0xb0, 0x0, 0x0, 0x1, 0xef,
    0x90, 0x0, 0x0, 0x4f, 0xf4, 0x0, 0x0, 0x0,
    0x5, 0xff, 0xb5, 0x24, 0x9f, 0xfa, 0x0, 0x0,
    0x0, 0x0, 0x6, 0xff, 0xff, 0xff, 0xfa, 0x0,
    0x0, 0x0, 0x0, 0x0, 0x2, 0x9d, 0xfe, 0xa4,
    0x0, 0x0, 0x0, 0x0, 0x0,

    /* U+2648 "♈" */
    0x0, 0x0, 0x0, 0x0, 0x34, 0x30, 0x0, 0x0,
    0x0, 0x0, 0x0, 0x0, 0x5c, 0xff, 0xff, 0xfc,
    0x50, 0x0, 0x0, 0x0, 0x1, 0xcf, 0xff, 0xff,
    0xff, 0xff, 0xc1, 0x0, 0x0, 0x2, 0xef, 0xff,
    0xff, 0xff, 0xff, 0xff, 0xe2, 0x0, 0x0, 0xdf,
    0xff, 0xff, 0xff, 0xff, 0xff, 0xff, 0xd0, 0x0,
    0x8f, 0xff, 0xaa, 0xef, 0xff, 0xea, 0xbf, 0xff,
    0x90, 0x1f, 0xfe, 0x23, 0x41, 0xef, 0xb1, 0x52,
    0x2e, 0xff, 0x16, 0xff, 0x76, 0xff, 0x66, 0xf1,
    0xbf, 0xf2, 0x7f, 0xf6, 0x9f, 0xfa, 0xdf, 0xfc,
    0x1d, 0x1f, 0xff, 0xba, 0xff, 0x9b, 0xff, 0xff,
    0xff, 0xf0, 0x85, 0xff, 0xff, 0xff, 0xfb, 0xaf,
    0xff, 0xff, 0xff, 0x23, 0x7f, 0xff, 0xff, 0xff,
    0xa8, 0xff, 0xff, 0xff, 0xf5, 0xa, 0xff, 0xff,
    0xff, 0xf8, 0x4f, 0xff, 0xff, 0xff, 0x70, 0xcf,
    0xff, 0xff, 0xff, 0x40, 0xef, 0xff, 0xff, 0xfa,
    0xf, 0xff, 0xff, 0xff, 0xe0, 0x6, 0xff, 0xff,
    0xff, 0xc3, 0xff, 0xff, 0xff, 0xf6, 0x0, 0xa,
    0xff, 0xff, 0xff, 0xff, 0xff, 0xff, 0xfa, 0x0,
    0x0, 0xb, 0xff, 0xff, 0xff, 0xff, 0xff, 0xfb,
    0x0, 0x0, 0x0, 0x7, 0xff, 0xff, 0xff, 0xff,
    0xf7, 0x0, 0x0, 0x0, 0x0, 0x1, 0x7b, 0xef,
    0xeb, 0x71, 0x0, 0x0, 0x0,

    /* U+2649 "♉" */
    0x0, 0x0, 0x0, 0x0, 0x11, 0x0, 0x0, 0x0,
    0x0, 0x0, 0x0, 0x0, 0x39, 0xef, 0xff, 0xe9,
    0x20, 0x0, 0x0, 0x0, 0x0, 0xaf, 0xff, 0xff,
    0xff, 0xff, 0x90, 0x0, 0x0, 0x1, 0xdf, 0xff,
    0xff, 0xff, 0xff, 0xff, 0xc0, 0x0, 0x0, 0xcf,
    0xff, 0xff, 0xff, 0xff, 0xff, 0xff, 0xb0, 0x0,
    0x7f, 0xfb, 0x3f, 0xff, 0xff, 0xff, 0x1d, 0xff,
    0x60, 0xf, 0xff, 0xf3, 0x5f, 0xff, 0xfe, 0x45,
    0xff, 0xfd, 0x5, 0xff, 0xff, 0xf5, 0x28, 0x97,
    0x16, 0xff, 0xff, 0xf3, 0x9f, 0xff, 0xff, 0xb1,
    0x46, 0x41, 0xcf, 0xff, 0xff, 0x7a, 0xff, 0xff,
    0xd1, 0xcf, 0xff, 0xa1, 0xef, 0xff, 0xf9, 0xaf,
    0xff, 0xf6, 0x8f, 0xff, 0xff, 0x57, 0xff, 0xff,
    0x88, 0xff, 0xff, 0x2c, 0xff, 0xff, 0xf9, 0x4f,
    0xff, 0xf7, 0x4f, 0xff, 0xf3, 0xbf, 0xff, 0xff,
    0x85, 0xff, 0xff, 0x30, 0xef, 0xff, 0x84, 0xff,
    0xff, 0xf2, 0xaf, 0xff, 0xc0, 0x6, 0xff, 0xff,
    0x35, 0xdf, 0xc4, 0x4f, 0xff, 0xf4, 0x0, 0xa,
    0xff, 0xff, 0x71, 0x1, 0x7f, 0xff, 0xf9, 0x0,
    0x0, 0xb, 0xff, 0xff, 0xff, 0xff, 0xff, 0xfa,
    0x0, 0x0, 0x0, 0x7, 0xff, 0xff, 0xff, 0xff,
    0xf6, 0x0, 0x0, 0x0, 0x0, 0x1, 0x7b, 0xef,
    0xeb, 0x60, 0x0, 0x0, 0x0,

    /* U+264A "♊" */
    0x0, 0x0, 0x0, 0x0, 0x11, 0x0, 0x0, 0x0,
    0x0, 0x0, 0x0, 0x0, 0x4b, 0xff, 0xff, 0xc7,
    0x10, 0x0, 0x0, 0x0, 0x2, 0xcf, 0xff, 0xff,
    0xff, 0xfe, 0x60, 0x0, 0x0, 0x3, 0xef, 0xff,
    0xff, 0xff, 0xff, 0xff, 0x80, 0x0, 0x1, 0xef,
    0xff, 0xff, 0xff, 0xff, 0xff, 0xff, 0x60, 0x0,
    0xbf, 0xf4, 0x48, 0xbd, 0xdc, 0xa6, 0x1d, 0xff,
    0x20, 0x3f, 0xff, 0xfb, 0x23, 0x44, 0x40, 0x8e,
    0xff, 0xf9, 0x8, 0xff, 0xff, 0xf5, 0xaf, 0xff,
    0x1e, 0xff, 0xff, 0xe0, 0xcf, 0xff, 0xff, 0x5a,
    0xff, 0xf1, 0xef, 0xff, 0xff, 0x2e, 0xff, 0xff,
    0xf5, 0xaf, 0xff, 0x1e, 0xff, 0xff, 0xf4, 0xef,
    0xff, 0xff, 0x5a, 0xff, 0xf1, 0xef, 0xff, 0xff,
    0x4c, 0xff, 0xff, 0xf5, 0xaf, 0xff, 0x1e, 0xff,
    0xff, 0xf2, 0x8f, 0xff, 0xff, 0x5a, 0xff, 0xf1,
    0xef, 0xff, 0xfe, 0x2, 0xff, 0xfd, 0x71, 0x0,
    0x0, 0x5, 0xaf, 0xff, 0x80, 0x9, 0xff, 0x47,
    0xbe, 0xff, 0xec, 0x93, 0xdf, 0xe1, 0x0, 0xd,
    0xff, 0xff, 0xff, 0xff, 0xff, 0xff, 0xf4, 0x0,
    0x0, 0x1d, 0xff, 0xff, 0xff, 0xff, 0xff, 0xf6,
    0x0, 0x0, 0x0, 0x19, 0xff, 0xff, 0xff, 0xff,
    0xd3, 0x0, 0x0, 0x0, 0x0, 0x2, 0x8c, 0xef,
    0xda, 0x50, 0x0, 0x0, 0x0,

    /* U+264B "♋" */
    0x0, 0x0, 0x0, 0x3, 0x56, 0x52, 0x0, 0x0,
    0x0, 0x0, 0x0, 0x0, 0x8e, 0xff, 0xff, 0xfd,
    0x60, 0x0, 0x0, 0x0, 0x3, 0xef, 0xff, 0xff,
    0xff, 0xff, 0xc1, 0x0, 0x0, 0x3, 0xff, 0xff,
    0xff, 0xff, 0xff, 0xff, 0xd1, 0x0, 0x1, 0xef,
    0xfa, 0x63, 0x12, 0x36, 0xbf, 0xff, 0xc0, 0x0,
    0xaf, 0xd2, 0x0, 0x5d, 0xdb, 0x82, 0x3f, 0xff,
    0x60, 0x2f, 0xf1, 0x6e, 0xd3, 0x7f, 0xff, 0xfa,
    0xff, 0xfd, 0x7, 0xfa, 0x3f, 0xff, 0xe0, 0xef,
    0xfe, 0xef, 0xff, 0xf3, 0xaf, 0x96, 0xff, 0xff,
    0x1d, 0xd2, 0x10, 0x4e, 0xff, 0x6b, 0xfc, 0x1e,
    0xff, 0xa1, 0xf1, 0x8f, 0xf5, 0x4f, 0xf7, 0xbf,
    0xf6, 0x28, 0x70, 0xba, 0x3f, 0xff, 0xf1, 0xdf,
    0x79, 0xff, 0xfb, 0x77, 0xdf, 0xa4, 0xff, 0xff,
    0x2d, 0xf5, 0x5f, 0xff, 0xff, 0xff, 0xfe, 0x1c,
    0xff, 0xa1, 0xff, 0x10, 0xef, 0xfc, 0x2b, 0xff,
    0xfa, 0x15, 0x40, 0xaf, 0xb0, 0x6, 0xff, 0xf9,
    0x10, 0x34, 0x31, 0x3, 0xbf, 0xf2, 0x0, 0xb,
    0xff, 0xff, 0xc9, 0x88, 0xad, 0xff, 0xf7, 0x0,
    0x0, 0xb, 0xff, 0xff, 0xff, 0xff, 0xff, 0xf8,
    0x0, 0x0, 0x0, 0x8, 0xff, 0xff, 0xff, 0xff,
    0xe5, 0x0, 0x0, 0x0, 0x0, 0x1, 0x7c, 0xef,
    0xeb, 0x60, 0x0, 0x0, 0x0,

    /* U+264C "♌" */
    0x0, 0x0, 0x0, 0x0, 0x23, 0x20, 0x0, 0x0,
    0x0, 0x0, 0x0, 0x0, 0x4b, 0xff, 0xff, 0xfa,
    0x30, 0x0, 0x0, 0x0, 0x1, 0xbf, 0xff, 0xff,
    0xff, 0xff, 0x90, 0x0, 0x0, 0x2, 0xef, 0xff,
    0xff, 0xfe, 0xff, 0xff, 0xc0, 0x0, 0x0, 0xdf,
    0xff, 0xff, 0x91, 0x11, 0x7f, 0xff, 0xb0, 0x0,
    0x8f, 0xff, 0xff, 0xa1, 0xcf, 0xe3, 0x7f, 0xff,
    0x60, 0xf, 0xff, 0xff, 0xf4, 0xaf, 0xff, 0xe0,
    0xff, 0xfd, 0x5, 0xff, 0xf7, 0x22, 0xc, 0xff,
    0xff, 0xe, 0xff, 0xf3, 0x9f, 0xf6, 0x3c, 0xc2,
    0x7f, 0xff, 0xa2, 0xff, 0xff, 0x6b, 0xff, 0xe,
    0xff, 0xd1, 0xff, 0xd1, 0xcf, 0xff, 0xf8, 0xaf,
    0xf0, 0xff, 0xfe, 0xf, 0xf4, 0x7f, 0xff, 0xff,
    0x88, 0xff, 0x46, 0xff, 0x55, 0xf9, 0x3f, 0xff,
    0xff, 0xf6, 0x4f, 0xfe, 0x30, 0x4, 0xef, 0x3a,
    0xff, 0xff, 0xff, 0x20, 0xef, 0xff, 0xde, 0xff,
    0xf2, 0xcf, 0xff, 0xff, 0xc0, 0x6, 0xff, 0xff,
    0xff, 0xff, 0x65, 0xc8, 0xef, 0xf3, 0x0, 0xa,
    0xff, 0xff, 0xff, 0xfe, 0x62, 0x5d, 0xf8, 0x0,
    0x0, 0xb, 0xff, 0xff, 0xff, 0xff, 0xff, 0xf9,
    0x0, 0x0, 0x0, 0x7, 0xff, 0xff, 0xff, 0xff,
    0xe6, 0x0, 0x0, 0x0, 0x0, 0x1, 0x7c, 0xef,
    0xeb, 0x60, 0x0, 0x0, 0x0,

    /* U+264D "♍" */
    0x0, 0x0, 0x0, 0x2, 0x45, 0x41, 0x0, 0x0,
    0x0, 0x0, 0x0, 0x0, 0x7d, 0xff, 0xff, 0xfc,
    0x50, 0x0, 0x0, 0x0, 0x2, 0xdf, 0xff, 0xff,
    0xff, 0xff, 0xb1, 0x0, 0x0, 0x3, 0xef, 0xff,
    0xff, 0xff, 0xff, 0xff, 0xd1, 0x0, 0x1, 0xef,
    0xe6, 0x26, 0xd4, 0x39, 0xff, 0xff, 0xc0, 0x0,
    0x9f, 0xf6, 0x5a, 0x20, 0x6a, 0x1b, 0xff, 0xff,
    0x60, 0x1f, 0xff, 0x2d, 0xfa, 0xf, 0xf7, 0x20,
    0xa, 0xfe, 0x6, 0xff, 0xf1, 0xef, 0xb1, 0xff,
    0x92, 0xfb, 0x2f, 0xf3, 0x9f, 0xff, 0x1e, 0xfb,
    0x1f, 0xf9, 0x5f, 0xe0, 0xff, 0x6b, 0xff, 0xf1,
    0xef, 0xb1, 0xff, 0x96, 0xfa, 0x4f, 0xf8, 0xaf,
    0xff, 0x1e, 0xfb, 0x1f, 0xf9, 0x6f, 0x2b, 0xff,
    0x78, 0xff, 0xf1, 0xef, 0xb1, 0xff, 0x95, 0x46,
    0xff, 0xf5, 0x4f, 0xff, 0x1e, 0xfb, 0x1f, 0xfa,
    0x4, 0xff, 0xff, 0x10, 0xef, 0xf3, 0xef, 0xc3,
    0xfd, 0x20, 0xef, 0xff, 0xb0, 0x6, 0xff, 0xff,
    0xff, 0xf9, 0x8, 0x55, 0xff, 0xf3, 0x0, 0xa,
    0xff, 0xff, 0xff, 0xbd, 0xff, 0x58, 0xf8, 0x0,
    0x0, 0xb, 0xff, 0xff, 0xff, 0xff, 0xff, 0xf9,
    0x0, 0x0, 0x0, 0x7, 0xff, 0xff, 0xff, 0xff,
    0xe5, 0x0, 0x0, 0x0, 0x0, 0x1, 0x7c, 0xef,
    0xeb, 0x60, 0x0, 0x0, 0x0,

    /* U+264E "♎" */
    0x0, 0x0, 0x0, 0x0, 0x34, 0x30, 0x0, 0x0,
    0x0, 0x0, 0x0, 0x0, 0x5c, 0xff, 0xff, 0xfc,
    0x50, 0x0, 0x0, 0x0, 0x1, 0xcf, 0xff, 0xff,
    0xff, 0xff, 0xc1, 0x0, 0x0, 0x2, 0xef, 0xff,
    0xff, 0xff, 0xff, 0xff, 0xe2, 0x0, 0x0, 0xdf,
    0xff, 0xf9, 0x32, 0x39, 0xff, 0xff, 0xd0, 0x0,
    0x8f, 0xff, 0xf5, 0x4b, 0xc9, 0x15, 0xff, 0xff,
    0x80, 0x1f, 0xff, 0xfa, 0x4f, 0xff, 0xfc, 0xa,
    0xff, 0xff, 0x5, 0xff, 0xff, 0x6a, 0xff, 0xff,
    0xf4, 0x6f, 0xff, 0xf5, 0x9f, 0xff, 0xf5, 0xbf,
    0xff, 0xff, 0x45, 0xff, 0xff, 0x9b, 0xff, 0xff,
    0x96, 0xff, 0xff, 0xe0, 0xaf, 0xff, 0xfa, 0xaf,
    0xff, 0xed, 0x19, 0xff, 0xf3, 0x4d, 0xef, 0xff,
    0xa8, 0xff, 0xf1, 0x11, 0x6f, 0xff, 0x11, 0x12,
    0xff, 0xf8, 0x4f, 0xff, 0xff, 0xff, 0xff, 0xff,
    0xff, 0xff, 0xff, 0x40, 0xef, 0xf5, 0x44, 0x44,
    0x44, 0x44, 0x45, 0xff, 0xd0, 0x5, 0xff, 0xba,
    0xaa, 0xaa, 0xaa, 0xaa, 0xbf, 0xf5, 0x0, 0xa,
    0xff, 0xff, 0xff, 0xff, 0xff, 0xff, 0xfa, 0x0,
    0x0, 0xa, 0xff, 0xff, 0xff, 0xff, 0xff, 0xfa,
    0x0, 0x0, 0x0, 0x7, 0xff, 0xff, 0xff, 0xff,
    0xf7, 0x0, 0x0, 0x0, 0x0, 0x1, 0x7b, 0xef,
    0xeb, 0x61, 0x0, 0x0, 0x0,

    /* U+264F "♏" */
    0x0, 0x0, 0x0, 0x0, 0x1, 0x0, 0x0, 0x0,
    0x0, 0x0, 0x0, 0x0, 0x39, 0xef, 0xff, 0xe9,
    0x30, 0x0, 0x0, 0x0, 0x0, 0x9f, 0xff, 0xff,
    0xff, 0xff, 0xa0, 0x0, 0x0, 0x1, 0xdf, 0xff,
    0xff, 0xff, 0xff, 0xff, 0xd1, 0x0, 0x0, 0xcf,
    0xfe, 0xcf, 0xfe, 0xcf, 0xff, 0xff, 0xc0, 0x0,
    0x7f, 0xfb, 0x25, 0x16, 0x24, 0x1d, 0xff, 0xff,
    0x80, 0xf, 0xff, 0x3c, 0xf8, 0xe, 0xf6, 0x6f,
    0xff, 0xff, 0x15, 0xff, 0xf1, 0xef, 0xb1, 0xff,
    0x93, 0xff, 0xff, 0xf6, 0x9f, 0xff, 0x1e, 0xfb,
    0x1f, 0xf9, 0x3f, 0xff, 0xff, 0xab, 0xff, 0xf1,
    0xef, 0xb1, 0xff, 0x93, 0xff, 0xff, 0xfb, 0xbf,
    0xff, 0x1e, 0xfb, 0x1f, 0xf9, 0x3f, 0xf9, 0xff,
    0xb9, 0xff, 0xf1, 0xef, 0xb1, 0xff, 0x93, 0xf8,
    0x9, 0xf9, 0x5f, 0xff, 0x1e, 0xfb, 0x1f, 0xfa,
    0x2f, 0xb1, 0xdf, 0x50, 0xef, 0xf3, 0xef, 0xc3,
    0xff, 0xe1, 0x53, 0x6f, 0xe0, 0x6, 0xff, 0xff,
    0xff, 0xff, 0xff, 0xd8, 0x9f, 0xf6, 0x0, 0xb,
    0xff, 0xff, 0xff, 0xff, 0xff, 0xff, 0xfb, 0x0,
    0x0, 0xb, 0xff, 0xff, 0xff, 0xff, 0xff, 0xfb,
    0x0, 0x0, 0x0, 0x7, 0xff, 0xff, 0xff, 0xff,
    0xf7, 0x0, 0x0, 0x0, 0x0, 0x1, 0x7b, 0xef,
    0xec, 0x71, 0x0, 0x0, 0x0,

    /* U+2650 "♐" */
    0x0, 0x0, 0x0, 0x15, 0x77, 0x62, 0x0, 0x0,
    0x0, 0x0, 0x0, 0x2, 0xaf, 0xff, 0xff, 0xfd,
    0x60, 0x0, 0x0, 0x0, 0x5, 0xff, 0xff, 0xff,
    0xff, 0xff, 0xb0, 0x0, 0x0, 0x6, 0xff, 0xff,
    0xff, 0xff, 0xff, 0xff, 0xd0, 0x0, 0x3, 0xff,
    0xff, 0xff, 0xff, 0xff, 0xff, 0xff, 0xa0, 0x0,
    0xcf, 0xff, 0xff, 0xff, 0x11, 0x11, 0x1e, 0xff,
    0x40, 0x4f, 0xff, 0xff, 0xff, 0xfa, 0xa9, 0x0,
    0xef, 0xfb, 0x9, 0xff, 0xff, 0xff, 0xff, 0xff,
    0x35, 0x1e, 0xff, 0xf0, 0xcf, 0xff, 0xfe, 0x9f,
    0xff, 0x35, 0xf1, 0xef, 0xff, 0x3d, 0xff, 0xff,
    0xe2, 0x7f, 0x35, 0xff, 0x1e, 0xff, 0xf5, 0xdf,
    0xff, 0xff, 0xe2, 0x15, 0xff, 0xfb, 0xff, 0xff,
    0x4b, 0xff, 0xff, 0xff, 0x30, 0x7f, 0xff, 0xff,
    0xff, 0xf2, 0x6f, 0xff, 0xff, 0x35, 0xe2, 0x7f,
    0xff, 0xff, 0xfe, 0x1, 0xff, 0xff, 0x35, 0xff,
    0xe6, 0xff, 0xff, 0xff, 0x80, 0x8, 0xff, 0xa5,
    0xff, 0xff, 0xff, 0xff, 0xff, 0xe1, 0x0, 0xc,
    0xff, 0xff, 0xff, 0xff, 0xff, 0xff, 0xf4, 0x0,
    0x0, 0x1c, 0xff, 0xff, 0xff, 0xff, 0xff, 0xf5,
    0x0, 0x0, 0x0, 0x9, 0xff, 0xff, 0xff, 0xff,
    0xd3, 0x0, 0x0, 0x0, 0x0, 0x2, 0x8c, 0xef,
    0xea, 0x50, 0x0, 0x0, 0x0,

    /* U+2651 "♑" */
    0x0, 0x0, 0x0, 0x0, 0x11, 0x0, 0x0, 0x0,
    0x0, 0x0, 0x0, 0x0, 0x3a, 0xef, 0xff, 0xd9,
    0x20, 0x0, 0x0, 0x0, 0x0, 0xaf, 0xff, 0xff,
    0xff, 0xff, 0x80, 0x0, 0x0, 0x1, 0xdf, 0xff,
    0xff, 0xff, 0xff, 0xff, 0xb0, 0x0, 0x0, 0xcf,
    0xff, 0xec, 0xef, 0xff, 0xff, 0xff, 0xa0, 0x0,
    0x7f, 0xf3, 0x61, 0x51, 0xcf, 0xff, 0xff, 0xff,
    0x50, 0xf, 0xff, 0xc0, 0xcf, 0x95, 0xff, 0xff,
    0xff, 0xfd, 0x5, 0xff, 0xff, 0xe, 0xfb, 0x3f,
    0xff, 0xff, 0xff, 0xf3, 0x9f, 0xff, 0xf0, 0xef,
    0xb3, 0xff, 0xff, 0xff, 0xff, 0x6a, 0xff, 0xff,
    0xe, 0xfb, 0x3f, 0xe4, 0x14, 0xff, 0xf8, 0xaf,
    0xff, 0xf0, 0xef, 0xc2, 0xf4, 0x6e, 0x65, 0xff,
    0x88, 0xff, 0xff, 0xe, 0xfe, 0xe, 0xe, 0xfd,
    0x1f, 0xf6, 0x4f, 0xff, 0xf0, 0xef, 0xf4, 0x31,
    0xff, 0x92, 0xff, 0x20, 0xef, 0xff, 0xdf, 0xff,
    0xe3, 0x4, 0x40, 0xbf, 0xc0, 0x6, 0xff, 0xff,
    0xff, 0xff, 0x65, 0x99, 0xdf, 0xf4, 0x0, 0xb,
    0xff, 0xff, 0xb2, 0x43, 0xef, 0xff, 0xf8, 0x0,
    0x0, 0xb, 0xff, 0xff, 0xdc, 0xff, 0xff, 0xf9,
    0x0, 0x0, 0x0, 0x8, 0xff, 0xff, 0xff, 0xff,
    0xe6, 0x0, 0x0, 0x0, 0x0, 0x1, 0x7c, 0xef,
    0xeb, 0x60, 0x0, 0x0, 0x0,

    /* U+2652 "♒" */
    0x0, 0x0, 0x0, 0x1, 0x34, 0x30, 0x0, 0x0,
    0x0, 0x0, 0x0, 0x0, 0x6c, 0xff, 0xff, 0xfb,
    0x40, 0x0, 0x0, 0x0, 0x2, 0xcf, 0xff, 0xff,
    0xff, 0xff, 0xa0, 0x0, 0x0, 0x2, 0xef, 0xff,
    0xff, 0xff, 0xff, 0xff, 0xc0, 0x0, 0x1, 0xef,
    0xff, 0xff, 0xff, 0xff, 0xff, 0xff, 0xb0, 0x0,
    0x9f, 0xe2, 0x4f, 0xf8, 0xb, 0xfe, 0x15, 0xff,
    0x50, 0x1f, 0xf7, 0x53, 0xae, 0x8, 0x3f, 0x66,
    0x2b, 0xfd, 0x6, 0xfe, 0x1d, 0xa3, 0x76, 0xf2,
    0xa0, 0xe9, 0x4f, 0xf2, 0xaf, 0xa5, 0xff, 0x20,
    0xdf, 0xa0, 0x6f, 0xf2, 0xef, 0x6b, 0xff, 0xff,
    0xff, 0xef, 0xff, 0xdf, 0xff, 0xff, 0xf7, 0xbf,
    0xff, 0x9b, 0xff, 0xd8, 0xff, 0xf8, 0xbf, 0xff,
    0x79, 0xff, 0xb1, 0xd, 0xf2, 0x26, 0xf9, 0x11,
    0xef, 0xf5, 0x5f, 0xf3, 0x96, 0x6b, 0x2d, 0xe,
    0x2a, 0x57, 0xff, 0x10, 0xec, 0x1f, 0xd0, 0x29,
    0xf5, 0x32, 0xfd, 0x1f, 0xb0, 0x6, 0xdb, 0xff,
    0x96, 0xff, 0xe5, 0xcf, 0xf9, 0xe3, 0x0, 0xb,
    0xff, 0xff, 0xff, 0xff, 0xff, 0xff, 0xf7, 0x0,
    0x0, 0xb, 0xff, 0xff, 0xff, 0xff, 0xff, 0xf8,
    0x0, 0x0, 0x0, 0x8, 0xff, 0xff, 0xff, 0xff,
    0xe5, 0x0, 0x0, 0x0, 0x0, 0x1, 0x7c, 0xef,
    0xeb, 0x60, 0x0, 0x0, 0x0,

    /* U+2653 "♓" */
    0x0, 0x0, 0x0, 0x15, 0x67, 0x52, 0x0, 0x0,
    0x0, 0x0, 0x0, 0x2, 0xaf, 0xff, 0xff, 0xfd,
    0x50, 0x0, 0x0, 0x0, 0x6, 0xff, 0xff, 0xff,
    0xff, 0xff, 0xb0, 0x0, 0x0, 0x8, 0xff, 0xff,
    0xff, 0xff, 0xff, 0xff, 0xd0, 0x0, 0x4, 0xff,
    0x6c, 0xff, 0xff, 0xff, 0xf5, 0xdf, 0xa0, 0x0,
    0xdf, 0xfa, 0x1e, 0xff, 0xff, 0xf7, 0x4f, 0xff,
    0x30, 0x5f, 0xff, 0xf6, 0x6f, 0xff, 0xfe, 0xe,
    0xff, 0xfb, 0xa, 0xff, 0xff, 0xc1, 0xff, 0xff,
    0x85, 0xff, 0xff, 0xf0, 0xdf, 0xff, 0xff, 0xe,
    0xff, 0xf5, 0x9f, 0xff, 0xff, 0x3e, 0xff, 0x70,
    0x0, 0x0, 0x0, 0x0, 0x0, 0xff, 0xf5, 0xdf,
    0xfd, 0xbb, 0x9, 0xbb, 0xb3, 0x6b, 0xbf, 0xff,
    0x4b, 0xff, 0xff, 0xe0, 0xff, 0xff, 0x77, 0xff,
    0xff, 0xf3, 0x7f, 0xff, 0xf8, 0x5f, 0xff, 0xfc,
    0x2f, 0xff, 0xfe, 0x1, 0xff, 0xfe, 0x1c, 0xff,
    0xff, 0xf3, 0x8f, 0xff, 0x90, 0x8, 0xff, 0x38,
    0xff, 0xff, 0xff, 0xd1, 0xcf, 0xf1, 0x0, 0xc,
    0xfe, 0xff, 0xff, 0xff, 0xff, 0xef, 0xf5, 0x0,
    0x0, 0x1c, 0xff, 0xff, 0xff, 0xff, 0xff, 0xf7,
    0x0, 0x0, 0x0, 0x9, 0xff, 0xff, 0xff, 0xff,
    0xe4, 0x0, 0x0, 0x0, 0x0, 0x2, 0x8c, 0xef,
    0xdb, 0x60, 0x0, 0x0, 0x0,

    /* U+265F "♟" */
    0x0, 0x0, 0x1, 0x31, 0x0, 0x0, 0x0, 0x0,
    0x8, 0xff, 0xf6, 0x0, 0x0, 0x0, 0x3, 0xfb,
    0xaf, 0xf1, 0x0, 0x0, 0x0, 0x7f, 0x6f, 0xff,
    0x40, 0x0, 0x0, 0x5, 0xff, 0xff, 0xf3, 0x0,
    0x0, 0x0, 0x1f, 0xff, 0xfe, 0x0, 0x0, 0x0,
    0xa, 0xac, 0xdb, 0xb8, 0x0, 0x0, 0x0, 0x8d,
    0x98, 0x9e, 0x60, 0x0, 0x0, 0x0, 0x8f, 0xff,
    0x60, 0x0, 0x0, 0x0, 0x9, 0xff, 0xf6, 0x0,
    0x0, 0x0, 0x0, 0xdf, 0xff, 0xa0, 0x0, 0x0,
    0x0, 0x8f, 0xff, 0xff, 0x60, 0x0, 0x0, 0x5c,
    0x57, 0x76, 0x5d, 0x20, 0x0, 0x2f, 0xff, 0xed,
    0xef, 0xfe, 0x10, 0x9, 0x9c, 0xff, 0xff, 0xfb,
    0xa7, 0x0, 0xce, 0x85, 0x55, 0x55, 0x9f, 0x90,
    0x3f, 0xcb, 0xff, 0xff, 0xff, 0xff, 0x10, 0xde,
    0x95, 0x5e, 0xff, 0xff, 0xc0, 0x0, 0x6b, 0xef,
    0xfe, 0xda, 0x50, 0x0,

    /* U+2660 "♠" */
    0x0, 0x0, 0x0, 0x0, 0x10, 0x0, 0x0, 0x0,
    0x0, 0x0, 0x0, 0x0, 0x7f, 0x50, 0x0, 0x0,
    0x0, 0x0, 0x0, 0x0, 0x8f, 0xff, 0x50, 0x0,
    0x0, 0x0, 0x0, 0x0, 0x9f, 0xff, 0xff, 0x60,
    0x0, 0x0, 0x0, 0x0, 0x8f, 0xff, 0xff, 0xff,
    0x60, 0x0, 0x0, 0x0, 0x7f, 0xff, 0xff, 0xff,
    0xff, 0x50, 0x0, 0x0, 0x5f, 0xff, 0xff, 0xff,
    0xff, 0xff, 0x30, 0x0, 0x2f, 0xff, 0xff, 0xff,
    0xff, 0xff, 0xfd, 0x0, 0xc, 0xff, 0xff, 0xff,
    0xff, 0xff, 0xff, 0xf9, 0x4, 0xff, 0xff, 0xff,
    0xff, 0xff, 0xff, 0xff, 0xf1, 0x9f, 0xff, 0xff,
    0xff, 0xff, 0xff, 0xff, 0xff, 0x6b, 0xff, 0xff,
    0xff, 0xff, 0xff, 0xff, 0xff, 0xf8, 0xaf, 0xff,
    0xff, 0xff, 0xff, 0xff, 0xff, 0xff, 0x74, 0xff,
    0xff, 0xff, 0xff, 0xff, 0xff, 0xff, 0xf1, 0x5,
    0xef, 0xfe, 0x6c, 0xf9, 0x8f, 0xff, 0xd3, 0x0,
    0x0, 0x22, 0x4, 0xff, 0xe2, 0x2, 0x20, 0x0,
    0x0, 0x0, 0x8, 0xff, 0xff, 0xe6, 0x0, 0x0,
    0x0, 0x0, 0x4e, 0xff, 0xff, 0xff, 0xfd, 0x20,
    0x0, 0x0, 0xa, 0xff, 0xff, 0xff, 0xff, 0xf7,
    0x0, 0x0,

    /* U+2663 "♣" */
    0x0, 0x0, 0x0, 0x0, 0x24, 0x20, 0x0, 0x0,
    0x0, 0x0, 0x0, 0x0, 0x3, 0xdf, 0xff, 0xc2,
    0x0, 0x0, 0x0, 0x0, 0x0, 0x2, 0xff, 0xff,
    0xff, 0xd0, 0x0, 0x0, 0x0, 0x0, 0x0, 0x9f,
    0xff, 0xff, 0xff, 0x70, 0x0, 0x0, 0x0, 0x0,
    0xd, 0xff, 0xff, 0xff, 0xfb, 0x0, 0x0, 0x0,
    0x0, 0x0, 0xdf, 0xff, 0xff, 0xff, 0xb0, 0x0,
    0x0, 0x0, 0x0, 0x9, 0xff, 0xff, 0xff, 0xf6,
    0x0, 0x0, 0x0, 0x2, 0x9c, 0xdf, 0xff, 0xff,
    0xff, 0xdc, 0x81, 0x0, 0x4, 0xff, 0xff, 0xff,
    0xff, 0xff, 0xff, 0xff, 0xe2, 0x0, 0xef, 0xff,
    0xff, 0xff, 0xff, 0xff, 0xff, 0xff, 0xc0, 0x3f,
    0xff, 0xff, 0xff, 0xff, 0xff, 0xff, 0xff, 0xff,
    0x15, 0xff, 0xff, 0xff, 0xff, 0xff, 0xff, 0xff,
    0xff, 0xf2, 0x2f, 0xff, 0xff, 0xff, 0xff, 0xff,
    0xff, 0xff, 0xff, 0x0, 0xbf, 0xff, 0xff, 0xff,
    0xff, 0xff, 0xff, 0xff, 0x80, 0x0, 0xaf, 0xff,
    0xfd, 0xff, 0xfd, 0xff, 0xff, 0x80, 0x0, 0x0,
    0x25, 0x64, 0xbf, 0xff, 0x94, 0x65, 0x10, 0x0,
    0x0, 0x0, 0x6, 0xef, 0xff, 0xff, 0xd5, 0x0,
    0x0, 0x0, 0x0, 0xc, 0xff, 0xff, 0xff, 0xff,
    0xfa, 0x0, 0x0, 0x0, 0x0, 0xdf, 0xff, 0xff,
    0xff, 0xff, 0xb0, 0x0, 0x0,

    /* U+2665 "♥" */
    0x0, 0x0, 0x24, 0x20, 0x0, 0x0, 0x0, 0x34,
    0x20, 0x0, 0x0, 0x4, 0xdf, 0xff, 0xd5, 0x0,
    0x7, 0xef, 0xff, 0xc2, 0x0, 0x5, 0xff, 0xff,
    0xff, 0xf6, 0xa, 0xff, 0xff, 0xff, 0xf2, 0x0,
    0xef, 0xff, 0xff, 0xff, 0xf8, 0xff, 0xff, 0xff,
    0xff, 0xb0, 0x4f, 0xff, 0xff, 0xff, 0xff, 0xff,
    0xff, 0xff, 0xff, 0xff, 0x16, 0xff, 0xff, 0xff,
    0xff, 0xff, 0xff, 0xff, 0xff, 0xff, 0xf3, 0x6f,
    0xff, 0xff, 0xff, 0xff, 0xff, 0xff, 0xff, 0xff,
    0xff, 0x23, 0xff, 0xff, 0xff, 0xff, 0xff, 0xff,
    0xff, 0xff, 0xff, 0xf0, 0xe, 0xff, 0xff, 0xff,
    0xff, 0xff, 0xff, 0xff, 0xff, 0xfb, 0x0, 0x8f,
    0xff, 0xff, 0xff, 0xff, 0xff, 0xff, 0xff, 0xff,
    0x50, 0x1, 0xef, 0xff, 0xff, 0xff, 0xff, 0xff,
    0xff, 0xff, 0xc0, 0x0, 0x5, 0xff, 0xff, 0xff,
    0xff, 0xff, 0xff, 0xff, 0xf2, 0x0, 0x0, 0x9,
    0xff, 0xff, 0xff, 0xff, 0xff, 0xff, 0xf6, 0x0,
    0x0, 0x0, 0xb, 0xff, 0xff, 0xff, 0xff, 0xff,
    0xf8, 0x0, 0x0, 0x0, 0x0, 0xc, 0xff, 0xff,
    0xff, 0xff, 0xf9, 0x0, 0x0, 0x0, 0x0, 0x0,
    0xb, 0xff, 0xff, 0xff, 0xf8, 0x0, 0x0, 0x0,
    0x0, 0x0, 0x0, 0xa, 0xff, 0xff, 0xf7, 0x0,
    0x0, 0x0, 0x0, 0x0, 0x0, 0x0, 0x7, 0xff,
    0xf4, 0x0, 0x0, 0x0, 0x0, 0x0, 0x0, 0x0,
    0x0, 0x4, 0xc2, 0x0, 0x0, 0x0, 0x0, 0x0,

    /* U+2666 "♦" */
    0x0, 0x0, 0x0, 0x3, 0x0, 0x0, 0x0, 0x0,
    0x0, 0x0, 0xa, 0xf8, 0x0, 0x0, 0x0, 0x0,
    0x0, 0x6, 0xff, 0xf4, 0x0, 0x0, 0x0, 0x0,
    0x2, 0xff, 0xff, 0xe1, 0x0, 0x0, 0x0, 0x0,
    0xdf, 0xff, 0xff, 0xb0, 0x0, 0x0, 0x0, 0x8f,
    0xff, 0xff, 0xff, 0x60, 0x0, 0x0, 0x4f, 0xff,
    0xff, 0xff, 0xff, 0x20, 0x0, 0x1e, 0xff, 0xff,
    0xff, 0xff, 0xfd, 0x0, 0xb, 0xff, 0xff, 0xff,
    0xff, 0xff, 0xf8, 0x3, 0xff, 0xff, 0xff, 0xff,
    0xff, 0xff, 0xf1, 0x2f, 0xff, 0xff, 0xff, 0xff,
    0xff, 0xfe, 0x0, 0x7f, 0xff, 0xff, 0xff, 0xff,
    0xff, 0x50, 0x0, 0xcf, 0xff, 0xff, 0xff, 0xff,
    0xa0, 0x0, 0x1, 0xef, 0xff, 0xff, 0xff, 0xd0,
    0x0, 0x0, 0x5, 0xff, 0xff, 0xff, 0xf3, 0x0,
    0x0, 0x0, 0x9, 0xff, 0xff, 0xf7, 0x0, 0x0,
    0x0, 0x0, 0xd, 0xff, 0xfc, 0x0, 0x0, 0x0,
    0x0, 0x0, 0x3f, 0xfe, 0x10, 0x0, 0x0, 0x0,
    0x0, 0x0, 0x6e, 0x40, 0x0, 0x0, 0x0,

    /* U+2668 "♨" */
    0x0, 0x0, 0x0, 0x0, 0x3, 0x10, 0x0, 0x0,
    0x0, 0x0, 0x0, 0x0, 0x0, 0x6, 0xf4, 0x0,
    0x0, 0x0, 0x0, 0x0, 0x0, 0x5e, 0x4, 0xff,
    0x20, 0x6, 0xe0, 0x0, 0x0, 0x0, 0x4f, 0xe0,
    0xcf, 0xf2, 0x6, 0xfc, 0x0, 0x0, 0x0, 0xc,
    0xfd, 0xf, 0xff, 0x40, 0xef, 0xc0, 0x0, 0x0,
    0x0, 0xff, 0xf0, 0xef, 0xf7, 0x2f, 0xfe, 0x0,
    0x0, 0x0, 0xe, 0xff, 0x3c, 0xff, 0xb1, 0xff,
    0xf1, 0x0, 0x0, 0x0, 0xbf, 0xf7, 0x7f, 0xff,
    0xe, 0xff, 0x50, 0x0, 0x0, 0x7, 0xff, 0xa3,
    0xff, 0xf2, 0x9f, 0xf8, 0x0, 0x0, 0x0, 0x4f,
    0xfa, 0xf, 0xff, 0x6, 0xff, 0x90, 0x0, 0x6,
    0x82, 0xff, 0x60, 0xff, 0xb0, 0x4f, 0xf5, 0x95,
    0x4, 0xf6, 0x3f, 0xc0, 0x2f, 0xe1, 0x5, 0xfb,
    0x6, 0xf3, 0xcf, 0x74, 0xa0, 0x3, 0xa1, 0x0,
    0x69, 0x0, 0x8f, 0xbf, 0xfd, 0x0, 0x0, 0x0,
    0x0, 0x0, 0x0, 0xe, 0xfe, 0xdf, 0xfb, 0x0,
    0x0, 0x0, 0x0, 0x0, 0x1b, 0xff, 0xc6, 0xff,
    0xfe, 0x83, 0x0, 0x0, 0x3, 0x8e, 0xff, 0xf5,
    0x9, 0xff, 0xff, 0xff, 0xfe, 0xff, 0xff, 0xff,
    0xf8, 0x0, 0x5, 0xdf, 0xff, 0xff, 0xff, 0xff,
    0xff, 0xd5, 0x0, 0x0, 0x0, 0x49, 0xce, 0xff,
    0xfe, 0xc8, 0x40, 0x0, 0x0,

    /* U+267B "♻" */
    0x0, 0x0, 0x0, 0x0, 0x11, 0x11, 0x10, 0x0,
    0x0, 0x0, 0x0, 0x0, 0x0, 0x7, 0xaf, 0xda,
    0xaa, 0xc2, 0x1, 0x0, 0x0, 0x0, 0x0, 0x4,
    0x70, 0xc, 0x50, 0x1, 0xbb, 0xb0, 0x0, 0x0,
    0x0, 0x0, 0xa0, 0x0, 0xcb, 0x20, 0x3, 0x95,
    0x0, 0x0, 0x0, 0x0, 0x47, 0x0, 0x67, 0x1b,
    0x0, 0xa, 0x10, 0x0, 0x0, 0x0, 0x8, 0x91,
    0xc, 0x9, 0xf3, 0x0, 0xc0, 0x0, 0x0, 0x0,
    0x0, 0x3, 0xab, 0x80, 0x57, 0x9a, 0xb7, 0x0,
    0x0, 0x0, 0x0, 0x36, 0x60, 0x21, 0x0, 0x0,
    0x0, 0x2, 0xb4, 0x0, 0x3f, 0xa7, 0x4b, 0x0,
    0x0, 0x0, 0x0, 0x8, 0xa2, 0xb0, 0x0, 0x6b,
    0x0, 0x65, 0x0, 0x0, 0x0, 0x3, 0xa0, 0x5,
    0x60, 0x7, 0x50, 0x2, 0xa0, 0x0, 0x0, 0x0,
    0x9, 0x20, 0xb, 0x0, 0xb0, 0x1, 0xdf, 0x0,
    0x0, 0x0, 0x5, 0x19, 0x0, 0xb0, 0x9, 0x30,
    0x93, 0x10, 0x0, 0x0, 0xb, 0xe2, 0xa7, 0x9b,
    0x0, 0x2b, 0x2f, 0xaa, 0xaa, 0x0, 0xb, 0x38,
    0x88, 0x8e, 0x20, 0x0, 0xab, 0x40, 0x0, 0xa1,
    0xa, 0x30, 0x0, 0x6, 0x80, 0x0, 0x2, 0xf0,
    0x0, 0xa, 0x11, 0xc1, 0x0, 0x1, 0xc0, 0x0,
    0x0, 0xa, 0x40, 0x0, 0xa1, 0x3, 0xb0, 0x77,
    0xc3, 0x0, 0x0, 0x0, 0x1a, 0xbb, 0xbd, 0x10,
    0x4, 0xac, 0x41, 0x0, 0x0, 0x0, 0x0, 0x0,
    0x0, 0x0, 0x0, 0x5, 0xe0, 0x0, 0x0, 0x0,

    /* U+267E "♾" */
    0x4, 0x44, 0x44, 0x44, 0x44, 0x44, 0x44, 0x44,
    0x41, 0xb, 0xff, 0xff, 0xff, 0xff, 0xff, 0xff,
    0xff, 0xff, 0xf1, 0xef, 0xff, 0xff, 0xff, 0xff,
    0xff, 0xff, 0xff, 0xff, 0x4e, 0xff, 0xff, 0xff,
    0xff, 0xff, 0xff, 0xff, 0xff, 0xf4, 0xef, 0xff,
    0xff, 0xff, 0xff, 0xff, 0xff, 0xff, 0xff, 0x4e,
    0xff, 0xff, 0xff, 0xff, 0xff, 0xff, 0xff, 0xff,
    0xf4, 0xef, 0xff, 0xff, 0xff, 0xff, 0xff, 0xff,
    0xff, 0xff, 0x4e, 0xff, 0xb2, 0x14, 0xcf, 0xff,
    0x72, 0x26, 0xff, 0xf4, 0xef, 0xc2, 0xdf, 0xc2,
    0xaf, 0x38, 0xff, 0x76, 0xff, 0x4e, 0xf6, 0xbf,
    0xff, 0xe2, 0x39, 0xff, 0xff, 0x2f, 0xf4, 0xef,
    0x5c, 0xff, 0xff, 0x51, 0xcf, 0xff, 0xf3, 0xff,
    0x4e, 0xfa, 0x4f, 0xff, 0x56, 0xd2, 0xcf, 0xfb,
    0x4f, 0xf4, 0xef, 0xf7, 0x25, 0x28, 0xff, 0xd3,
    0x44, 0x3e, 0xff, 0x4e, 0xff, 0xfe, 0xcf, 0xff,
    0xff, 0xfd, 0xdf, 0xff, 0xf4, 0xef, 0xff, 0xff,
    0xff, 0xff, 0xff, 0xff, 0xff, 0xff, 0x4e, 0xff,
    0xff, 0xff, 0xff, 0xff, 0xff, 0xff, 0xff, 0xf4,
    0xef, 0xff, 0xff, 0xff, 0xff, 0xff, 0xff, 0xff,
    0xff, 0x4e, 0xff, 0xff, 0xff, 0xff, 0xff, 0xff,
    0xff, 0xff, 0xf4, 0x7f, 0xff, 0xff, 0xff, 0xff,
    0xff, 0xff, 0xff, 0xfc, 0x0,

    /* U+267F "♿" */
    0x2, 0x33, 0x33, 0x33, 0x33, 0x33, 0x33, 0x33,
    0x20, 0xa, 0xff, 0xff, 0xff, 0xff, 0xff, 0xff,
    0xff, 0xff, 0xd0, 0xef, 0xff, 0xff, 0xff, 0xff,
    0xff, 0xff, 0xff, 0xff, 0x2e, 0xff, 0xff, 0xff,
    0xbe, 0xff, 0xe1, 0x2f, 0xff, 0xf2, 0xef, 0xff,
    0xff, 0x60, 0x8, 0xfc, 0x0, 0xef, 0xff, 0x2e,
    0xff, 0xff, 0x60, 0x65, 0x2, 0xba, 0xbf, 0xff,
    0xf2, 0xef, 0xff, 0xf9, 0xaf, 0x90, 0x0, 0xff,
    0xff, 0xff, 0x2e, 0xff, 0xff, 0xff, 0xb0, 0x0,
    0x6f, 0xff, 0xff, 0xf2, 0xef, 0xff, 0xfd, 0x70,
    0x0, 0x3e, 0xee, 0xff, 0xff, 0x2e, 0xff, 0xff,
    0x21, 0x53, 0x0, 0x0, 0x1f, 0xff, 0xf2, 0xef,
    0xff, 0x3c, 0xff, 0xf9, 0x5, 0x21, 0xff, 0xff,
    0x2e, 0xff, 0xa0, 0xef, 0xff, 0xf3, 0x74, 0x3f,
    0xff, 0xf2, 0xef, 0xf8, 0xf, 0xff, 0xff, 0x57,
    0x34, 0xff, 0xff, 0x2e, 0xff, 0xb0, 0xcf, 0xff,
    0xf2, 0x92, 0x5f, 0xff, 0xf2, 0xef, 0xff, 0x21,
    0xdf, 0xec, 0x2e, 0x9c, 0xff, 0xff, 0x2e, 0xff,
    0xfd, 0x20, 0x10, 0x2f, 0xff, 0xff, 0xff, 0xf2,
    0xef, 0xff, 0xff, 0xa8, 0x9e, 0xff, 0xff, 0xff,
    0xff, 0x2e, 0xff, 0xff, 0xff, 0xff, 0xff, 0xff,
    0xff, 0xff, 0xf1, 0x7f, 0xff, 0xff, 0xff, 0xff,
    0xff, 0xff, 0xff, 0xfa, 0x0,

    /* U+2692 "⚒" */
    0x0, 0x0, 0x0, 0x0, 0x0, 0x0, 0x0, 0x0,
    0x0, 0x0, 0x0, 0x0, 0x1, 0xbb, 0x70, 0x0,
    0x2b, 0xc9, 0x20, 0x0, 0x0, 0x0, 0x39, 0xb2,
    0x8, 0x70, 0x5d, 0x20, 0x2a, 0x80, 0x0, 0x0,
    0x1f, 0xe1, 0x0, 0xc, 0x1, 0x6b, 0x70, 0x5,
    0xa0, 0x0, 0x2, 0xd1, 0x0, 0x3, 0xa0, 0x0,
    0xb, 0x50, 0x4, 0x80, 0x2, 0xb1, 0x0, 0x4,
    0xe0, 0x0, 0x6, 0x80, 0x1, 0x8, 0x40, 0xa1,
    0x0, 0x4, 0xbb, 0x30, 0x1, 0xfc, 0x16, 0xd5,
    0xb, 0x8, 0x50, 0x4, 0xf2, 0xa, 0x41, 0xc2,
    0x3f, 0x80, 0xa4, 0x64, 0xa, 0x66, 0xa2, 0xb1,
    0xb, 0xe2, 0xa, 0x40, 0x0, 0xc3, 0x80, 0x6,
    0x60, 0x2, 0xb2, 0xc2, 0x8, 0x60, 0x0, 0x2,
    0xc8, 0x0, 0x0, 0x0, 0x4, 0xf2, 0x9, 0xc0,
    0x0, 0x0, 0x0, 0x0, 0x0, 0x0, 0x1, 0xb2,
    0x4, 0xaa, 0x40, 0x0, 0x0, 0x0, 0x0, 0x0,
    0x1, 0xb2, 0x3, 0xf0, 0xa, 0x40, 0x0, 0x0,
    0x0, 0x0, 0x1, 0xb2, 0x2, 0xb9, 0x50, 0xb,
    0x40, 0x0, 0x0, 0x0, 0x1, 0xb3, 0x1, 0xb1,
    0xa, 0x40, 0xb, 0x40, 0x0, 0x0, 0x1, 0xb3,
    0x0, 0xb3, 0x0, 0xb, 0x20, 0xb, 0x40, 0x0,
    0x0, 0x93, 0x0, 0xa4, 0x0, 0x0, 0x1b, 0x10,
    0xc, 0x0, 0x0, 0x6, 0x70, 0x86, 0x0, 0x0,
    0x0, 0x2b, 0x4, 0xa0, 0x0, 0x0, 0x7, 0xc7,
    0x0, 0x0, 0x0, 0x0, 0x3c, 0xa0, 0x0, 0x0,

    /* U+2693 "⚓" */
    0x0, 0x0, 0x0, 0x0, 0x14, 0x10, 0x0, 0x0,
    0x0, 0x0, 0x0, 0x0, 0x0, 0x3a, 0x59, 0x40,
    0x0, 0x0, 0x0, 0x0, 0x0, 0x0, 0xb, 0x49,
    0x69, 0x0, 0x0, 0x0, 0x0, 0x0, 0x0, 0x0,
    0xa7, 0x29, 0x80, 0x0, 0x0, 0x0, 0x0, 0x0,
    0x0, 0x9, 0x47, 0x4a, 0x0, 0x0, 0x0, 0x0,
    0x0, 0x0, 0x0, 0xa, 0x3d, 0x10, 0x0, 0x0,
    0x0, 0x0, 0x0, 0x0, 0x0, 0x73, 0xb0, 0x0,
    0x0, 0x0, 0x0, 0x0, 0x0, 0x5, 0xac, 0x1b,
    0xa6, 0x0, 0x0, 0x0, 0x0, 0x0, 0x0, 0xc6,
    0x20, 0x15, 0xd0, 0x0, 0x0, 0x0, 0x0, 0x0,
    0x1, 0x6d, 0xb, 0x72, 0x0, 0x0, 0x0, 0xa,
    0xb1, 0x0, 0x0, 0xb0, 0x91, 0x0, 0x0, 0xab,
    0x0, 0xa3, 0xb0, 0x0, 0xb, 0x8, 0x20, 0x0,
    0xa4, 0xa0, 0xa, 0x4, 0xa0, 0x0, 0xb0, 0x73,
    0x0, 0x95, 0xa, 0x0, 0xb0, 0x1d, 0x10, 0xa,
    0x6, 0x40, 0x1d, 0x20, 0xa0, 0x7, 0xd1, 0x7a,
    0x21, 0x90, 0x55, 0x19, 0x80, 0xc8, 0x0, 0x3,
    0xa0, 0x29, 0xb5, 0x1, 0xba, 0x30, 0x94, 0x0,
    0x0, 0x6, 0xa0, 0x0, 0x0, 0x0, 0x0, 0x97,
    0x0, 0x0, 0x0, 0x4, 0xb5, 0x0, 0x0, 0x5,
    0xb5, 0x0, 0x0, 0x0, 0x0, 0x0, 0x6a, 0xbb,
    0xba, 0x60, 0x0, 0x0, 0x0,

    /* U+2694 "⚔" */
    0x0, 0x0, 0x0, 0x0, 0x0, 0x0, 0x0, 0x0,
    0x0, 0x4, 0xfb, 0x50, 0x0, 0x0, 0x0, 0x0,
    0x0, 0x6b, 0xf4, 0x1d, 0x97, 0xc1, 0x0, 0x0,
    0x0, 0x2, 0xc6, 0x9d, 0x10, 0xb4, 0x82, 0xc1,
    0x0, 0x0, 0x2, 0xc2, 0x94, 0xb0, 0x3, 0xa2,
    0x82, 0xc1, 0x0, 0x2, 0xc2, 0x92, 0xb3, 0x0,
    0x6, 0x82, 0x92, 0xc1, 0x2, 0xc2, 0x92, 0x86,
    0x0, 0x0, 0x7, 0x82, 0x92, 0xb4, 0xc1, 0x92,
    0x86, 0x0, 0x0, 0x0, 0x7, 0x82, 0x94, 0xf1,
    0x92, 0x86, 0x0, 0x0, 0x0, 0x0, 0x7, 0x85,
    0xf1, 0x92, 0x86, 0x0, 0x0, 0x0, 0x0, 0x0,
    0xa, 0xe1, 0x92, 0xba, 0x0, 0x0, 0x0, 0x0,
    0x0, 0x2, 0xb1, 0x92, 0xb9, 0xb3, 0x0, 0x0,
    0x0, 0x7a, 0x23, 0xb1, 0x92, 0xb8, 0x92, 0xb2,
    0x3a, 0x60, 0x3, 0x9a, 0xf1, 0x92, 0x8d, 0xa1,
    0x92, 0xf9, 0x92, 0x0, 0x5, 0x79, 0xc2, 0x87,
    0x5, 0xb1, 0xd8, 0x75, 0x0, 0x0, 0x5f, 0x68,
    0xb7, 0x0, 0x4, 0xf8, 0x6f, 0x40, 0x0, 0x3d,
    0x9f, 0x6a, 0x20, 0x0, 0x39, 0x6f, 0x9d, 0x30,
    0x8f, 0x9c, 0x65, 0x8a, 0x0, 0xa, 0x85, 0x6c,
    0xaf, 0x7a, 0x7f, 0x40, 0x3, 0x70, 0x0, 0x72,
    0x0, 0x4f, 0x7a, 0x2b, 0x80, 0x0, 0x0, 0x0,
    0x0, 0x0, 0x0, 0x9a, 0x10,

    /* U+2695 "⚕" */
    0x0, 0x0, 0x0, 0x1, 0x30, 0x0, 0x0, 0x0,
    0x0, 0x0, 0x1, 0xef, 0x70, 0x0, 0x0, 0x6,
    0xdd, 0xc3, 0x3f, 0xfb, 0x0, 0x0, 0x4, 0xff,
    0xec, 0x40, 0xaf, 0x30, 0x0, 0x0, 0x7f, 0x84,
    0x30, 0x2, 0x90, 0x0, 0x0, 0x2, 0xff, 0xdb,
    0xbb, 0xdf, 0xba, 0x96, 0x0, 0x1, 0x8c, 0xef,
    0xff, 0xff, 0xff, 0xfb, 0x0, 0x0, 0x0, 0x0,
    0x29, 0x0, 0x1e, 0xf0, 0x0, 0x3b, 0xef, 0xff,
    0xff, 0xff, 0xfa, 0x0, 0xd, 0xfc, 0xaa, 0xcf,
    0xa9, 0x84, 0x0, 0x0, 0xdf, 0xc8, 0x66, 0xb0,
    0x0, 0x0, 0x0, 0x2, 0xbf, 0xff, 0xff, 0xfd,
    0x92, 0x0, 0x0, 0x0, 0x2, 0x48, 0xfa, 0xdf,
    0xf1, 0x0, 0x0, 0x1, 0x34, 0x6d, 0x45, 0xef,
    0x20, 0x0, 0x4, 0xff, 0xff, 0xff, 0xff, 0x80,
    0x0, 0x0, 0x9f, 0x71, 0x3b, 0x21, 0x0, 0x0,
    0x0, 0x2, 0xdf, 0xee, 0xf7, 0x30, 0x0, 0x0,
    0x0, 0x0, 0x14, 0x9f, 0xbf, 0x80, 0x0, 0x0,
    0x0, 0x0, 0x1, 0x90, 0x6, 0x0, 0x0,

    /* U+2696 "⚖" */
    0x0, 0x0, 0x0, 0x0, 0x0, 0x41, 0x0, 0x0,
    0x0, 0x0, 0x0, 0x0, 0x0, 0x0, 0x0, 0x69,
    0xa0, 0x0, 0x0, 0x0, 0x0, 0x0, 0x2, 0x20,
    0x0, 0x8, 0xfe, 0x0, 0x0, 0x22, 0x0, 0x0,
    0x4, 0xbc, 0x30, 0x49, 0xf0, 0xda, 0x40, 0x5b,
    0xc2, 0x0, 0x0, 0x75, 0x8f, 0xb7, 0x5b, 0x6,
    0x86, 0xbf, 0x58, 0x50, 0x0, 0x2, 0xff, 0x87,
    0xbc, 0xd2, 0x9d, 0xc7, 0xbf, 0xf0, 0x0, 0x0,
    0x4d, 0xe6, 0x51, 0x9, 0xcf, 0x1, 0x48, 0xed,
    0x20, 0x0, 0x9, 0x99, 0x60, 0x0, 0x64, 0xb0,
    0x0, 0x99, 0x96, 0x0, 0x0, 0xb6, 0x5a, 0x0,
    0x6, 0x4b, 0x0, 0xb, 0x75, 0xa0, 0x0, 0x29,
    0x64, 0xa0, 0x0, 0x64, 0xb0, 0x2, 0x87, 0x4a,
    0x0, 0x6, 0x46, 0x46, 0x40, 0x6, 0x4b, 0x0,
    0x74, 0x74, 0x64, 0x0, 0xb0, 0x64, 0x29, 0x0,
    0x64, 0xb0, 0xb, 0x7, 0x42, 0x90, 0xa, 0x6,
    0x40, 0xb0, 0x6, 0x4b, 0x0, 0xa0, 0x74, 0xb,
    0x4, 0xee, 0xff, 0xee, 0x20, 0xca, 0xf0, 0x4e,
    0xef, 0xfe, 0xe1, 0x2d, 0x44, 0x44, 0xe1, 0xc,
    0x49, 0x32, 0xd4, 0x44, 0x4e, 0x0, 0x5b, 0xbb,
    0xa3, 0x2, 0x90, 0x45, 0x5, 0xbb, 0xba, 0x30,
    0x0, 0x0, 0x0, 0x18, 0x92, 0x0, 0x98, 0x10,
    0x0, 0x0, 0x0, 0x0, 0x0, 0xb, 0x10, 0x0,
    0x0, 0x3a, 0x0, 0x0, 0x0, 0x0, 0x0, 0x0,
    0x6b, 0xbb, 0xbb, 0xbb, 0x40, 0x0, 0x0, 0x0,

    /* U+2697 "⚗" */
    0x0, 0x0, 0x0, 0x0, 0x0, 0x0, 0x0, 0x0,
    0x0, 0x0, 0x0, 0x6, 0xbb, 0xab, 0xb8, 0x30,
    0x0, 0x0, 0x0, 0x0, 0x1b, 0x60, 0x0, 0x0,
    0x39, 0xb5, 0x0, 0x0, 0x0, 0xb, 0x20, 0x0,
    0x0, 0x0, 0x0, 0x7c, 0x60, 0x0, 0x7, 0x50,
    0x0, 0x0, 0x0, 0x0, 0x0, 0x6, 0xb7, 0x0,
    0xb0, 0x0, 0x0, 0x0, 0x0, 0x0, 0x0, 0x0,
    0x59, 0x19, 0x19, 0xcd, 0xde, 0xdd, 0xb7, 0x5,
    0x30, 0x1, 0x92, 0x82, 0x21, 0x22, 0x32, 0x21,
    0x30, 0xc7, 0xaa, 0xb3, 0x7c, 0xbf, 0xff, 0xee,
    0xff, 0xff, 0x7e, 0x60, 0x0, 0x7, 0x52, 0x47,
    0x9b, 0xcb, 0x96, 0x42, 0x66, 0x0, 0x0, 0x7,
    0xf8, 0x4f, 0xff, 0xff, 0x49, 0xf3, 0x0, 0x0,
    0x0, 0xf, 0x4c, 0xdf, 0xff, 0xec, 0x5a, 0x0,
    0x0, 0x0, 0x0, 0xb3, 0xf3, 0x12, 0x15, 0xf2,
    0xa0, 0x0, 0x0, 0x0, 0x37, 0x95, 0x8f, 0xce,
    0x75, 0x88, 0x20, 0x0, 0x0, 0x9, 0x2b, 0x0,
    0xb3, 0x70, 0xc, 0x38, 0x0, 0x0, 0x0, 0xa7,
    0x50, 0xb, 0x46, 0x0, 0x66, 0xa0, 0x0, 0x0,
    0x55, 0xc0, 0x0, 0xb5, 0x50, 0x0, 0xc6, 0x40,
    0x0, 0xa, 0x47, 0x0, 0x7, 0xc2, 0x0, 0x8,
    0x49, 0x0, 0x0, 0x8b, 0x10, 0x0, 0x0, 0x0,
    0x0, 0x1c, 0x70, 0x0, 0x0,

    /* U+2699 "⚙" */
    0x0, 0x0, 0x0, 0x0, 0x11, 0x10, 0x0, 0x0,
    0x0, 0x0, 0x0, 0x0, 0x0, 0x2d, 0xad, 0x10,
    0x0, 0x0, 0x0, 0x0, 0x2, 0x40, 0x4, 0x60,
    0x82, 0x0, 0x51, 0x0, 0x0, 0x3, 0xb9, 0x80,
    0x75, 0x6, 0x60, 0x98, 0xb2, 0x0, 0x0, 0xd1,
    0x5, 0xc7, 0x10, 0x17, 0xc4, 0x2, 0xd0, 0x0,
    0x4, 0x90, 0x0, 0x27, 0x97, 0x10, 0x0, 0xa3,
    0x0, 0x0, 0x8, 0x60, 0x78, 0x20, 0x29, 0x50,
    0x86, 0x0, 0x0, 0x0, 0x93, 0x47, 0x6, 0x95,
    0x9, 0x25, 0x70, 0x0, 0x9a, 0xa8, 0xa, 0x8,
    0x50, 0x67, 0x19, 0x9, 0xaa, 0x9b, 0x0, 0x0,
    0x90, 0xb0, 0x0, 0xa0, 0xa0, 0x0, 0xb, 0xb5,
    0x32, 0x9, 0xb, 0x0, 0x1a, 0xa, 0x2, 0x45,
    0xb2, 0x56, 0xc1, 0x82, 0x2b, 0x9b, 0x15, 0x52,
    0xc6, 0x52, 0x0, 0x6, 0x70, 0xa2, 0x1, 0x4,
    0x90, 0x94, 0x0, 0x0, 0x1, 0xc1, 0x0, 0x8a,
    0x9a, 0x70, 0x2, 0xc0, 0x0, 0x0, 0xb3, 0x0,
    0x50, 0x0, 0x0, 0x50, 0x4, 0xa0, 0x0, 0xa,
    0x41, 0xb8, 0xc3, 0x4, 0xc8, 0xb0, 0x6a, 0x0,
    0x0, 0xb, 0xc2, 0x5, 0x50, 0x73, 0x4, 0xca,
    0x0, 0x0, 0x0, 0x1, 0x0, 0x47, 0x8, 0x20,
    0x1, 0x0, 0x0, 0x0, 0x0, 0x0, 0x2, 0xdb,
    0xd0, 0x0, 0x0, 0x0, 0x0,

    /* U+269B "⚛" */
    0x0, 0x11, 0x11, 0x11, 0x11, 0x11, 0x11, 0x11,
    0x10, 0x6, 0xff, 0xff, 0xff, 0xff, 0xff, 0xff,
    0xff, 0xff, 0xf5, 0xcf, 0xff, 0xff, 0xff, 0xff,
    0xff, 0xff, 0xff, 0xff, 0xbc, 0xff, 0xff, 0xff,
    0xf5, 0x47, 0xff, 0xff, 0xff, 0xfb, 0xcf, 0xff,
    0xff, 0xf7, 0xbf, 0x6b, 0xff, 0xff, 0xff, 0xbc,
    0xff, 0xf9, 0x89, 0x4f, 0xfd, 0x39, 0x8a, 0xff,
    0xfb, 0xcf, 0xf5, 0xef, 0x95, 0x46, 0x52, 0xcf,
    0xd6, 0xff, 0xbc, 0xff, 0x4f, 0xf8, 0x45, 0xa3,
    0x3b, 0xff, 0x4f, 0xfb, 0xcf, 0xf8, 0x8e, 0x39,
    0xff, 0xf5, 0x4f, 0x7a, 0xff, 0xbc, 0xff, 0xf4,
    0x34, 0xe9, 0xd, 0x94, 0x35, 0xff, 0xfb, 0xcf,
    0xff, 0x44, 0x2e, 0xc5, 0xf9, 0x25, 0x4f, 0xff,
    0xbc, 0xff, 0x7b, 0xf5, 0x6f, 0xfd, 0x37, 0xfa,
    0x8f, 0xfb, 0xcf, 0xf4, 0xff, 0x97, 0x35, 0x54,
    0xcf, 0xf4, 0xff, 0xbc, 0xff, 0x69, 0xb6, 0x25,
    0x94, 0x18, 0xb9, 0x7f, 0xfb, 0xcf, 0xff, 0xb9,
    0xb4, 0xff, 0xd5, 0xa9, 0xbf, 0xff, 0xbc, 0xff,
    0xff, 0xff, 0x8a, 0xf5, 0xcf, 0xff, 0xff, 0xfb,
    0xcf, 0xff, 0xff, 0xff, 0x64, 0x9f, 0xff, 0xff,
    0xff, 0xbc, 0xff, 0xff, 0xff, 0xff, 0xff, 0xff,
    0xff, 0xff, 0xfb, 0x5e, 0xff, 0xff, 0xff, 0xff,
    0xff, 0xff, 0xff, 0xfe, 0x40,

    /* U+269C "⚜" */
    0x0, 0x0, 0x0, 0x0, 0x30, 0x0, 0x0, 0x0,
    0x0, 0x0, 0x0, 0x0, 0x5, 0xc8, 0x0, 0x0,
    0x0, 0x0, 0x0, 0x0, 0x0, 0x2b, 0x9, 0x50,
    0x0, 0x0, 0x0, 0x0, 0x0, 0x0, 0xa2, 0x0,
    0xc1, 0x0, 0x0, 0x0, 0x0, 0x0, 0x1, 0xa0,
    0x0, 0x57, 0x0, 0x0, 0x0, 0x0, 0x0, 0x5,
    0x50, 0x0, 0xb, 0x0, 0x0, 0x0, 0x0, 0x0,
    0x6, 0x40, 0x0, 0xc, 0x0, 0x0, 0x0, 0x1,
    0x79, 0x75, 0x50, 0x0, 0x1b, 0x69, 0x82, 0x0,
    0x2b, 0x30, 0x3b, 0xc0, 0x0, 0x7f, 0x40, 0x2b,
    0x30, 0xb1, 0x0, 0x0, 0xa3, 0x1, 0xb0, 0x0,
    0x1, 0xb0, 0xb0, 0x4a, 0xa6, 0x1a, 0x9, 0x23,
    0xba, 0x70, 0xb0, 0xb0, 0xa0, 0x6f, 0xaf, 0x9f,
    0x9f, 0xa2, 0x80, 0xb0, 0x68, 0xc0, 0xb5, 0x55,
    0x55, 0x55, 0x67, 0x88, 0x70, 0x3, 0x53, 0x4c,
    0x9f, 0x5f, 0x5f, 0x55, 0x44, 0x0, 0x0, 0xb,
    0x98, 0x1c, 0xa, 0x35, 0xab, 0x20, 0x0, 0x0,
    0xa, 0x31, 0x9c, 0x9, 0xd2, 0x9, 0x10, 0x0,
    0x0, 0x1, 0x89, 0x3b, 0xa, 0x28, 0x93, 0x0,
    0x0, 0x0, 0x0, 0x0, 0x8, 0x2a, 0x0, 0x0,
    0x0, 0x0, 0x0, 0x0, 0x0, 0x1, 0xa2, 0x0,
    0x0, 0x0, 0x0,

    /* U+26A0 "⚠" */
    0x0, 0x0, 0x0, 0x0, 0x0, 0x0, 0x0, 0x0,
    0x0, 0x0, 0x0, 0x0, 0x0, 0x9, 0xb8, 0x0,
    0x0, 0x0, 0x0, 0x0, 0x0, 0x0, 0x5, 0x70,
    0x93, 0x0, 0x0, 0x0, 0x0, 0x0, 0x0, 0x0,
    0xb0, 0x1, 0xb0, 0x0, 0x0, 0x0, 0x0, 0x0,
    0x0, 0x57, 0x0, 0x8, 0x30, 0x0, 0x0, 0x0,
    0x0, 0x0, 0xb, 0x0, 0x10, 0x1b, 0x0, 0x0,
    0x0, 0x0, 0x0, 0x5, 0x70, 0x8f, 0x30, 0x84,
    0x0, 0x0, 0x0, 0x0, 0x0, 0xb0, 0x9, 0xf4,
    0x1, 0xb0, 0x0, 0x0, 0x0, 0x0, 0x56, 0x0,
    0x8f, 0x30, 0x8, 0x40, 0x0, 0x0, 0x0, 0xb,
    0x0, 0x7, 0xf1, 0x0, 0x1b, 0x0, 0x0, 0x0,
    0x6, 0x60, 0x0, 0x5f, 0x0, 0x0, 0x84, 0x0,
    0x0, 0x0, 0xb0, 0x0, 0x4, 0xf0, 0x0, 0x1,
    0xb0, 0x0, 0x0, 0x66, 0x0, 0x0, 0x3e, 0x0,
    0x0, 0x7, 0x40, 0x0, 0xb, 0x0, 0x0, 0x1,
    0xc0, 0x0, 0x0, 0xb, 0x0, 0x6, 0x50, 0x0,
    0x0, 0x0, 0x0, 0x0, 0x0, 0x75, 0x0, 0xb0,
    0x0, 0x0, 0x4, 0xf0, 0x0, 0x0, 0x0, 0xb0,
    0x65, 0x0, 0x0, 0x0, 0x4, 0x0, 0x0, 0x0,
    0x7, 0x5a, 0x10, 0x0, 0x0, 0x0, 0x0, 0x0,
    0x0, 0x0, 0x29, 0x4c, 0xbb, 0xbb, 0xbb, 0xbb,
    0xbb, 0xbb, 0xbb, 0xbc, 0x30,

    /* U+26A1 "⚡" */
    0x0, 0x0, 0x0, 0x0, 0x0, 0x0, 0x20, 0x0,
    0x0, 0x0, 0x0, 0x0, 0x0, 0x7e, 0x40, 0x0,
    0x0, 0x0, 0x0, 0x0, 0x98, 0xb0, 0x0, 0x0,
    0x0, 0x0, 0x1, 0xb3, 0xa2, 0x0, 0x0, 0x0,
    0x0, 0x3, 0xb1, 0x48, 0x0, 0x0, 0x0, 0x0,
    0x6, 0x90, 0xb, 0x0, 0x0, 0x0, 0x0, 0x9,
    0x70, 0x7, 0x40, 0x0, 0x0, 0x0, 0x1a, 0x40,
    0x2, 0xa0, 0x0, 0x0, 0x0, 0x3b, 0x20, 0x0,
    0x7b, 0xbb, 0xbb, 0x90, 0x5a, 0x0, 0x0, 0x0,
    0x0, 0x1, 0xb3, 0x77, 0x0, 0x0, 0x0, 0x0,
    0x2, 0xb1, 0x8, 0xbb, 0xbb, 0xbe, 0x10, 0x4,
    0xa0, 0x0, 0x0, 0x0, 0x6, 0x60, 0x6, 0x90,
    0x0, 0x0, 0x0, 0x1, 0xb0, 0x8, 0x70, 0x0,
    0x0, 0x0, 0x0, 0x92, 0xa, 0x50, 0x0, 0x0,
    0x0, 0x0, 0x38, 0x1b, 0x30, 0x0, 0x0, 0x0,
    0x0, 0xb, 0x3b, 0x10, 0x0, 0x0, 0x0, 0x0,
    0x7, 0x9a, 0x0, 0x0, 0x0, 0x0, 0x0, 0x0,
    0xb9, 0x0, 0x0, 0x0, 0x0, 0x0, 0x0, 0x0,
    0x0, 0x0, 0x0, 0x0, 0x0, 0x0,

    /* U+26A7 "⚧" */
    0x48, 0x88, 0x80, 0x0, 0x0, 0x0, 0x3, 0x88,
    0x88, 0x8, 0xff, 0xff, 0x0, 0x0, 0x0, 0x0,
    0x6f, 0xff, 0xf1, 0x8f, 0xfb, 0x11, 0x60, 0x0,
    0x0, 0x0, 0x3e, 0xff, 0x18, 0xfa, 0xfa, 0xdf,
    0x20, 0x0, 0x0, 0x1e, 0xfb, 0xf1, 0x7f, 0x1a,
    0xff, 0x40, 0x0, 0x0, 0x1d, 0xf4, 0x7f, 0x10,
    0x1, 0xdf, 0xf8, 0x49, 0xa7, 0x2c, 0xf5, 0x0,
    0x0, 0x0, 0x6f, 0x7c, 0xff, 0xfe, 0xff, 0xf6,
    0x0, 0x0, 0x0, 0x0, 0x30, 0x6f, 0xa0, 0x3,
    0xee, 0x0, 0x0, 0x0, 0x0, 0x0, 0xc, 0xd0,
    0x0, 0x5, 0xf5, 0x0, 0x0, 0x0, 0x0, 0x0,
    0xea, 0x0, 0x0, 0x1f, 0x70, 0x0, 0x0, 0x0,
    0x0, 0xc, 0xd0, 0x0, 0x4, 0xf5, 0x0, 0x0,
    0x0, 0x0, 0x0, 0x6f, 0xa0, 0x3, 0xee, 0x0,
    0x0, 0x0, 0x0, 0x0, 0x0, 0xaf, 0xfd, 0xff,
    0x40, 0x0, 0x0, 0x0, 0x0, 0x0, 0x0, 0x5c,
    0xf9, 0x20, 0x0, 0x0, 0x0, 0x0, 0x0, 0x0,
    0x0, 0x8f, 0x10, 0x0, 0x0, 0x0, 0x0, 0x0,
    0x0, 0x2, 0x6b, 0xf7, 0x60, 0x0, 0x0, 0x0,
    0x0, 0x0, 0x0, 0x7f, 0xff, 0xff, 0x0, 0x0,
    0x0, 0x0, 0x0, 0x0, 0x1, 0x39, 0xf4, 0x30,
    0x0, 0x0, 0x0, 0x0, 0x0, 0x0, 0x0, 0x8f,
    0x10, 0x0, 0x0, 0x0, 0x0,

    /* U+26AA "⚪" */
    0x0, 0x0, 0x0, 0x0, 0x0, 0x0, 0x0, 0x0,
    0x0, 0x0, 0x0, 0x0, 0x28, 0xbb, 0xab, 0xb8,
    0x20, 0x0, 0x0, 0x0, 0x0, 0x9a, 0x30, 0x0,
    0x0, 0x3a, 0x80, 0x0, 0x0, 0x1, 0xb4, 0x3,
    0x9a, 0x0, 0x0, 0x4, 0xb1, 0x0, 0x0, 0xb3,
    0x9, 0x91, 0x0, 0x0, 0x0, 0x3, 0xb0, 0x0,
    0x75, 0xa, 0x50, 0x0, 0x0, 0x0, 0x0, 0x6,
    0x70, 0xb, 0x6, 0x60, 0x0, 0x0, 0x0, 0x0,
    0x0, 0xb, 0x5, 0x60, 0xb0, 0x0, 0x0, 0x0,
    0x0, 0x0, 0x0, 0x65, 0x92, 0x38, 0x0, 0x0,
    0x0, 0x0, 0x0, 0x0, 0x2, 0x8a, 0x3, 0x20,
    0x0, 0x0, 0x0, 0x0, 0x0, 0x0, 0xa, 0xa0,
    0x0, 0x0, 0x0, 0x0, 0x0, 0x0, 0x0, 0x0,
    0xa8, 0x20, 0x0, 0x0, 0x0, 0x0, 0x0, 0x0,
    0x0, 0x28, 0x47, 0x0, 0x0, 0x0, 0x0, 0x0,
    0x0, 0x0, 0x7, 0x40, 0xb0, 0x0, 0x0, 0x0,
    0x0, 0x0, 0x0, 0x0, 0xc0, 0x6, 0x70, 0x0,
    0x0, 0x0, 0x0, 0x0, 0x0, 0x76, 0x0, 0xa,
    0x40, 0x0, 0x0, 0x0, 0x0, 0x0, 0x4a, 0x0,
    0x0, 0xa, 0x60, 0x0, 0x0, 0x0, 0x0, 0x6a,
    0x0, 0x0, 0x0, 0x7, 0xb4, 0x0, 0x0, 0x4,
    0xb7, 0x0, 0x0, 0x0, 0x0, 0x1, 0x7b, 0xbb,
    0xbb, 0x61, 0x0, 0x0, 0x0,

    /* U+26AB "⚫" */
    0x0, 0x0, 0x0, 0x1, 0x34, 0x20, 0x0, 0x0,
    0x0, 0x0, 0x0, 0x0, 0x6c, 0xa7, 0xe8, 0xac,
    0x30, 0x0, 0x0, 0x0, 0x1, 0xb6, 0x90, 0x8,
    0x0, 0xa8, 0xa0, 0x0, 0x0, 0x2, 0xe2, 0x9,
    0x0, 0x90, 0x9, 0x4, 0xe0, 0x0, 0x1, 0xcf,
    0x88, 0xf8, 0x8f, 0x88, 0xf8, 0x8f, 0xa0, 0x0,
    0x83, 0x80, 0x8, 0x0, 0x80, 0x8, 0x0, 0x87,
    0x50, 0x1f, 0x8f, 0x88, 0xf8, 0x8f, 0x88, 0xf8,
    0x8f, 0x9f, 0x6, 0x50, 0x90, 0x9, 0x0, 0x90,
    0x9, 0x0, 0x90, 0x92, 0x91, 0x8, 0x0, 0x80,
    0x8, 0x0, 0x80, 0x8, 0x5, 0x5c, 0x98, 0xf8,
    0x8f, 0x88, 0xf8, 0x8f, 0x88, 0xf8, 0xd7, 0xa0,
    0x8, 0x0, 0x80, 0x8, 0x0, 0x80, 0x8, 0x4,
    0x68, 0x20, 0x80, 0x8, 0x0, 0x80, 0x8, 0x0,
    0x80, 0x64, 0x4e, 0x8f, 0x88, 0xf8, 0x8f, 0x88,
    0xf8, 0x8f, 0x8f, 0x0, 0xb0, 0x80, 0x8, 0x0,
    0x80, 0x8, 0x0, 0x82, 0xa0, 0x6, 0x78, 0x0,
    0x80, 0x8, 0x0, 0x80, 0x9, 0xa2, 0x0, 0xb,
    0xf8, 0x8f, 0x88, 0xf8, 0x8f, 0x88, 0xf7, 0x0,
    0x0, 0xd, 0x50, 0x80, 0x8, 0x0, 0x80, 0x8a,
    0x0, 0x0, 0x0, 0x8, 0xbd, 0x0, 0x80, 0xe,
    0xb5, 0x0, 0x0, 0x0, 0x0, 0x1, 0x8b, 0xbf,
    0xba, 0x70, 0x0, 0x0, 0x0,

    /* U+26B0 "⚰" */
    0x0, 0x0, 0x63, 0x0, 0x0, 0x0, 0x0, 0x0,
    0x0, 0x0, 0x2b, 0x78, 0xb9, 0x30, 0x0, 0x0,
    0x0, 0x0, 0x6, 0xb2, 0x0, 0x2, 0x8b, 0x80,
    0x0, 0x0, 0x0, 0xab, 0x0, 0x0, 0x0, 0x0,
    0x59, 0x0, 0x0, 0x0, 0xad, 0x0, 0x0, 0x0,
    0x0, 0x7, 0x60, 0x0, 0x0, 0x9b, 0x20, 0x0,
    0x0, 0x0, 0x0, 0xa4, 0x0, 0x0, 0x95, 0x80,
    0x0, 0x0, 0x0, 0x0, 0xb, 0x20, 0x0, 0x92,
    0xb0, 0x0, 0x0, 0x0, 0x0, 0x1, 0xb0, 0x0,
    0x56, 0x86, 0x0, 0x0, 0x0, 0x0, 0x0, 0x3a,
    0x0, 0xb, 0xc7, 0xb5, 0x0, 0x0, 0x0, 0x0,
    0x6, 0x80, 0x8, 0xe0, 0x6, 0xb6, 0x0, 0x0,
    0x0, 0x0, 0x95, 0x2, 0xf0, 0x21, 0x5, 0xb7,
    0x10, 0x0, 0x0, 0x2f, 0x0, 0xf1, 0x2a, 0x90,
    0x4, 0xb8, 0x10, 0x4, 0xbc, 0x0, 0x4b, 0x81,
    0x31, 0x1, 0x3, 0xa9, 0x89, 0xb, 0x0, 0x0,
    0x3a, 0x92, 0x3, 0xb6, 0x3, 0xd0, 0xb, 0x0,
    0x0, 0x0, 0x29, 0xa3, 0x6, 0x31, 0x90, 0xc,
    0x0, 0x0, 0x0, 0x0, 0x18, 0xb5, 0x1, 0x92,
    0xb4, 0x0, 0x0, 0x0, 0x0, 0x0, 0x7, 0xc8,
    0xfb, 0x10, 0x0, 0x0, 0x0, 0x0, 0x0, 0x0,
    0x6, 0xb0, 0x0,

    /* U+26B1 "⚱" */
    0x0, 0x0, 0x0, 0x0, 0x0, 0x0, 0x0, 0x8a,
    0xa9, 0xaa, 0x91, 0x0, 0x5, 0xa2, 0x10, 0x12,
    0x78, 0x0, 0x0, 0x7b, 0x78, 0x78, 0xc0, 0x0,
    0x3, 0xfb, 0xaa, 0xaa, 0xf5, 0x0, 0x3a, 0x0,
    0x0, 0x0, 0x8, 0x60, 0xb0, 0x0, 0x0, 0x0,
    0x0, 0xb0, 0xfa, 0x85, 0x43, 0x35, 0x7a, 0xf2,
    0xf3, 0x24, 0x66, 0x65, 0x22, 0xe2, 0xc7, 0xaa,
    0xaa, 0xaa, 0xa8, 0xc1, 0xa0, 0x0, 0x0, 0x0,
    0x0, 0x90, 0xa0, 0x0, 0x0, 0x0, 0x0, 0xa0,
    0x91, 0x0, 0x0, 0x0, 0x0, 0xa0, 0x63, 0x0,
    0x0, 0x0, 0x1, 0x90, 0x28, 0x0, 0x0, 0x0,
    0x5, 0x50, 0xf, 0x50, 0x0, 0x0, 0x4f, 0x10,
    0x7, 0x9a, 0xaa, 0xaa, 0x8a, 0x0, 0x0, 0xb1,
    0x0, 0x1, 0xa2, 0x0, 0x0, 0x29, 0xaa, 0xba,
    0x30, 0x0,

    /* U+26BD "⚽" */
    0x0, 0x0, 0x0, 0x1, 0x34, 0x20, 0x0, 0x0,
    0x0, 0x0, 0x0, 0x0, 0x6b, 0xa7, 0x6d, 0xfe,
    0x40, 0x0, 0x0, 0x0, 0x2, 0xff, 0x0, 0x0,
    0x5, 0xff, 0xa0, 0x0, 0x0, 0x2, 0xff, 0x90,
    0x0, 0x0, 0x65, 0x3, 0xb0, 0x0, 0x1, 0xff,
    0xff, 0x60, 0x1, 0x6f, 0x20, 0x3, 0xa0, 0x0,
    0xbf, 0xe4, 0x5, 0xbf, 0xff, 0xfb, 0x0, 0x7,
    0x50, 0x1f, 0xf3, 0x0, 0x0, 0xff, 0xff, 0xf8,
    0x0, 0xf, 0x6, 0x5c, 0x0, 0x0, 0xf, 0xff,
    0xff, 0xfe, 0x98, 0xf2, 0x91, 0xb0, 0x0, 0x0,
    0xff, 0xff, 0xfd, 0x2, 0xbf, 0x5a, 0xb, 0x0,
    0x0, 0x4f, 0xff, 0xff, 0x30, 0x1, 0xf7, 0xa0,
    0xe0, 0x0, 0x56, 0x1, 0x7c, 0xa0, 0x0, 0xf,
    0x68, 0x3f, 0xfa, 0xb5, 0x0, 0x0, 0xa, 0x0,
    0x0, 0xf5, 0x4b, 0xff, 0xfd, 0x0, 0x0, 0x0,
    0xb0, 0x0, 0x7f, 0x10, 0xff, 0xff, 0xf0, 0x0,
    0x0, 0xb, 0x20, 0x5b, 0xa0, 0x6, 0xff, 0xff,
    0x50, 0x0, 0x3, 0xff, 0xfd, 0xa2, 0x0, 0xe,
    0xfe, 0x9b, 0xa5, 0x13, 0xff, 0xff, 0xc7, 0x0,
    0x0, 0xc, 0x60, 0x1, 0x6a, 0xff, 0xff, 0xfa,
    0x0, 0x0, 0x0, 0x7, 0xb4, 0x0, 0x5, 0xff,
    0xf6, 0x0, 0x0, 0x0, 0x0, 0x1, 0x7b, 0xbb,
    0xbd, 0x60, 0x0, 0x0, 0x0,

    /* U+26BE "⚾" */
    0x0, 0x0, 0x0, 0x0, 0x0, 0x0, 0x0, 0x0,
    0x0, 0x0, 0x0, 0x0, 0x28, 0xdf, 0xab, 0xb8,
    0x20, 0x0, 0x0, 0x0, 0x0, 0x9a, 0x30, 0x96,
    0x10, 0x3a, 0x80, 0x0, 0x0, 0x1, 0xb4, 0x0,
    0x0, 0xfc, 0x0, 0x4, 0xb1, 0x0, 0x0, 0xb3,
    0x0, 0x0, 0x13, 0x9d, 0x70, 0x3, 0xb0, 0x0,
    0x75, 0x0, 0x0, 0x0, 0x1, 0xf9, 0x0, 0x6,
    0x70, 0xb, 0xa, 0x0, 0x0, 0x0, 0x13, 0x5f,
    0xb0, 0xb, 0x5, 0xbb, 0xfb, 0x7a, 0x0, 0x0,
    0x0, 0xeb, 0x33, 0x65, 0xda, 0x25, 0xb, 0xf2,
    0x10, 0x0, 0x2, 0xf, 0xc2, 0x8b, 0x0, 0x0,
    0x61, 0xcc, 0x10, 0x0, 0x0, 0x66, 0xbc, 0xa0,
    0x0, 0x0, 0x1c, 0xf0, 0x0, 0x0, 0x0, 0x2,
    0xe8, 0x20, 0x0, 0x0, 0x4, 0x86, 0x0, 0x0,
    0x0, 0x28, 0x46, 0x0, 0x0, 0x0, 0x8f, 0x40,
    0x0, 0x0, 0x7, 0x40, 0xb0, 0x0, 0x0, 0x0,
    0x65, 0x0, 0x0, 0x0, 0xb0, 0x6, 0x60, 0x0,
    0x0, 0xa, 0xf4, 0x0, 0x0, 0x76, 0x0, 0xa,
    0x40, 0x0, 0x0, 0x4d, 0x0, 0x0, 0x4a, 0x0,
    0x0, 0xb, 0x50, 0x0, 0x7, 0xf3, 0x0, 0x6a,
    0x0, 0x0, 0x0, 0x7, 0xb4, 0x0, 0x2f, 0x14,
    0xb7, 0x0, 0x0, 0x0, 0x0, 0x1, 0x7b, 0xbc,
    0xfb, 0x71, 0x0, 0x0, 0x0,

    /* U+26C4 "⛄" */
    0x0, 0x0, 0x0, 0x1, 0x0, 0x0, 0x0, 0x0,
    0x0, 0x0, 0x2f, 0xff, 0xd0, 0x0, 0x0, 0x0,
    0x0, 0x2, 0xff, 0xff, 0x0, 0x0, 0x0, 0x0,
    0x0, 0x2f, 0xff, 0xe0, 0x0, 0x0, 0x0, 0x0,
    0xbf, 0xff, 0xff, 0xb2, 0x0, 0x0, 0x0, 0xb,
    0x75, 0x66, 0x8f, 0x30, 0x0, 0x0, 0x5, 0x60,
    0x0, 0x0, 0x2b, 0x0, 0x0, 0x0, 0xa1, 0x71,
    0x20, 0x80, 0xc0, 0x0, 0x0, 0xa, 0x0, 0x6,
    0x0, 0xc, 0x0, 0x0, 0x0, 0x65, 0x3, 0x85,
    0x1, 0xc0, 0x0, 0x49, 0x90, 0xd1, 0x0, 0x0,
    0xb4, 0x1b, 0xa0, 0x6c, 0xb6, 0x0, 0x0, 0x2,
    0xb9, 0xb1, 0x0, 0xa7, 0x0, 0x0, 0x0, 0x1,
    0xf0, 0x0, 0xb, 0x0, 0x0, 0x0, 0x0, 0x7,
    0x40, 0x0, 0xb0, 0x0, 0x0, 0x0, 0x0, 0x55,
    0x0, 0xa, 0x10, 0x0, 0x0, 0x0, 0x9, 0x30,
    0x0, 0x3a, 0x0, 0x0, 0x0, 0x3, 0xb0, 0x0,
    0x0, 0x6a, 0x20, 0x0, 0x6, 0xb1, 0x0, 0x0,
    0x0, 0x29, 0xaa, 0xaa, 0x60, 0x0, 0x0,

    /* U+26C5 "⛅" */
    0x0, 0x0, 0x0, 0x0, 0x1, 0x60, 0x0, 0x0,
    0x0, 0x0, 0x0, 0x0, 0x0, 0x30, 0x0, 0xa,
    0xd1, 0x0, 0x0, 0x0, 0x0, 0x0, 0x0, 0x0,
    0xeb, 0x20, 0x49, 0x74, 0x0, 0x0, 0x0, 0x0,
    0x0, 0x0, 0x0, 0xb2, 0xb6, 0xc1, 0x56, 0x0,
    0x22, 0x0, 0x0, 0x0, 0x0, 0x0, 0x83, 0x4f,
    0xdb, 0xbc, 0xab, 0xba, 0x0, 0x0, 0x0, 0x0,
    0x0, 0x4c, 0xa1, 0x0, 0x1b, 0x53, 0xf7, 0x10,
    0x0, 0x0, 0x8, 0xbb, 0xcc, 0x0, 0x0, 0x4,
    0xf8, 0x56, 0xb7, 0x0, 0x0, 0xc, 0x50, 0x74,
    0x0, 0x0, 0x3c, 0x10, 0x0, 0x6, 0x90, 0x0,
    0x0, 0x7b, 0xb2, 0x0, 0x0, 0xc1, 0x0, 0x0,
    0x0, 0x93, 0x0, 0x0, 0x1, 0xf4, 0x5, 0xbb,
    0xd4, 0x0, 0x0, 0x0, 0x28, 0x0, 0x0, 0x7,
    0x8b, 0x5a, 0x0, 0xb, 0x30, 0x0, 0x0, 0xa,
    0x0, 0x0, 0x3a, 0x6, 0xf0, 0x0, 0x2, 0x90,
    0x0, 0x0, 0x1b, 0x0, 0x0, 0xb9, 0xff, 0xc0,
    0x0, 0x0, 0x10, 0x0, 0x0, 0x17, 0xb2, 0x0,
    0x29, 0x80, 0x0, 0x0, 0x0, 0x0, 0x0, 0x0,
    0x0, 0x1a, 0x0, 0xb, 0x0, 0x0, 0x0, 0x0,
    0x0, 0x0, 0x0, 0x0, 0xb, 0x0, 0x9, 0x30,
    0x0, 0x0, 0x0, 0x0, 0x0, 0x0, 0x0, 0x49,
    0x0, 0x1, 0xab, 0xbb, 0xbb, 0xbb, 0xbb, 0xbb,
    0xbb, 0xbb, 0xa0,

    /* U+26C8 "⛈" */
    0x0, 0x0, 0x0, 0x0, 0x0, 0x0, 0x0, 0x0,
    0x0, 0x0, 0x0, 0x0, 0x0, 0x3, 0xab, 0xab,
    0x91, 0x0, 0x0, 0x0, 0x0, 0x0, 0x5, 0xa1,
    0x0, 0x3, 0xc2, 0x0, 0x0, 0x0, 0x0, 0x1,
    0xb0, 0x0, 0x0, 0x2, 0xb0, 0x0, 0x0, 0x0,
    0x7b, 0xcb, 0x20, 0x0, 0x0, 0x9, 0x20, 0x0,
    0x0, 0x88, 0x0, 0x1b, 0x20, 0x0, 0x0, 0x65,
    0x0, 0x0, 0xc, 0x0, 0x0, 0x29, 0x0, 0x0,
    0x6, 0x50, 0x0, 0x8c, 0x80, 0x0, 0x0, 0x10,
    0x0, 0x0, 0x49, 0xb1, 0xa5, 0x0, 0x0, 0x0,
    0x0, 0x0, 0x0, 0x0, 0x2, 0xab, 0x0, 0x0,
    0x0, 0x0, 0x0, 0x0, 0x0, 0x0, 0xb, 0xa4,
    0x0, 0x0, 0x0, 0x0, 0x0, 0x0, 0x0, 0x6,
    0x81, 0x8b, 0xbb, 0xbb, 0xdc, 0xbc, 0xcb, 0xbb,
    0xbb, 0x60, 0x0, 0x0, 0x0, 0xd, 0x10, 0x84,
    0x0, 0x0, 0x0, 0x0, 0x2, 0xc0, 0x4, 0xb0,
    0x8, 0xad, 0x0, 0xb2, 0x0, 0x0, 0xcf, 0x0,
    0xaa, 0x55, 0x6, 0x70, 0x8f, 0x20, 0x0, 0x7,
    0x60, 0x1, 0x44, 0xc3, 0xa0, 0x5, 0x80, 0x0,
    0x0, 0x0, 0xa, 0x0, 0xb, 0xb1, 0x0, 0x0,
    0x0, 0x0, 0x0, 0x9, 0xf0, 0x0, 0xf3, 0x0,
    0x0, 0x0, 0x0, 0x0, 0x0, 0x9a, 0x0, 0x0,
    0x0, 0x0, 0x0, 0x0, 0x0,

    /* U+26CE "⛎" */
    0x0, 0x0, 0x0, 0x1, 0x34, 0x20, 0x0, 0x0,
    0x0, 0x0, 0x0, 0x0, 0x7d, 0xff, 0xff, 0xe9,
    0x20, 0x0, 0x0, 0x0, 0x3, 0xdf, 0xff, 0xff,
    0xff, 0xff, 0x70, 0x0, 0x0, 0x4, 0xff, 0xff,
    0xff, 0xff, 0xff, 0xff, 0x90, 0x0, 0x2, 0xff,
    0xf8, 0xcf, 0xff, 0xff, 0x6f, 0xff, 0x70, 0x0,
    0xcf, 0xff, 0x4a, 0xff, 0xff, 0xf1, 0xef, 0xff,
    0x20, 0x3f, 0xff, 0xf4, 0xaf, 0xff, 0xff, 0x1e,
    0xff, 0xf9, 0x9, 0xff, 0xff, 0x48, 0xdf, 0xff,
    0xf1, 0xe7, 0xdf, 0xe0, 0xcf, 0xfe, 0x50, 0x12,
    0x4, 0x8a, 0x11, 0x4e, 0xff, 0x2e, 0xff, 0x17,
    0x3a, 0xfe, 0xa6, 0x50, 0xbf, 0xff, 0xf3, 0xdf,
    0xfe, 0xf4, 0xaf, 0xff, 0xff, 0x1e, 0xff, 0xff,
    0x3b, 0xff, 0xff, 0x4a, 0xff, 0xff, 0xf1, 0xef,
    0xff, 0xf1, 0x7f, 0xff, 0xf5, 0x9f, 0xff, 0xff,
    0xf, 0xff, 0xfd, 0x1, 0xff, 0xff, 0x93, 0xff,
    0xff, 0xa4, 0xff, 0xff, 0x70, 0x9, 0xff, 0xff,
    0x44, 0xbd, 0x81, 0xdf, 0xff, 0xe0, 0x0, 0xd,
    0xff, 0xff, 0x83, 0x25, 0xdf, 0xff, 0xf4, 0x0,
    0x0, 0x1d, 0xff, 0xff, 0xff, 0xff, 0xff, 0xf5,
    0x0, 0x0, 0x0, 0x1a, 0xff, 0xff, 0xff, 0xff,
    0xd3, 0x0, 0x0, 0x0, 0x0, 0x2, 0x8c, 0xef,
    0xda, 0x50, 0x0, 0x0, 0x0,

    /* U+26CF "⛏" */
    0x0, 0x0, 0x0, 0x0, 0x0, 0x0, 0x0, 0x0,
    0x0, 0x0, 0x0, 0x0, 0x1, 0x6a, 0xad, 0xfc,
    0x0, 0x0, 0x0, 0x0, 0x2, 0xaa, 0x43, 0x99,
    0x30, 0x0, 0x0, 0x0, 0x1, 0xfd, 0x20, 0x7a,
    0x10, 0x0, 0x0, 0x0, 0x0, 0xf, 0xc0, 0x1b,
    0x50, 0x0, 0x0, 0x0, 0x0, 0x0, 0x49, 0x0,
    0x3b, 0x0, 0x0, 0x0, 0x0, 0x0, 0x0, 0xb0,
    0x35, 0x3, 0xb0, 0x0, 0x0, 0x0, 0x0, 0x7,
    0x42, 0xb9, 0x42, 0xf7, 0x0, 0x0, 0x0, 0x0,
    0xb, 0x1b, 0x10, 0xbf, 0x18, 0x60, 0x0, 0x0,
    0x0, 0x28, 0xa2, 0x0, 0xa, 0x40, 0x96, 0x0,
    0x0, 0x0, 0x69, 0x70, 0x0, 0x0, 0xb2, 0x9,
    0x50, 0x0, 0x0, 0x8d, 0x0, 0x0, 0x0, 0x1b,
    0x0, 0x95, 0x0, 0x0, 0xa7, 0x0, 0x0, 0x0,
    0x3, 0xa0, 0xa, 0x40, 0x0, 0x20, 0x0, 0x0,
    0x0, 0x0, 0x58, 0x0, 0xa4, 0x0, 0x0, 0x0,
    0x0, 0x0, 0x0, 0x8, 0x60, 0xb, 0x30, 0x0,
    0x0, 0x0, 0x0, 0x0, 0x0, 0xa3, 0x0, 0xb3,
    0x0, 0x0, 0x0, 0x0, 0x0, 0x0, 0xc, 0x20,
    0xc, 0x0, 0x0, 0x0, 0x0, 0x0, 0x0, 0x2,
    0xc0, 0x3b, 0x0, 0x0, 0x0, 0x0, 0x0, 0x0,
    0x0, 0x4c, 0xa0,

    /* U+26D1 "⛑" */
    0x0, 0x0, 0x0, 0x13, 0x33, 0x33, 0x0, 0x0,
    0x0, 0x0, 0x0, 0x0, 0x4f, 0xf8, 0x88, 0xff,
    0x30, 0x0, 0x0, 0x0, 0x0, 0x9f, 0xf7, 0x0,
    0xb, 0xff, 0x80, 0x0, 0x0, 0x0, 0xa4, 0x5f,
    0x40, 0x0, 0x8f, 0x27, 0x90, 0x0, 0x0, 0x66,
    0x1, 0x70, 0x2, 0x0, 0x80, 0x9, 0x40, 0x0,
    0xb, 0x0, 0x0, 0x4, 0xf0, 0x0, 0x0, 0x1c,
    0x0, 0x5, 0x60, 0x0, 0x6, 0xaf, 0x74, 0x0,
    0x0, 0x93, 0x0, 0x82, 0x0, 0x0, 0xef, 0xff,
    0xa0, 0x0, 0x5, 0x70, 0x2c, 0x0, 0x0, 0x0,
    0x5f, 0x0, 0x0, 0x0, 0x2c, 0x1a, 0x10, 0x82,
    0x0, 0x3, 0xa0, 0x0, 0x0, 0x0, 0x39, 0x94,
    0x3, 0x9b, 0x40, 0x0, 0x0, 0x0, 0x0, 0x5,
    0x70, 0x9e, 0x73, 0x10, 0x0, 0x0, 0x0, 0x14,
    0x7e, 0x80, 0x0, 0xc4, 0x7a, 0xbb, 0xbb, 0xbb,
    0xba, 0x75, 0xa0, 0x0, 0xa, 0x10, 0x0, 0x0,
    0x0, 0x0, 0x0, 0x47, 0x0, 0x0, 0x57, 0x0,
    0x0, 0x0, 0x0, 0x0, 0xa, 0x20, 0x0, 0x0,
    0xb2, 0x0, 0x0, 0x0, 0x0, 0x4, 0x90, 0x0,
    0x0, 0x2, 0xb2, 0x0, 0x0, 0x0, 0x4, 0xb0,
    0x0, 0x0, 0x0, 0x1, 0xa9, 0x88, 0x78, 0x7a,
    0x90, 0x0, 0x0, 0x0, 0x0, 0x0, 0x2f, 0xff,
    0xf9, 0x10, 0x0, 0x0, 0x0, 0x0, 0x0, 0x0,
    0x2, 0x32, 0x0, 0x0, 0x0, 0x0,

    /* U+26D3 "⛓" */
    0x22, 0x0, 0x20, 0x20, 0x0, 0x20, 0x20, 0x8,
    0x80, 0x7, 0x8, 0x0, 0x8, 0x19, 0x0, 0x87,
    0x69, 0x90, 0x80, 0x6, 0xf1, 0xe7, 0x9, 0x2f,
    0x1e, 0x35, 0x3, 0x79, 0x1a, 0x55, 0x38, 0xb0,
    0xa9, 0x0, 0x80, 0xea, 0xf0, 0x80, 0x3d, 0xd,
    0x10, 0x9, 0x8, 0x7, 0x19, 0x9, 0xd0, 0xe6,
    0x0, 0x90, 0x97, 0x91, 0x88, 0x2b, 0x9, 0x72,
    0x6, 0x2d, 0x4e, 0x18, 0x86, 0xe8, 0xe1, 0x70,
    0xa, 0x91, 0x99, 0x18, 0x70, 0x17, 0x8, 0x0,
    0x1d, 0x1d, 0x20, 0x87, 0x35, 0x80, 0x80, 0x4,
    0xf1, 0xe5, 0x9, 0x3f, 0x3f, 0x26, 0x2, 0x88,
    0x19, 0x63, 0x55, 0xa0, 0x89, 0x10, 0x71, 0xe8,
    0xf0, 0x80, 0x5d, 0xe, 0x20, 0x9, 0x8, 0x27,
    0x18, 0x7, 0xd0, 0xe4, 0x0, 0x90, 0x95, 0x81,
    0x96, 0x4b, 0x8, 0x81, 0x7, 0x2f, 0x5f, 0x8,
    0x84, 0xf5, 0xf1, 0x70, 0x19, 0x81, 0x98, 0x28,
    0x72, 0x48, 0x8, 0x0, 0x2e, 0x1e, 0x30, 0x87,
    0x0, 0x70, 0x80, 0x0, 0x71, 0x80, 0x0,

    /* U+26D4 "⛔" */
    0x0, 0x0, 0x0, 0x0, 0x0, 0x0, 0x0, 0x0,
    0x0, 0x0, 0x0, 0x0, 0x28, 0xdf, 0xff, 0xc8,
    0x10, 0x0, 0x0, 0x0, 0x0, 0x9f, 0xff, 0xff,
    0xff, 0xff, 0x80, 0x0, 0x0, 0x1, 0xcf, 0xff,
    0xff, 0xff, 0xff, 0xff, 0xb0, 0x0, 0x0, 0xcf,
    0xff, 0xff, 0xff, 0xff, 0xff, 0xff, 0xb0, 0x0,
    0x7f, 0xff, 0xff, 0xff, 0xff, 0xff, 0xff, 0xff,
    0x60, 0x1f, 0xff, 0xff, 0xff, 0xff, 0xff, 0xff,
    0xff, 0xfe, 0x6, 0xff, 0xff, 0xff, 0xff, 0xff,
    0xff, 0xff, 0xff, 0xf4, 0x9f, 0xfd, 0xcc, 0xcc,
    0xcc, 0xcc, 0xcc, 0xcd, 0xff, 0x8b, 0xff, 0x0,
    0x0, 0x0, 0x0, 0x0, 0x0, 0x1f, 0xf9, 0xaf,
    0xf0, 0x0, 0x0, 0x0, 0x0, 0x0, 0x1, 0xff,
    0x87, 0xff, 0xff, 0xff, 0xff, 0xff, 0xff, 0xff,
    0xff, 0xf6, 0x3f, 0xff, 0xff, 0xff, 0xff, 0xff,
    0xff, 0xff, 0xff, 0x10, 0xcf, 0xff, 0xff, 0xff,
    0xff, 0xff, 0xff, 0xff, 0xa0, 0x2, 0xff, 0xff,
    0xff, 0xff, 0xff, 0xff, 0xff, 0xe1, 0x0, 0x5,
    0xff, 0xff, 0xff, 0xff, 0xff, 0xff, 0xf4, 0x0,
    0x0, 0x4, 0xef, 0xff, 0xff, 0xff, 0xff, 0xe3,
    0x0, 0x0, 0x0, 0x1, 0x9f, 0xff, 0xff, 0xfe,
    0x80, 0x0, 0x0, 0x0, 0x0, 0x0, 0x4, 0x67,
    0x63, 0x0, 0x0, 0x0, 0x0,

    /* U+26E9 "⛩" */
    0x54, 0x0, 0x0, 0x0, 0x0, 0x0, 0x0, 0x0,
    0x0, 0x4, 0x4d, 0xfe, 0xa6, 0x31, 0x0, 0x0,
    0x0, 0x1, 0x47, 0xaf, 0xfb, 0x97, 0x7a, 0xdf,
    0xff, 0xee, 0xde, 0xef, 0xff, 0xca, 0x79, 0x72,
    0xa0, 0x0, 0x1, 0x34, 0x44, 0x43, 0x31, 0x0,
    0x0, 0xb0, 0x7, 0x84, 0x21, 0x0, 0x0, 0x0,
    0x0, 0x1, 0x24, 0xa4, 0x0, 0x4, 0x7d, 0xbd,
    0xbb, 0xd2, 0xdb, 0xbe, 0xad, 0x63, 0x0, 0x0,
    0x0, 0xb3, 0x80, 0xb, 0x29, 0x0, 0xa0, 0xb0,
    0x0, 0x0, 0x0, 0x8c, 0x3d, 0x40, 0xb2, 0x90,
    0x6d, 0xd, 0x70, 0x0, 0x0, 0xc9, 0x0, 0x2b,
    0xba, 0x1b, 0xbb, 0x0, 0xb, 0xb0, 0x0, 0xb,
    0x0, 0x0, 0x0, 0x0, 0x0, 0x0, 0x0, 0xb,
    0x0, 0x0, 0x9b, 0xc2, 0xdb, 0xbb, 0xbb, 0xbb,
    0xe0, 0xeb, 0x70, 0x0, 0x0, 0xb, 0x28, 0x0,
    0x0, 0x0, 0xb, 0xb, 0x0, 0x0, 0x0, 0x0,
    0xb2, 0x80, 0x0, 0x0, 0x0, 0xb0, 0xb0, 0x0,
    0x0, 0x0, 0xb, 0x28, 0x0, 0x0, 0x0, 0xb,
    0xb, 0x0, 0x0, 0x0, 0x0, 0xb2, 0x80, 0x0,
    0x0, 0x0, 0xb0, 0xb0, 0x0, 0x0, 0x0, 0xb,
    0x28, 0x0, 0x0, 0x0, 0xb, 0xb, 0x0, 0x0,
    0x0, 0x0, 0xe6, 0xb0, 0x0, 0x0, 0x0, 0xd3,
    0xe0, 0x0, 0x0, 0x0, 0x4f, 0xff, 0x0, 0x0,
    0x0, 0x1f, 0xff, 0x20, 0x0, 0x0, 0x3, 0xef,
    0xd0, 0x0, 0x0, 0x0, 0xef, 0xe1, 0x0, 0x0,

    /* U+26EA "⛪" */
    0x0, 0x0, 0x0, 0x0, 0x20, 0x0, 0x0, 0x0,
    0x0, 0x0, 0x0, 0x8, 0xc3, 0x0, 0x0, 0x0,
    0x0, 0x0, 0x0, 0x4, 0xa1, 0x0, 0x0, 0x0,
    0x0, 0x0, 0x0, 0x8, 0xf0, 0x0, 0x0, 0x0,
    0x0, 0x0, 0x0, 0x47, 0x49, 0x0, 0x0, 0x0,
    0x0, 0x0, 0x1, 0x90, 0x8, 0x50, 0x0, 0x0,
    0x0, 0x0, 0xd, 0xa9, 0x99, 0xf3, 0x0, 0x0,
    0x0, 0x0, 0xa, 0x31, 0x11, 0xc0, 0x0, 0x0,
    0x0, 0x0, 0x9, 0x10, 0x0, 0xb0, 0x0, 0x0,
    0x0, 0x0, 0xf, 0x17, 0xc1, 0xf1, 0x0, 0x0,
    0x0, 0x0, 0xbe, 0x1a, 0xf2, 0xdb, 0x10, 0x0,
    0x0, 0xb, 0x49, 0x10, 0x10, 0xb2, 0xb1, 0x0,
    0x0, 0xb4, 0x9, 0x10, 0x0, 0xb0, 0x2b, 0x10,
    0xf, 0x46, 0x29, 0x13, 0x60, 0xb0, 0x74, 0xf1,
    0xe, 0x15, 0x69, 0x1e, 0x95, 0xb2, 0x46, 0xd2,
    0xb, 0x17, 0x79, 0x1b, 0x47, 0xb3, 0x57, 0xb0,
    0xb, 0x1f, 0xd9, 0x1f, 0x94, 0xb3, 0xfc, 0xb0,
    0xb, 0xa, 0x69, 0x1f, 0xc7, 0xb1, 0xa5, 0xb0,
    0xa, 0xbb, 0xbf, 0xcf, 0xff, 0xfb, 0xbb, 0xe0,

    /* U+26F0 "⛰" */
    0x0, 0x0, 0x0, 0x0, 0x0, 0x2d, 0x20, 0x0,
    0x0, 0x0, 0x0, 0x0, 0x0, 0x0, 0x0, 0x0,
    0xa, 0xbf, 0x0, 0x0, 0x0, 0x0, 0x0, 0x0,
    0x0, 0x0, 0x0, 0x7, 0x7b, 0xfa, 0x0, 0x0,
    0x0, 0x0, 0x0, 0x0, 0x0, 0x0, 0x9, 0xf0,
    0xdf, 0xf1, 0x0, 0x0, 0x0, 0x0, 0x0, 0x0,
    0x0, 0x2, 0xfc, 0x4, 0xf8, 0xa0, 0x0, 0x0,
    0x0, 0x0, 0x0, 0x0, 0x0, 0x99, 0xf0, 0xa,
    0x49, 0x30, 0x0, 0x0, 0x0, 0x0, 0x0, 0x0,
    0xb, 0x4f, 0x10, 0xd4, 0x1f, 0x40, 0x0, 0x0,
    0x0, 0x0, 0x0, 0x7, 0x53, 0xf1, 0xd, 0x53,
    0xae, 0x10, 0x0, 0x0, 0x0, 0x0, 0x0, 0xb0,
    0x9a, 0x5, 0xff, 0xf4, 0xca, 0x0, 0x0, 0x0,
    0x0, 0x0, 0x75, 0xf, 0x52, 0xff, 0xf8, 0x8,
    0xf4, 0x0, 0x0, 0x0, 0x0, 0x7e, 0x0, 0xf9,
    0x9f, 0xf4, 0x0, 0x4f, 0xe2, 0x0, 0x0, 0x0,
    0x88, 0xf5, 0xb, 0xff, 0xd0, 0x3, 0xbb, 0xff,
    0xb5, 0x10, 0x0, 0x68, 0xe, 0xfb, 0xdf, 0xc0,
    0x2b, 0xff, 0xff, 0xff, 0xf5, 0x0, 0x3a, 0x0,
    0xcf, 0xfc, 0x80, 0xd, 0xbf, 0xff, 0xba, 0xff,
    0xa0, 0xb, 0x10, 0x2f, 0xb2, 0x25, 0x8d, 0xf2,
    0xbf, 0xf9, 0x6f, 0xfe, 0x1, 0xdf, 0xff, 0xfb,
    0xef, 0xff, 0xff, 0x7, 0xff, 0x97, 0xff, 0xc0,
    0x0, 0x5a, 0xef, 0xff, 0xff, 0xff, 0xfc, 0xdf,
    0xff, 0xd9, 0x40, 0x0, 0x0, 0x0, 0x13, 0x56,
    0x78, 0x88, 0x76, 0x42, 0x0, 0x0, 0x0,

    /* U+26F1 "⛱" */
    0x0, 0x0, 0x0, 0x0, 0x0, 0x0, 0x0, 0x0,
    0x0, 0x0, 0x0, 0x0, 0x0, 0x0, 0x0, 0x0,
    0xa2, 0x0, 0x0, 0x0, 0x0, 0x0, 0x0, 0x17,
    0xbb, 0xab, 0xdf, 0x60, 0x0, 0x0, 0x0, 0x0,
    0x0, 0x6b, 0x40, 0x0, 0x9f, 0xfc, 0xb7, 0x0,
    0x0, 0x0, 0x0, 0x88, 0x0, 0x0, 0xcf, 0xff,
    0xe0, 0x6b, 0x10, 0x0, 0x0, 0x48, 0x0, 0x0,
    0xaf, 0xff, 0xff, 0x50, 0x3b, 0x0, 0x0, 0xb,
    0x0, 0x0, 0x7f, 0xff, 0xff, 0xf9, 0x0, 0x49,
    0x0, 0x2, 0xbb, 0xb6, 0x1f, 0xff, 0xff, 0xff,
    0xb0, 0x0, 0xa1, 0x0, 0x0, 0x0, 0x5c, 0xff,
    0xff, 0xff, 0xfc, 0x0, 0x4, 0x70, 0x0, 0x0,
    0x0, 0x67, 0x20, 0xe8, 0xef, 0xb0, 0x0, 0x19,
    0x0, 0x0, 0x0, 0x0, 0x0, 0xc, 0x1, 0xdd,
    0x9a, 0x71, 0xa0, 0x0, 0x0, 0x0, 0x0, 0x4,
    0x80, 0x2, 0x71, 0x4, 0xc8, 0x0, 0x0, 0x0,
    0x0, 0x0, 0x84, 0x0, 0x0, 0x0, 0x1, 0x20,
    0x0, 0x37, 0xaa, 0xab, 0xbf, 0xb9, 0x74, 0x10,
    0x0, 0x0, 0x0, 0xb7, 0x30, 0x0, 0x11, 0xb0,
    0x14, 0x79, 0xbb, 0xbb, 0xbd, 0x5b, 0x0, 0x0,
    0xc4, 0x57, 0x0, 0x0, 0x0, 0x0, 0x0, 0x55,
    0xb0, 0x0, 0x9, 0xaf, 0xda, 0x90, 0x0, 0x0,
    0x0, 0x5, 0x5b, 0x0, 0x0, 0x0, 0x0, 0x1,
    0x0, 0x0, 0x0, 0x0, 0x55, 0xab, 0xbb, 0xbb,
    0xbb, 0xbb, 0xbb, 0xbb, 0xbb, 0xbb, 0xbc, 0x50,

    /* U+26F2 "⛲" */
    0x0, 0x0, 0x0, 0x31, 0x2, 0x30, 0x0, 0x0,
    0x0, 0x0, 0x1a, 0x48, 0x76, 0x58, 0x0, 0x0,
    0x0, 0x0, 0x83, 0x93, 0x67, 0x85, 0x40, 0x0,
    0x0, 0x0, 0x98, 0x8, 0x17, 0x54, 0x90, 0x0,
    0x0, 0x3, 0x68, 0xf, 0x8a, 0x17, 0x90, 0x0,
    0x0, 0x4, 0x49, 0x1f, 0xfb, 0x18, 0x90, 0x0,
    0x0, 0x9, 0x28, 0x9c, 0xf7, 0x95, 0x93, 0x0,
    0x0, 0xc, 0x15, 0x53, 0x90, 0x91, 0x68, 0x0,
    0x0, 0x4, 0xa0, 0x56, 0x66, 0x30, 0xc1, 0x0,
    0x0, 0x0, 0x54, 0xff, 0xff, 0xe0, 0x80, 0x0,
    0x0, 0x0, 0x55, 0x6f, 0xfd, 0x81, 0x80, 0x0,
    0x0, 0x0, 0x56, 0x2c, 0xf7, 0x62, 0x80, 0x0,
    0x5, 0xaa, 0x64, 0x8d, 0xfa, 0x81, 0x9a, 0x81,
    0x77, 0x0, 0x40, 0x4f, 0xfb, 0x0, 0x60, 0x2b,
    0xa6, 0x3, 0x70, 0x28, 0x96, 0x0, 0x61, 0x3d,
    0x5f, 0xd8, 0x52, 0x0, 0x0, 0x14, 0x7c, 0xf9,
    0x9, 0xff, 0xff, 0xff, 0xff, 0xff, 0xff, 0xd1,
    0x0, 0x6e, 0xff, 0xff, 0xff, 0xff, 0xf9, 0x0,
    0x0, 0x0, 0x5a, 0xde, 0xfe, 0xb7, 0x10, 0x0,

    /* U+26F3 "⛳" */
    0x0, 0x0, 0x0, 0x0, 0x6, 0x0, 0x0, 0x0,
    0x0, 0x0, 0x0, 0x0, 0x0, 0xf, 0x97, 0x10,
    0x0, 0x0, 0x0, 0x0, 0x0, 0x0, 0xb, 0x2,
    0x8a, 0xa9, 0x70, 0x0, 0x0, 0x0, 0x0, 0xb,
    0x0, 0x0, 0x8, 0x50, 0x0, 0x0, 0x0, 0x0,
    0xb, 0x0, 0x6, 0x92, 0x0, 0x0, 0x0, 0x0,
    0x0, 0xb, 0x18, 0x82, 0x0, 0x0, 0x0, 0x0,
    0x0, 0x0, 0xf, 0x91, 0x0, 0x0, 0x0, 0x0,
    0x0, 0x0, 0x0, 0xf, 0x0, 0x0, 0x0, 0x0,
    0x0, 0x0, 0x0, 0x0, 0xb, 0x0, 0x0, 0x0,
    0x0, 0x0, 0x47, 0x9a, 0xba, 0x9f, 0x52, 0x0,
    0x0, 0x0, 0x2c, 0x73, 0x10, 0x0, 0x1f, 0x59,
    0xb8, 0x20, 0x0, 0xa1, 0x0, 0x0, 0x0, 0xb,
    0x0, 0x3, 0xa9, 0x10, 0x69, 0x0, 0x0, 0x0,
    0x4f, 0x50, 0x0, 0x3, 0xb1, 0x4, 0xb7, 0x0,
    0x0, 0x39, 0x40, 0x0, 0x0, 0x39, 0x0, 0x6,
    0x90, 0x0, 0x0, 0x0, 0x0, 0x0, 0xb, 0x0,
    0x0, 0x75, 0x0, 0x0, 0x0, 0x0, 0x0, 0xb,
    0x0, 0x0, 0xb, 0x30, 0x0, 0x0, 0x0, 0x0,
    0x77, 0x0, 0x0, 0x1, 0xa6, 0x0, 0x0, 0x0,
    0x4a, 0x70, 0x0, 0x0, 0x0, 0x5, 0xab, 0xbb,
    0xbb, 0x71, 0x0,

    /* U+26F4 "⛴" */
    0x0, 0x0, 0x0, 0x0, 0x0, 0x0, 0x0, 0x0,
    0x0, 0x0, 0x0, 0x0, 0x0, 0x0, 0xdb, 0xaf,
    0xba, 0x62, 0x0, 0x0, 0x0, 0x0, 0x0, 0x0,
    0xa, 0x22, 0xb5, 0x3b, 0x50, 0x0, 0x0, 0x0,
    0x0, 0x0, 0x1d, 0xca, 0xf9, 0x2, 0xa3, 0x0,
    0x0, 0x0, 0x0, 0x0, 0x2, 0x94, 0x4b, 0x31,
    0x23, 0x79, 0x99, 0x50, 0x0, 0x0, 0x4, 0xc5,
    0x12, 0xb2, 0x14, 0x48, 0x43, 0x39, 0x0, 0x0,
    0x0, 0xb2, 0x55, 0x2a, 0x1, 0x0, 0x1, 0x33,
    0xb4, 0x0, 0x0, 0x8a, 0x4c, 0xc3, 0xd1, 0x95,
    0x52, 0x52, 0x12, 0xb0, 0x0, 0x8, 0x34, 0x73,
    0x2a, 0x1, 0x1, 0x2, 0x33, 0x2a, 0x50, 0x0,
    0xc0, 0xdf, 0x94, 0x70, 0x95, 0x51, 0x53, 0x20,
    0xa2, 0x4a, 0xdf, 0xdf, 0xff, 0xbc, 0x42, 0x11,
    0x2, 0x23, 0x1b, 0xb, 0x4d, 0x7f, 0xff, 0xf9,
    0xa6, 0xf8, 0xfc, 0xaf, 0xa9, 0xf4, 0xc6, 0x87,
    0x89, 0xbc, 0xee, 0xbf, 0x9d, 0x85, 0xc2, 0x1c,
    0x9b, 0x0, 0x0, 0x0, 0x0, 0x0, 0x1, 0x24,
    0x57, 0x8a, 0xdb, 0xa0, 0x0, 0x0, 0x0, 0x0,
    0x0, 0x0, 0x0, 0x0, 0x1, 0x96, 0x40, 0x0,
    0x0, 0x0, 0x0, 0x0, 0x0, 0x0, 0x0, 0x38,
    0x2a, 0x0, 0x0, 0x0, 0x0, 0x0, 0x0, 0x0,
    0x0, 0x4, 0x60, 0x96, 0x0, 0x0, 0x0, 0x0,
    0x0, 0x0, 0x0, 0x0, 0x92, 0x0, 0x7b, 0xbb,
    0xbb, 0xbb, 0xbb, 0xbb, 0xbb, 0xbb, 0xb7, 0x0,

    /* U+26F5 "⛵" */
    0x0, 0x0, 0x0, 0x0, 0x1, 0x10, 0x0, 0x0,
    0x0, 0x0, 0x0, 0x0, 0x0, 0xb9, 0x0, 0x0,
    0x0, 0x0, 0x0, 0x0, 0x0, 0x9f, 0xf0, 0x0,
    0x0, 0x0, 0x0, 0x0, 0x0, 0x9c, 0xcd, 0x10,
    0x0, 0x0, 0x0, 0x0, 0x0, 0x86, 0x8b, 0x68,
    0x0, 0x0, 0x0, 0x0, 0x0, 0x68, 0xa, 0xa1,
    0xb0, 0x0, 0x0, 0x0, 0x0, 0x3a, 0x0, 0xca,
    0x7, 0x40, 0x0, 0x0, 0x0, 0xc, 0x10, 0xc,
    0xb0, 0x1a, 0x0, 0x0, 0x0, 0x8, 0x40, 0x0,
    0xbb, 0x0, 0xa1, 0x0, 0x0, 0x1, 0xb0, 0x0,
    0xb, 0xb0, 0x4, 0x80, 0x0, 0x0, 0x84, 0x0,
    0x0, 0xbb, 0x0, 0xb, 0x0, 0x0, 0xb, 0x0,
    0x0, 0xb, 0xa0, 0x0, 0x74, 0x0, 0x4, 0x80,
    0x0, 0x0, 0xc9, 0x0, 0x1, 0xa0, 0x0, 0x85,
    0x69, 0xab, 0xbf, 0xfa, 0xbb, 0xbe, 0x10, 0xa,
    0x84, 0x11, 0x21, 0x37, 0x0, 0x0, 0x0, 0x3,
    0x31, 0x7, 0xff, 0xec, 0xbb, 0x70, 0x0, 0x0,
    0x8a, 0x9a, 0xff, 0xff, 0xff, 0xff, 0x84, 0x31,
    0x2, 0xa0, 0x0, 0x0, 0x0, 0x23, 0x45, 0x68,
    0xc8, 0x6, 0xbb, 0xbb, 0xbb, 0xbb, 0xbb, 0xbb,
    0xbb, 0x0,

    /* U+26F7 "⛷" */
    0x0, 0x24, 0x10, 0x0, 0x0, 0x0, 0x0, 0x0,
    0x0, 0x0, 0x9f, 0xff, 0x60, 0x0, 0x0, 0x0,
    0x0, 0x0, 0x0, 0x6f, 0xff, 0xff, 0x20, 0x0,
    0x0, 0x0, 0x0, 0x0, 0xb, 0xff, 0xff, 0xf9,
    0x55, 0x43, 0x0, 0x0, 0x36, 0x40, 0xaf, 0xff,
    0xff, 0xff, 0xff, 0xff, 0x70, 0x5e, 0xf6, 0x4,
    0xff, 0xff, 0xff, 0xff, 0xff, 0xff, 0x87, 0x87,
    0x0, 0x4, 0xcf, 0xdf, 0xff, 0xff, 0xfb, 0xba,
    0x10, 0x0, 0x0, 0x0, 0x0, 0xbf, 0xff, 0xac,
    0xfd, 0x0, 0x0, 0x0, 0x0, 0x0, 0x5, 0xef,
    0xff, 0xb5, 0x0, 0x0, 0x0, 0x0, 0x1, 0xdf,
    0xff, 0xef, 0xe0, 0x0, 0x0, 0x0, 0x20, 0x2,
    0xdf, 0xff, 0x72, 0xff, 0x50, 0x0, 0x1, 0x78,
    0x40, 0x48, 0xd8, 0x10, 0x7, 0xfe, 0x0, 0x6,
    0x66, 0x60, 0x0, 0x0, 0x0, 0x0, 0xd, 0xf7,
    0x57, 0x57, 0x10, 0x0, 0x0, 0x0, 0x0, 0x7,
    0xff, 0xd5, 0x73, 0x0, 0x0, 0x0, 0x0, 0x0,
    0x5, 0xff, 0x67, 0x50, 0x0, 0x0, 0x0, 0x0,
    0x0, 0x0, 0x79, 0x66, 0x0, 0x0, 0x0, 0x0,
    0x0, 0x0, 0x4, 0x75, 0x71, 0x0, 0x0, 0x0,
    0x0, 0x0, 0x8, 0x77, 0x57, 0x30, 0x0, 0x0,
    0x0, 0x0, 0x0, 0x0, 0x67, 0x75, 0x0, 0x0,
    0x0, 0x0, 0x0, 0x0, 0x0,

    /* U+26F8 "⛸" */
    0x0, 0x0, 0x0, 0x0, 0x0, 0x0, 0x0, 0x0,
    0x0, 0x0, 0x0, 0x0, 0x0, 0x5b, 0xb5, 0x0,
    0x0, 0x0, 0x0, 0x0, 0x1, 0x8b, 0xa6, 0x0,
    0xb0, 0x0, 0x0, 0x0, 0x0, 0x0, 0x93, 0x0,
    0x1, 0x2f, 0x10, 0x0, 0x0, 0x0, 0x0, 0xa,
    0x0, 0x0, 0xfa, 0xf1, 0x0, 0x0, 0x0, 0x0,
    0x5, 0x60, 0x0, 0x0, 0xd, 0x40, 0x0, 0x0,
    0x0, 0x0, 0xa1, 0x0, 0x0, 0x7f, 0xf5, 0x0,
    0x0, 0x0, 0x0, 0xa, 0x0, 0x0, 0x0, 0x7,
    0xa1, 0x0, 0x0, 0x0, 0x5, 0x60, 0x0, 0x0,
    0x6, 0xff, 0x1, 0x0, 0x0, 0x0, 0x91, 0x0,
    0x0, 0x0, 0x12, 0x5f, 0x60, 0x0, 0x0, 0xb,
    0x0, 0x0, 0x0, 0x0, 0xf, 0x8b, 0xd0, 0x0,
    0x0, 0xd4, 0x0, 0x0, 0x0, 0x0, 0x30, 0xbf,
    0x80, 0x0, 0x8, 0xbb, 0xa5, 0x0, 0x0, 0x0,
    0x3f, 0x4, 0xb4, 0x0, 0x74, 0x1, 0x6a, 0xb7,
    0x30, 0x0, 0x0, 0x0, 0x77, 0x5, 0x50, 0x19,
    0x73, 0x37, 0xaa, 0xaa, 0x99, 0x9a, 0xf0, 0x1b,
    0xfc, 0x62, 0x7a, 0x73, 0x11, 0x11, 0x23, 0x78,
    0x0, 0x4f, 0x20, 0x0, 0x3, 0x79, 0xcf, 0xa9,
    0x8e, 0x6, 0x9d, 0xfa, 0x66, 0x54, 0x32, 0x18,
    0xe0, 0x0, 0xa5, 0x57, 0x8a, 0xbc, 0xde, 0xef,
    0xff, 0xff, 0xff, 0xff, 0x80, 0x0, 0x0, 0x0,
    0x0, 0x0, 0x0, 0x0, 0x0, 0x0,

    /* U+26F9 "⛹" */
    0x0, 0x0, 0x0, 0x0, 0x4, 0x20, 0x0, 0x0,
    0x0, 0x0, 0x0, 0x0, 0x0, 0x2e, 0xff, 0xa0,
    0x0, 0x0, 0x0, 0x0, 0x0, 0x0, 0xb, 0xff,
    0xff, 0x40, 0x0, 0x0, 0x0, 0x0, 0x0, 0x0,
    0xdf, 0xff, 0xf7, 0x0, 0x0, 0x0, 0x0, 0x0,
    0x0, 0xa, 0xff, 0xff, 0x30, 0x0, 0x0, 0x0,
    0x0, 0x0, 0x0, 0xc, 0xff, 0xe9, 0x62, 0x0,
    0x0, 0x0, 0x0, 0x0, 0x9, 0xff, 0xff, 0xff,
    0xfc, 0x40, 0x0, 0x0, 0x0, 0xb, 0xff, 0xff,
    0xff, 0xbd, 0xff, 0x80, 0x0, 0x0, 0x3b, 0xff,
    0xff, 0xff, 0xf7, 0x6, 0xff, 0x10, 0x7, 0xff,
    0xfd, 0x2e, 0xff, 0xff, 0xc0, 0x6, 0xa0, 0x0,
    0x9f, 0xd7, 0x0, 0xaf, 0xff, 0xff, 0x0, 0x0,
    0x0, 0x0, 0x0, 0x0, 0x6, 0xff, 0xff, 0xf3,
    0x0, 0x0, 0x0, 0x78, 0x30, 0x0, 0x9f, 0xff,
    0xff, 0x40, 0x0, 0x0, 0xb2, 0x7a, 0x30, 0xf,
    0xff, 0xff, 0xf3, 0x0, 0x0, 0x3a, 0x99, 0x99,
    0x3, 0xff, 0x9d, 0xff, 0xa9, 0xe4, 0x3, 0x97,
    0x88, 0x80, 0x5f, 0xf1, 0x2e, 0xff, 0xff, 0x90,
    0xa, 0x48, 0xa2, 0x6, 0xff, 0x0, 0x29, 0xa6,
    0x94, 0x0, 0x5, 0x61, 0x0, 0xff, 0xe0, 0x0,
    0x0, 0x0, 0x0, 0x0, 0x0, 0x0, 0xa, 0xf7,
    0x0, 0x0, 0x0, 0x0, 0x0,

    /* U+26FA "⛺" */
    0x0, 0x0, 0x0, 0x57, 0x64, 0x20, 0x0, 0x0,
    0x0, 0x0, 0x0, 0x0, 0x0, 0x0, 0x2a, 0x35,
    0x79, 0xab, 0xbc, 0xa1, 0x0, 0x0, 0x0, 0x0,
    0x0, 0x9, 0x20, 0x0, 0x0, 0x1, 0xb2, 0x90,
    0x0, 0x0, 0x0, 0x0, 0x0, 0xb0, 0x0, 0x0,
    0x0, 0x84, 0xb, 0x0, 0x0, 0x0, 0x0, 0x0,
    0x75, 0x0, 0x0, 0x0, 0x1b, 0x0, 0x47, 0x0,
    0x0, 0x0, 0x0, 0xb, 0x0, 0x0, 0x0, 0x8,
    0x40, 0x40, 0xb0, 0x0, 0x0, 0x0, 0x7, 0x40,
    0x0, 0x0, 0x1, 0xb0, 0x4c, 0x6, 0x50, 0x0,
    0x0, 0x1, 0xb0, 0x0, 0x0, 0x0, 0x84, 0xb,
    0x81, 0xb, 0x0, 0x0, 0x0, 0x93, 0x0, 0x0,
    0x0, 0xb, 0x3, 0xb2, 0x70, 0x74, 0x0, 0x0,
    0x1a, 0x0, 0x0, 0x0, 0x7, 0x40, 0xc7, 0xc,
    0x0, 0xb0, 0x0, 0xf, 0x30, 0x0, 0x0, 0x1,
    0xb0, 0x5f, 0x40, 0xb6, 0x8, 0x40, 0x0, 0xf0,
    0x0, 0x0, 0x0, 0x84, 0xe, 0xf2, 0x8, 0xf3,
    0x1b, 0xa1, 0xe, 0xb6, 0x0, 0x0, 0xcc, 0x8,
    0xff, 0x10, 0x5f, 0xe3, 0x8f, 0x10, 0x0, 0x5a,
    0xa5, 0x1f, 0x51, 0xff, 0xfc, 0xbd, 0xff, 0xfd,
    0xf0, 0x0, 0x0, 0x1, 0x59, 0xfd, 0xff, 0xf8,
    0x0, 0x3, 0x31, 0x0, 0x0, 0x0, 0x0, 0x0,
    0x1, 0x0, 0x0, 0x0, 0x0, 0x0, 0x0, 0x0,

    /* U+26FD "⛽" */
    0x0, 0x0, 0x1, 0x11, 0x0, 0x0, 0x0, 0x0,
    0x0, 0x0, 0x2, 0xaa, 0xaa, 0xaa, 0xb7, 0x0,
    0x0, 0x1, 0xa1, 0x1, 0xb1, 0x0, 0x0, 0x0,
    0x69, 0x0, 0x2, 0xb2, 0x0, 0x92, 0xdf, 0xff,
    0xff, 0xf2, 0xa2, 0x4, 0xf2, 0x0, 0xa, 0xf,
    0x0, 0x0, 0xd, 0x47, 0xf1, 0x95, 0x60, 0x0,
    0xa0, 0xf2, 0xcc, 0xc8, 0xc3, 0x6f, 0x71, 0x3d,
    0x0, 0xa, 0xd, 0x3, 0x33, 0x2a, 0x16, 0xf6,
    0x19, 0x90, 0x0, 0xa0, 0x91, 0x88, 0x86, 0x80,
    0x6f, 0x26, 0x89, 0x10, 0xa, 0x7, 0x88, 0x88,
    0x8a, 0x6, 0xa0, 0xaf, 0x60, 0x0, 0xa0, 0x0,
    0x0, 0x0, 0x0, 0x65, 0x2, 0xc0, 0x0, 0xa,
    0x0, 0x9, 0x9a, 0x50, 0x9, 0xd0, 0xb, 0x0,
    0x0, 0xa0, 0xa, 0x23, 0x8, 0x40, 0x6f, 0x40,
    0xb0, 0x0, 0xa, 0x0, 0x90, 0xe8, 0x19, 0x6,
    0x6b, 0x58, 0x0, 0x0, 0xa0, 0xa, 0x1f, 0xa2,
    0x70, 0x65, 0x1f, 0x30, 0x0, 0xa, 0x0, 0x58,
    0x44, 0xa0, 0x6, 0x50, 0xdb, 0x0, 0x0, 0xa0,
    0x0, 0x26, 0x40, 0x0, 0x65, 0x47, 0x65, 0x0,
    0xf, 0xbb, 0xbb, 0xbb, 0xbb, 0xbf, 0x64, 0x73,
    0x90, 0x7, 0x40, 0x0, 0x0, 0x0, 0x0, 0xb,
    0xa, 0xc2, 0x0, 0x8b, 0xbb, 0xbb, 0xbb, 0xbb,
    0xbb, 0xc0, 0x0, 0x0, 0x0,

    /* U+2702 "✂" */
    0x1, 0x67, 0x30, 0x0, 0x0, 0x0, 0x37, 0x61,
    0x0, 0x2b, 0x53, 0x89, 0x0, 0x0, 0x7, 0x93,
    0x5b, 0x20, 0xa1, 0x69, 0x16, 0x50, 0x0, 0x39,
    0x19, 0x61, 0xa0, 0xb2, 0x82, 0xa0, 0xb0, 0x0,
    0x92, 0x92, 0x82, 0xb0, 0xb3, 0x60, 0xb0, 0xb0,
    0x0, 0xb0, 0xa0, 0x63, 0xb0, 0xa1, 0x9a, 0x80,
    0x86, 0x4, 0xa0, 0x7a, 0x91, 0xa0, 0x2b, 0x10,
    0x0, 0x7c, 0xdc, 0xa0, 0x0, 0x1b, 0x20, 0x2,
    0xab, 0xa8, 0xb0, 0x8a, 0xa8, 0xab, 0xa2, 0x0,
    0x0, 0x0, 0x7, 0xe0, 0x55, 0xfb, 0x0, 0x0,
    0x0, 0x0, 0x0, 0x0, 0xf4, 0x90, 0xf0, 0x0,
    0x0, 0x0, 0x0, 0x0, 0x1, 0xbb, 0x0, 0x84,
    0x0, 0x0, 0x0, 0x0, 0x0, 0x7, 0x44, 0x90,
    0x2a, 0x0, 0x0, 0x0, 0x0, 0x0, 0xc, 0x1,
    0xf3, 0xb, 0x0, 0x0, 0x0, 0x0, 0x0, 0x47,
    0xa, 0x4b, 0x5, 0x60, 0x0, 0x0, 0x0, 0x0,
    0xa1, 0x58, 0x6, 0x70, 0xb0, 0x0, 0x0, 0x0,
    0x2, 0xa1, 0xc0, 0x0, 0xb1, 0x92, 0x0, 0x0,
    0x0, 0x7, 0x39, 0x30, 0x0, 0x2a, 0x37, 0x0,
    0x0, 0x0, 0xa, 0x69, 0x0, 0x0, 0x7, 0x6a,
    0x0, 0x0, 0x0, 0x2, 0xa0, 0x0, 0x0, 0x0,
    0xa2, 0x0, 0x0,

    /* U+2705 "✅" */
    0x0, 0x11, 0x11, 0x11, 0x11, 0x11, 0x11, 0x11,
    0x10, 0x5, 0xff, 0xff, 0xff, 0xff, 0xff, 0xff,
    0xff, 0xff, 0xf3, 0xbf, 0xff, 0xff, 0xff, 0xff,
    0xff, 0xff, 0xff, 0xff, 0x8b, 0xff, 0xff, 0xff,
    0xff, 0xff, 0xff, 0xfa, 0xdf, 0xf9, 0xbf, 0xff,
    0xff, 0xff, 0xff, 0xff, 0xf5, 0x2, 0xff, 0x9b,
    0xff, 0xff, 0xff, 0xff, 0xff, 0xf8, 0x0, 0x5f,
    0xf9, 0xbf, 0xff, 0xff, 0xff, 0xff, 0xfb, 0x0,
    0x2f, 0xff, 0x9b, 0xff, 0xca, 0xff, 0xff, 0xfe,
    0x10, 0xd, 0xff, 0xf9, 0xbf, 0xf0, 0xa, 0xff,
    0xff, 0x30, 0xb, 0xff, 0xff, 0x9b, 0xff, 0x20,
    0x4f, 0xff, 0x50, 0x8, 0xff, 0xff, 0xf9, 0xbf,
    0xf7, 0x0, 0xef, 0x90, 0x5, 0xff, 0xff, 0xff,
    0x9b, 0xff, 0xc0, 0x9, 0xb0, 0x2, 0xff, 0xff,
    0xff, 0xf9, 0xbf, 0xff, 0x20, 0x21, 0x1, 0xdf,
    0xff, 0xff, 0xff, 0x9b, 0xff, 0xf7, 0x0, 0x0,
    0xbf, 0xff, 0xff, 0xff, 0xf9, 0xbf, 0xff, 0xd0,
    0x0, 0x8f, 0xff, 0xff, 0xff, 0xff, 0x9b, 0xff,
    0xff, 0x30, 0x5f, 0xff, 0xff, 0xff, 0xff, 0xf9,
    0xbf, 0xff, 0xfe, 0xbf, 0xff, 0xff, 0xff, 0xff,
    0xff, 0x9b, 0xff, 0xff, 0xff, 0xff, 0xff, 0xff,
    0xff, 0xff, 0xf8, 0x4e, 0xff, 0xff, 0xff, 0xff,
    0xff, 0xff, 0xff, 0xfe, 0x30,

    /* U+2708 "✈" */
    0x0, 0x0, 0x0, 0x0, 0x0, 0x0, 0x0, 0x1,
    0x66, 0x0, 0x7b, 0x61, 0x0, 0x0, 0x49, 0x0,
    0xb, 0xf6, 0x86, 0x5c, 0x15, 0x9b, 0x83, 0x1f,
    0xf2, 0x1b, 0x81, 0x87, 0x60, 0x6c, 0x50, 0x3,
    0x7c, 0xfc, 0x3b, 0x20, 0x0, 0xf1, 0x0, 0x59,
    0xb5, 0x0, 0x1, 0x8f, 0x10, 0x0, 0x8a, 0x0,
    0x0, 0x3, 0xcb, 0x40, 0x2b, 0x10, 0x0, 0x2b,
    0x0, 0x0, 0x0, 0x0, 0x3f, 0x6b, 0x10, 0x0,
    0x8c, 0x10, 0x0, 0x0, 0x0, 0x0, 0x1f, 0x30,
    0x0, 0x8f, 0x25, 0x10, 0x0, 0x0, 0x0, 0x9,
    0x50, 0x1, 0x5c, 0x9e, 0xfa, 0x0, 0x0, 0x0,
    0x6, 0x70, 0x1, 0x4d, 0x12, 0xfe, 0x20, 0x0,
    0x0, 0x2, 0xb0, 0x0, 0xaf, 0x50, 0xc, 0x0,
    0x3, 0xb8, 0x42, 0xb1, 0x0, 0x89, 0x2f, 0x30,
    0x83, 0x0, 0x6f, 0xff, 0xf5, 0x1, 0xb5, 0x1,
    0x3b, 0x3, 0x80, 0x0, 0x1a, 0xfe, 0x6, 0xb2,
    0x0, 0x0, 0xd3, 0xb, 0x0, 0x0, 0xe, 0x2f,
    0xf1, 0x0, 0x0, 0x3, 0xb0, 0xa1, 0x0, 0x7,
    0xbe, 0xff, 0x40, 0x0, 0x0, 0xb, 0x45, 0x60,
    0x0, 0x67, 0xa, 0xf8, 0x0, 0x0, 0x0, 0x6c,
    0x1a, 0x0, 0x0, 0x0, 0x1f, 0xb0, 0x0, 0x0,
    0x0, 0x7c, 0x60, 0x0, 0x0, 0x0, 0x53, 0x0,
    0x0, 0x0, 0x0, 0x40, 0x0,

    /* U+2709 "✉" */
    0x9f, 0xbb, 0xbb, 0xbb, 0xbb, 0xbb, 0xbb, 0xbb,
    0xbb, 0xdf, 0x98, 0xa0, 0x0, 0x0, 0x0, 0x0,
    0x0, 0x0, 0x5, 0xbc, 0x92, 0x4b, 0x10, 0x0,
    0x0, 0x0, 0x0, 0x0, 0x79, 0xb, 0x92, 0x2,
    0xb3, 0x0, 0x0, 0x0, 0x0, 0x9, 0x70, 0xb,
    0x92, 0x0, 0x1b, 0x50, 0x0, 0x0, 0x1, 0xb4,
    0x0, 0xb, 0x92, 0x0, 0x4, 0xd7, 0x0, 0x0,
    0x2b, 0xa0, 0x0, 0xb, 0x92, 0x0, 0xb, 0x6,
    0x90, 0x4, 0xa1, 0x75, 0x0, 0xb, 0x92, 0x0,
    0x93, 0x0, 0x4b, 0x79, 0x0, 0xb, 0x10, 0xb,
    0x92, 0x4, 0x80, 0x0, 0x2, 0x50, 0x0, 0x2,
    0xa0, 0xb, 0x92, 0x1b, 0x0, 0x0, 0x0, 0x0,
    0x0, 0x0, 0x76, 0xb, 0x92, 0xa3, 0x0, 0x0,
    0x0, 0x0, 0x0, 0x0, 0xb, 0x2b, 0x97, 0x80,
    0x0, 0x0, 0x0, 0x0, 0x0, 0x0, 0x2, 0xbb,
    0x9c, 0x0, 0x0, 0x0, 0x0, 0x0, 0x0, 0x0,
    0x0, 0x6f, 0x7b, 0xbb, 0xbb, 0xbb, 0xbb, 0xbb,
    0xbb, 0xbb, 0xbb, 0xbc,

    /* U+270A "✊" */
    0x0, 0x0, 0x0, 0x0, 0x0, 0x41, 0x0, 0x0,
    0x0, 0x0, 0x0, 0x0, 0x1a, 0x92, 0xb7, 0xa5,
    0x6b, 0xa1, 0x0, 0x0, 0x0, 0xa, 0x23, 0xe2,
    0x0, 0xd7, 0x2, 0xb0, 0x0, 0x5b, 0xab, 0x90,
    0xb, 0x0, 0xb, 0x0, 0xb, 0x0, 0x1b, 0x0,
    0x3a, 0x0, 0xb0, 0x0, 0xb0, 0x0, 0xb0, 0x2,
    0x80, 0x0, 0xa0, 0xa, 0x0, 0xb, 0x0, 0xb,
    0x0, 0x19, 0x0, 0xb, 0x0, 0xa5, 0x57, 0xd5,
    0x0, 0xf0, 0x1, 0x90, 0x0, 0xc2, 0xb7, 0x54,
    0x21, 0x49, 0x7f, 0x60, 0xf, 0x0, 0x1e, 0xb2,
    0x0, 0x0, 0x0, 0x4, 0x4a, 0x0, 0xfb, 0x8b,
    0x26, 0x81, 0x0, 0x0, 0x0, 0x0, 0xb0, 0xb,
    0x12, 0x0, 0x3, 0x9b, 0xbb, 0xb1, 0x0, 0xb,
    0x0, 0xb0, 0x0, 0x0, 0x0, 0x0, 0x1, 0xb0,
    0x0, 0xb0, 0xa, 0x0, 0x0, 0x0, 0x0, 0x0,
    0x6, 0x40, 0xb, 0x0, 0x65, 0x0, 0x0, 0x0,
    0x0, 0x0, 0x0, 0x4, 0x70, 0x0, 0xb0, 0x0,
    0x0, 0x0, 0x0, 0x0, 0x0, 0xb1, 0x0, 0x4,
    0x90, 0x0, 0x0, 0x0, 0x0, 0x0, 0x85, 0x0,
    0x0, 0x7, 0x90, 0x0, 0x0, 0x0, 0x0, 0x87,
    0x0, 0x0, 0x0, 0x5, 0xb5, 0x0, 0x0, 0x5,
    0xb5, 0x0, 0x0, 0x0, 0x0, 0x0, 0x6a, 0xbb,
    0xba, 0x60, 0x0, 0x0, 0x0,

    /* U+270B "✋" */
    0x0, 0x0, 0x1, 0x61, 0x0, 0x0, 0x0, 0x0,
    0x0, 0x0, 0xc6, 0xa0, 0x0, 0x0, 0x0, 0x0,
    0x19, 0xab, 0xc, 0x94, 0x0, 0x0, 0x0, 0x9,
    0x22, 0xb0, 0xc2, 0xc0, 0x0, 0x0, 0x4b, 0xe0,
    0xb, 0xb, 0xb, 0x0, 0x0, 0xb, 0xc, 0x0,
    0xb0, 0xb0, 0xb0, 0x0, 0x0, 0xb0, 0xb0, 0xb,
    0xb, 0xb, 0x0, 0x0, 0xb, 0xb, 0x0, 0xb0,
    0xb0, 0xb0, 0x0, 0x0, 0xb0, 0xb0, 0xb, 0xb,
    0xb, 0x5, 0xba, 0x2b, 0x4, 0x0, 0x40, 0x40,
    0xb7, 0xb0, 0x2a, 0xb0, 0x0, 0x0, 0x0, 0xc,
    0xc0, 0x1b, 0x3b, 0x0, 0x0, 0x0, 0x2c, 0x71,
    0xa, 0x20, 0xa0, 0x0, 0x0, 0xc, 0x10, 0x4,
    0x80, 0x9, 0x10, 0x0, 0x6, 0x40, 0x0, 0xb1,
    0x0, 0x91, 0x0, 0x0, 0xa0, 0x0, 0x29, 0x0,
    0x7, 0x40, 0x0, 0x1, 0x0, 0x9, 0x30, 0x0,
    0x39, 0x0, 0x0, 0x0, 0x3, 0xa0, 0x0, 0x0,
    0xa6, 0x0, 0x0, 0x6, 0xb1, 0x0, 0x0, 0x0,
    0x6b, 0xbb, 0xbb, 0x60, 0x0, 0x0, 0x0,

    /* U+270C "✌" */
    0x0, 0x0, 0x23, 0x0, 0x0, 0x0, 0x0, 0x0,
    0x5a, 0x98, 0x0, 0x2b, 0xa1, 0x0, 0xa, 0x0,
    0xb0, 0xb, 0x14, 0x70, 0x0, 0x92, 0x8, 0x20,
    0xb0, 0x28, 0x0, 0x5, 0x50, 0x46, 0x38, 0x4,
    0x70, 0x0, 0x29, 0x1, 0xa7, 0x40, 0x64, 0x0,
    0x0, 0xc0, 0xb, 0xa1, 0x8, 0x20, 0x0, 0x8e,
    0xc3, 0x9c, 0x0, 0xb0, 0x4b, 0xab, 0x2, 0x94,
    0x60, 0xb, 0xb, 0x0, 0xb0, 0xb, 0x0, 0x0,
    0xb0, 0xb0, 0xa, 0x39, 0xfb, 0xbb, 0xcc, 0xa,
    0x10, 0xfd, 0x10, 0x0, 0x2, 0xe2, 0x9f, 0xca,
    0xb0, 0x0, 0x0, 0x3, 0x85, 0x50, 0x6, 0xbb,
    0xb8, 0x0, 0xa, 0x28, 0x0, 0x0, 0x4, 0xea,
    0x1, 0x90, 0xb0, 0x0, 0x0, 0xb0, 0x0, 0x55,
    0x6, 0x50, 0x0, 0x1, 0x0, 0x1b, 0x0, 0x9,
    0x70, 0x0, 0x0, 0x5b, 0x20, 0x0, 0x5, 0xaa,
    0xba, 0xb6, 0x0, 0x0,

    /* U+270D "✍" */
    0x0, 0x0, 0x0, 0x0, 0x0, 0x10, 0x0, 0x0,
    0x0, 0x0, 0x0, 0x0, 0x0, 0x0, 0x3f, 0x90,
    0x0, 0x0, 0x0, 0x0, 0x0, 0x0, 0x0, 0xc,
    0xfa, 0x0, 0x0, 0x0, 0x0, 0x0, 0x0, 0x0,
    0x6, 0xff, 0x10, 0x0, 0x0, 0x0, 0x0, 0x0,
    0x0, 0x1, 0xef, 0x60, 0x0, 0x0, 0x0, 0x0,
    0x0, 0x0, 0x0, 0x9f, 0xd0, 0x0, 0x0, 0x0,
    0x0, 0x0, 0x0, 0x1, 0xaf, 0xf4, 0x0, 0x0,
    0x0, 0x0, 0x0, 0x0, 0x4a, 0xaf, 0xfc, 0xb7,
    0x10, 0x0, 0x0, 0x0, 0x0, 0xa7, 0x16, 0xfe,
    0x10, 0x4b, 0x81, 0x0, 0x0, 0x0, 0x28, 0x1,
    0xef, 0x60, 0x0, 0x3, 0xa9, 0x20, 0x0, 0x6,
    0x40, 0x9f, 0xfa, 0xbb, 0x20, 0x0, 0x2a, 0xb8,
    0x0, 0x91, 0x2f, 0xfb, 0x0, 0x0, 0x0, 0x0,
    0x0, 0x83, 0xb, 0xc, 0xf7, 0x0, 0x0, 0x0,
    0x0, 0x0, 0x3, 0x80, 0xb5, 0xf5, 0x0, 0x24,
    0x0, 0x0, 0x0, 0x0, 0x19, 0x9, 0xff, 0x2,
    0xfa, 0x8b, 0x0, 0x0, 0x0, 0x2, 0x90, 0x9f,
    0xff, 0x97, 0xf1, 0xeb, 0x0, 0x0, 0x0, 0x56,
    0x1f, 0xf3, 0x6a, 0x3c, 0xc9, 0x3c, 0x87, 0x9b,
    0x9c, 0x5, 0xf8, 0x0, 0x38, 0x10, 0x0, 0x3,
    0x43, 0x12, 0x0, 0x85, 0x0, 0x0, 0x0, 0x0,
    0x0, 0x0, 0x0, 0x0, 0x0, 0x0, 0x0, 0x0,
    0x0, 0x0, 0x0, 0x0, 0x0, 0x0,

    /* U+270F "✏" */
    0x0, 0x2, 0x30, 0x0, 0x0, 0x0, 0x0, 0x0,
    0x0, 0x0, 0x9, 0xae, 0xa0, 0x0, 0x0, 0x0,
    0x0, 0x0, 0x0, 0xb, 0x49, 0x53, 0xd8, 0x0,
    0x0, 0x0, 0x0, 0x0, 0x9, 0x48, 0x70, 0xb,
    0x98, 0x0, 0x0, 0x0, 0x0, 0x0, 0xdb, 0x50,
    0x8, 0x50, 0x95, 0x0, 0x0, 0x0, 0x0, 0xa,
    0x50, 0x8, 0x70, 0xb, 0xb1, 0x0, 0x0, 0x0,
    0x0, 0xb, 0x6b, 0x60, 0x8, 0x92, 0xb1, 0x0,
    0x0, 0x0, 0x0, 0x4e, 0x10, 0x8, 0x7a, 0x52,
    0xb1, 0x0, 0x0, 0x0, 0x0, 0x5a, 0x4b, 0xd1,
    0xa, 0x52, 0xb1, 0x0, 0x0, 0x0, 0x0, 0x5c,
    0x52, 0xb1, 0xa, 0x52, 0xb1, 0x0, 0x0, 0x0,
    0x0, 0xb, 0x42, 0xb1, 0xa, 0x52, 0xb1, 0x0,
    0x0, 0x0, 0x0, 0xb, 0x42, 0xb1, 0xa, 0x52,
    0xb1, 0x0, 0x0, 0x0, 0x0, 0xb, 0x42, 0xb1,
    0xa, 0x53, 0xc0, 0x0, 0x0, 0x0, 0x0, 0xb,
    0x42, 0xb1, 0xa, 0xcd, 0x30, 0x0, 0x0, 0x0,
    0x0, 0xb, 0x42, 0xb1, 0x74, 0x39, 0x0, 0x0,
    0x0, 0x0, 0x0, 0xb, 0x46, 0xc7, 0x0, 0xb0,
    0x0, 0x0, 0x0, 0x0, 0x0, 0xb, 0xf3, 0x0,
    0xa, 0x50, 0x0, 0x0, 0x0, 0x0, 0x0, 0x3,
    0x9b, 0x87, 0xfb, 0x0, 0x0, 0x0, 0x0, 0x0,
    0x0, 0x0, 0x4, 0x9e, 0x90,

    /* U+2712 "✒" */
    0x0, 0x0, 0x0, 0x0, 0x0, 0x0, 0x0, 0x0,
    0x0, 0x0, 0x0, 0x2, 0xbc, 0x50, 0x0, 0x0,
    0x0, 0x0, 0x0, 0x0, 0x3, 0xb1, 0xa, 0x40,
    0x0, 0x0, 0x0, 0x0, 0x0, 0x4, 0xa0, 0x0,
    0xb, 0x30, 0x0, 0x0, 0x0, 0x0, 0x3, 0xa0,
    0x0, 0x0, 0x1b, 0x20, 0x0, 0x0, 0x0, 0x1,
    0xb0, 0x0, 0x0, 0x0, 0x2f, 0x30, 0x0, 0x0,
    0x0, 0xa2, 0x0, 0x0, 0x0, 0x2d, 0xf9, 0x0,
    0x0, 0x0, 0x7, 0x70, 0x0, 0x0, 0x3e, 0xfc,
    0xb4, 0x0, 0x0, 0x0, 0x6, 0x90, 0x0, 0x3f,
    0xf9, 0x0, 0x89, 0x10, 0x0, 0x0, 0x4, 0xb1,
    0x2e, 0xf8, 0x0, 0x0, 0x2a, 0x50, 0x0, 0x0,
    0x3, 0xce, 0xf9, 0x0, 0x0, 0x0, 0xb, 0x0,
    0x0, 0x0, 0x3, 0xff, 0x10, 0x0, 0x0, 0x0,
    0x64, 0x0, 0x0, 0x0, 0x2, 0x6b, 0x0, 0x3,
    0xf8, 0x2, 0x90, 0x0, 0x0, 0x0, 0x0, 0x96,
    0x0, 0x6f, 0xf0, 0xc, 0x0, 0x0, 0x0, 0x0,
    0x0, 0xc1, 0x0, 0x59, 0x80, 0x84, 0x0, 0x0,
    0x0, 0x0, 0x4, 0xb2, 0x0, 0x7, 0x82, 0xa0,
    0x0, 0x0, 0x0, 0x0, 0x4, 0xac, 0x94, 0x6,
    0x9b, 0x10, 0x0, 0x0, 0x0, 0x0, 0x0, 0x2,
    0x7b, 0x88, 0xd7, 0x0, 0x0, 0x0, 0x0, 0x0,
    0x0, 0x0, 0x3, 0xaf, 0x60,

    /* U+2714 "✔" */
    0x0, 0x0, 0x0, 0x0, 0x0, 0x0, 0x0, 0x0,
    0x31, 0x0, 0x0, 0x0, 0x0, 0x0, 0x0, 0x0,
    0x1, 0xdf, 0xe2, 0x0, 0x0, 0x0, 0x0, 0x0,
    0x0, 0x0, 0xcf, 0xff, 0x90, 0x0, 0x0, 0x0,
    0x0, 0x0, 0x0, 0x9f, 0xff, 0xf7, 0x0, 0x0,
    0x0, 0x0, 0x0, 0x0, 0x6f, 0xff, 0xfc, 0x0,
    0x0, 0x0, 0x0, 0x0, 0x0, 0x3f, 0xff, 0xfe,
    0x10, 0x7, 0x82, 0x0, 0x0, 0x0, 0x1e, 0xff,
    0xff, 0x30, 0x8, 0xff, 0xe0, 0x0, 0x0, 0xc,
    0xff, 0xff, 0x60, 0x0, 0xcf, 0xff, 0x50, 0x0,
    0xa, 0xff, 0xff, 0x90, 0x0, 0x8, 0xff, 0xfb,
    0x0, 0x7, 0xff, 0xff, 0xb0, 0x0, 0x0, 0x3f,
    0xff, 0xf1, 0x4, 0xff, 0xff, 0xd1, 0x0, 0x0,
    0x0, 0xef, 0xff, 0x62, 0xef, 0xff, 0xf2, 0x0,
    0x0, 0x0, 0x8, 0xff, 0xfc, 0xdf, 0xff, 0xf5,
    0x0, 0x0, 0x0, 0x0, 0x3f, 0xff, 0xff, 0xff,
    0xf8, 0x0, 0x0, 0x0, 0x0, 0x0, 0xef, 0xff,
    0xff, 0xfb, 0x0, 0x0, 0x0, 0x0, 0x0, 0x8,
    0xff, 0xff, 0xfd, 0x0, 0x0, 0x0, 0x0, 0x0,
    0x0, 0x3f, 0xff, 0xfe, 0x20, 0x0, 0x0, 0x0,
    0x0, 0x0, 0x0, 0xdf, 0xff, 0x40, 0x0, 0x0,
    0x0, 0x0, 0x0, 0x0, 0x4, 0xde, 0x50, 0x0,
    0x0, 0x0, 0x0, 0x0, 0x0,

    /* U+2716 "✖" */
    0x0, 0x4, 0x30, 0x0, 0x0, 0x0, 0x0, 0x52,
    0x0, 0x0, 0x4f, 0xf3, 0x0, 0x0, 0x0, 0x5,
    0xfe, 0x20, 0x4, 0xff, 0xff, 0x30, 0x0, 0x0,
    0x5f, 0xff, 0xe2, 0xc, 0xff, 0xff, 0xf3, 0x0,
    0x4, 0xff, 0xff, 0xfa, 0x1, 0xdf, 0xff, 0xff,
    0x30, 0x4f, 0xff, 0xff, 0xb0, 0x0, 0x1d, 0xff,
    0xff, 0xf7, 0xff, 0xff, 0xfb, 0x0, 0x0, 0x1,
    0xdf, 0xff, 0xff, 0xff, 0xff, 0xc0, 0x0, 0x0,
    0x0, 0x1d, 0xff, 0xff, 0xff, 0xfc, 0x0, 0x0,
    0x0, 0x0, 0x1, 0xef, 0xff, 0xff, 0xc0, 0x0,
    0x0, 0x0, 0x0, 0x4, 0xff, 0xff, 0xff, 0xe3,
    0x0, 0x0, 0x0, 0x0, 0x4f, 0xff, 0xff, 0xff,
    0xfe, 0x20, 0x0, 0x0, 0x4, 0xff, 0xff, 0xff,
    0xff, 0xff, 0xe2, 0x0, 0x0, 0x4f, 0xff, 0xff,
    0xc2, 0xdf, 0xff, 0xfe, 0x20, 0x4, 0xff, 0xff,
    0xfc, 0x0, 0x1e, 0xff, 0xff, 0xe2, 0xc, 0xff,
    0xff, 0xc0, 0x0, 0x2, 0xef, 0xff, 0xfa, 0x1,
    0xdf, 0xfc, 0x0, 0x0, 0x0, 0x2e, 0xff, 0xb0,
    0x0, 0x1d, 0xc1, 0x0, 0x0, 0x0, 0x2, 0xeb,
    0x0, 0x0, 0x1, 0x10, 0x0, 0x0, 0x0, 0x0,
    0x20, 0x0,

    /* U+271D "✝" */
    0x0, 0x11, 0x11, 0x11, 0x11, 0x11, 0x11, 0x11,
    0x10, 0x8, 0xff, 0xff, 0xff, 0xff, 0xff, 0xff,
    0xff, 0xff, 0xe1, 0xef, 0xff, 0xff, 0xff, 0xff,
    0xff, 0xff, 0xff, 0xff, 0x5e, 0xff, 0xff, 0xff,
    0xff, 0xef, 0xff, 0xff, 0xff, 0xf5, 0xef, 0xff,
    0xff, 0xff, 0xa3, 0xff, 0xff, 0xff, 0xff, 0x5e,
    0xff, 0xff, 0xff, 0xfa, 0x3f, 0xff, 0xff, 0xff,
    0xf5, 0xef, 0xff, 0xff, 0xff, 0xa3, 0xff, 0xff,
    0xff, 0xff, 0x5e, 0xff, 0xff, 0x92, 0x21, 0x2,
    0x23, 0xff, 0xff, 0xf5, 0xef, 0xff, 0xff, 0xff,
    0x93, 0xff, 0xff, 0xff, 0xff, 0x5e, 0xff, 0xff,
    0xff, 0xfa, 0x3f, 0xff, 0xff, 0xff, 0xf5, 0xef,
    0xff, 0xff, 0xff, 0xa3, 0xff, 0xff, 0xff, 0xff,
    0x5e, 0xff, 0xff, 0xff, 0xfa, 0x3f, 0xff, 0xff,
    0xff, 0xf5, 0xef, 0xff, 0xff, 0xff, 0xa3, 0xff,
    0xff, 0xff, 0xff, 0x5e, 0xff, 0xff, 0xff, 0xfa,
    0x3f, 0xff, 0xff, 0xff, 0xf5, 0xef, 0xff, 0xff,
    0xff, 0xa3, 0xff, 0xff, 0xff, 0xff, 0x5e, 0xff,
    0xff, 0xff, 0xfa, 0x4f, 0xff, 0xff, 0xff, 0xf5,
    0xef, 0xff, 0xff, 0xff, 0xff, 0xff, 0xff, 0xff,
    0xff, 0x5e, 0xff, 0xff, 0xff, 0xff, 0xff, 0xff,
    0xff, 0xff, 0xf5, 0x7f, 0xff, 0xff, 0xff, 0xff,
    0xff, 0xff, 0xff, 0xfc, 0x10,

    /* U+2721 "✡" */
    0x0, 0x11, 0x11, 0x11, 0x11, 0x11, 0x11, 0x11,
    0x10, 0x8, 0xff, 0xff, 0xff, 0xff, 0xff, 0xff,
    0xff, 0xff, 0xe1, 0xef, 0xff, 0xff, 0xff, 0xff,
    0xff, 0xff, 0xff, 0xff, 0x5e, 0xff, 0xff, 0xff,
    0xff, 0xbf, 0xff, 0xff, 0xff, 0xf5, 0xef, 0xff,
    0xff, 0xff, 0x72, 0xef, 0xff, 0xff, 0xff, 0x5e,
    0xff, 0xff, 0xff, 0xd5, 0xc6, 0xff, 0xff, 0xff,
    0xf5, 0xef, 0xfa, 0x99, 0x93, 0x89, 0x28, 0x99,
    0x9d, 0xff, 0x5e, 0xff, 0x86, 0xb5, 0x7b, 0xbb,
    0x2b, 0xa2, 0xff, 0xf5, 0xef, 0xff, 0x4e, 0x4f,
    0xff, 0xfa, 0x97, 0xbf, 0xff, 0x5e, 0xff, 0xfc,
    0x1c, 0xff, 0xff, 0xf5, 0x5f, 0xff, 0xf5, 0xef,
    0xff, 0xb1, 0xcf, 0xff, 0xff, 0x45, 0xff, 0xff,
    0x5e, 0xff, 0xf4, 0xe4, 0xff, 0xff, 0x99, 0x8a,
    0xff, 0xf5, 0xef, 0xf7, 0x59, 0x56, 0x99, 0x91,
    0x99, 0x2e, 0xff, 0x5e, 0xff, 0xbb, 0xbb, 0x49,
    0xb3, 0xab, 0xbb, 0xef, 0xf5, 0xef, 0xff, 0xff,
    0xfd, 0x5b, 0x7f, 0xff, 0xff, 0xff, 0x5e, 0xff,
    0xff, 0xff, 0xf8, 0x2f, 0xff, 0xff, 0xff, 0xf5,
    0xef, 0xff, 0xff, 0xff, 0xfc, 0xff, 0xff, 0xff,
    0xff, 0x5e, 0xff, 0xff, 0xff, 0xff, 0xff, 0xff,
    0xff, 0xff, 0xf5, 0x7f, 0xff, 0xff, 0xff, 0xff,
    0xff, 0xff, 0xff, 0xfc, 0x10,

    /* U+2728 "✨" */
    0x0, 0x0, 0x0, 0x30, 0x0, 0x0, 0x0, 0x40,
    0x0, 0x0, 0x0, 0x0, 0x0, 0x0, 0x4d, 0x0,
    0x0, 0x0, 0xf, 0x10, 0x0, 0x0, 0x0, 0x0,
    0x0, 0x8, 0xa1, 0x0, 0x0, 0x1, 0xf4, 0x0,
    0x0, 0x0, 0x0, 0x0, 0x16, 0x92, 0xb3, 0x0,
    0x0, 0x4b, 0x60, 0x0, 0x0, 0x0, 0x0, 0xe,
    0xa0, 0x3, 0xd8, 0x0, 0x7, 0x69, 0x0, 0x0,
    0x0, 0x0, 0x0, 0x4, 0xa2, 0xa1, 0x0, 0x0,
    0xa1, 0xb0, 0x0, 0x0, 0x0, 0x0, 0x0, 0x7,
    0xb1, 0x0, 0x0, 0xb, 0xa, 0x20, 0x0, 0x0,
    0x0, 0x0, 0x0, 0x4d, 0x0, 0x0, 0xa, 0x40,
    0x2b, 0x0, 0x0, 0x0, 0x0, 0x0, 0x0, 0x20,
    0x1, 0x5b, 0x60, 0x0, 0x4c, 0x61, 0x0, 0x0,
    0x0, 0x5, 0x30, 0x9d, 0xa6, 0x10, 0x0, 0x0,
    0x5, 0x9d, 0xa0, 0x0, 0x0, 0xc9, 0x4, 0x8b,
    0xa5, 0x0, 0x0, 0x4, 0xab, 0x95, 0x0, 0x0,
    0xa, 0xb0, 0x0, 0x0, 0x7a, 0x0, 0x9, 0x81,
    0x0, 0x0, 0x0, 0x6, 0x69, 0x30, 0x0, 0x0,
    0x68, 0x5, 0x80, 0x0, 0x0, 0x0, 0x5a, 0x80,
    0x1a, 0x94, 0x0, 0x0, 0xc0, 0xb0, 0x0, 0x0,
    0x0, 0xb, 0xb3, 0x0, 0x5c, 0x90, 0x0, 0x9,
    0x2b, 0x0, 0x0, 0x0, 0x0, 0x0, 0xa3, 0x68,
    0x0, 0x0, 0x0, 0x68, 0x80, 0x0, 0x0, 0x0,
    0x0, 0x1, 0x9b, 0x0, 0x0, 0x0, 0x3, 0xd5,
    0x0, 0x0, 0x0, 0x0, 0x0, 0xc, 0xa0, 0x0,
    0x0, 0x0, 0x1f, 0x30, 0x0, 0x0, 0x0, 0x0,
    0x0, 0xa6, 0x0, 0x0, 0x0, 0x0, 0xe1, 0x0,
    0x0, 0x0, 0x0,

    /* U+2733 "✳" */
    0x0, 0x0, 0x0, 0x0, 0x0, 0x0, 0x0, 0x0,
    0x0, 0x0, 0x0, 0x0, 0x0, 0xa, 0xaa, 0x0,
    0x0, 0x0, 0x0, 0x0, 0x0, 0x0, 0x2, 0x80,
    0x91, 0x0, 0x0, 0x0, 0x0, 0x0, 0xaa, 0x30,
    0x28, 0x9, 0x10, 0x4a, 0x90, 0x0, 0x0, 0x65,
    0xa, 0x31, 0x90, 0xa0, 0x4a, 0x6, 0x50, 0x0,
    0x4, 0xa0, 0xb, 0x2b, 0xb, 0x2b, 0x0, 0xa2,
    0x0, 0x0, 0x6, 0xa0, 0x1b, 0xb0, 0xcb, 0x11,
    0xb5, 0x0, 0x0, 0x0, 0x4, 0xc1, 0x2c, 0xd,
    0x22, 0xc3, 0x0, 0x0, 0x18, 0xa9, 0x89, 0xe3,
    0x30, 0x33, 0xe9, 0x89, 0xa8, 0x9, 0x30, 0x12,
    0x45, 0x50, 0x0, 0x55, 0x32, 0x10, 0x48, 0x85,
    0x23, 0x45, 0x66, 0x0, 0x6, 0x65, 0x43, 0x26,
    0x70, 0x78, 0x76, 0x9d, 0x24, 0x4, 0x2d, 0x86,
    0x88, 0x60, 0x0, 0x0, 0x5b, 0x13, 0xd0, 0xd2,
    0x1b, 0x40, 0x0, 0x0, 0x0, 0x79, 0x2, 0xbb,
    0xc, 0xb1, 0xa, 0x60, 0x0, 0x0, 0x49, 0x1,
    0xb1, 0xb0, 0xb2, 0xb0, 0xa, 0x30, 0x0, 0x6,
    0x50, 0xa2, 0x19, 0xa, 0x3, 0xa0, 0x65, 0x0,
    0x0, 0x9, 0xa3, 0x2, 0x80, 0x91, 0x3, 0xa8,
    0x0, 0x0, 0x0, 0x0, 0x0, 0x28, 0xa, 0x10,
    0x0, 0x0, 0x0, 0x0, 0x0, 0x0, 0x0, 0x9b,
    0x90, 0x0, 0x0, 0x0, 0x0,

    /* U+2734 "✴" */
    0x0, 0x0, 0x0, 0x0, 0x0, 0x0, 0x0, 0x0,
    0x0, 0x0, 0x0, 0x0, 0x0, 0x0, 0x70, 0x0,
    0x0, 0x0, 0x0, 0x2, 0x30, 0x0, 0x0, 0x1e,
    0x0, 0x0, 0x0, 0x51, 0x0, 0xc, 0xb2, 0x0,
    0x6, 0xa3, 0x0, 0x3, 0xc9, 0x0, 0x0, 0x2c,
    0x99, 0x10, 0xa2, 0x80, 0x2a, 0x9c, 0x10, 0x0,
    0x0, 0x85, 0x2a, 0x9b, 0xc, 0x99, 0x17, 0x50,
    0x0, 0x0, 0x0, 0xb0, 0x8, 0x80, 0xc4, 0x1,
    0xb0, 0x0, 0x0, 0x0, 0x4, 0x90, 0x92, 0x5,
    0x70, 0xa2, 0x0, 0x0, 0x0, 0x1, 0x5f, 0xb7,
    0x0, 0x8, 0xcf, 0x50, 0x0, 0x1, 0x7c, 0x95,
    0x10, 0x0, 0x0, 0x0, 0x16, 0xab, 0x71, 0x2,
    0x7b, 0xa6, 0x10, 0x0, 0x0, 0x16, 0xaa, 0x62,
    0x0, 0x0, 0x1, 0xfa, 0xb0, 0x1, 0xbb, 0xf0,
    0x0, 0x0, 0x0, 0x0, 0x76, 0x7, 0x40, 0x64,
    0x8, 0x50, 0x0, 0x0, 0x0, 0x1b, 0x1, 0xbb,
    0xf, 0x80, 0xc, 0x0, 0x0, 0x0, 0xa, 0x37,
    0xb3, 0xa0, 0xa5, 0xb6, 0x49, 0x0, 0x0, 0x5,
    0xdb, 0x50, 0x9, 0x46, 0x0, 0x6b, 0xe3, 0x0,
    0x0, 0xc6, 0x0, 0x0, 0x4d, 0x20, 0x0, 0x7,
    0xb0, 0x0, 0x20, 0x0, 0x0, 0x0, 0xd0, 0x0,
    0x0, 0x1, 0x10, 0x0, 0x0, 0x0, 0x0, 0x4,
    0x0, 0x0, 0x0, 0x0, 0x0,

    /* U+2744 "❄" */
    0x0, 0x0, 0x0, 0x0, 0x20, 0x0, 0x0, 0x0,
    0x0, 0x0, 0x0, 0x0, 0x9a, 0x70, 0x0, 0x0,
    0x0, 0x0, 0x0, 0x4, 0xbd, 0xd, 0xc3, 0x0,
    0x0, 0x0, 0x1, 0x40, 0x74, 0x71, 0x76, 0x50,
    0x40, 0x0, 0x4, 0x7a, 0x91, 0xb4, 0x6, 0xb0,
    0xac, 0x43, 0xb, 0x6e, 0x3b, 0x0, 0xc1, 0xb0,
    0x19, 0x7a, 0x96, 0xa5, 0x20, 0xb4, 0xb, 0x19,
    0x6, 0x80, 0x29, 0x34, 0xe3, 0x11, 0x8b, 0xc1,
    0xcb, 0x61, 0x17, 0xd0, 0x98, 0x9b, 0xb3, 0x14,
    0x4, 0x5, 0xbb, 0x7c, 0x20, 0x42, 0x1, 0xa6,
    0x3e, 0x18, 0x80, 0x3, 0x20, 0x29, 0x71, 0x5b,
    0x41, 0x90, 0x5b, 0x32, 0x86, 0x9, 0x74, 0xb7,
    0x5, 0x80, 0x94, 0x19, 0xa3, 0xc2, 0x4f, 0x30,
    0x4b, 0x7b, 0x1a, 0x8b, 0x20, 0x9d, 0xa, 0x5,
    0xb, 0x0, 0xb1, 0x90, 0x38, 0x32, 0x55, 0x8b,
    0xe4, 0xb0, 0x4d, 0x1d, 0x30, 0x98, 0xcb, 0x40,
    0x4, 0xc4, 0x49, 0x0, 0x1a, 0x27, 0xc0, 0x0,
    0x0, 0x0, 0x7, 0x9d, 0x1d, 0xa5, 0x0, 0x0,
    0x0, 0x0, 0x0, 0x13, 0xc1, 0xb3, 0x0, 0x0,
    0x0, 0x0, 0x0, 0x0, 0x4, 0xc2, 0x0, 0x0,
    0x0, 0x0,

    /* U+2747 "❇" */
    0x0, 0x0, 0x0, 0x0, 0x0, 0x0, 0x0, 0x0,
    0x0, 0x0, 0x0, 0x0, 0x0, 0xb, 0xaa, 0x0,
    0x0, 0x0, 0x0, 0x0, 0x0, 0x0, 0x6, 0x50,
    0x74, 0x0, 0x0, 0x0, 0x0, 0x2, 0xc4, 0x0,
    0x73, 0x5, 0x50, 0x6, 0xb1, 0x0, 0x0, 0x2f,
    0xf3, 0x5, 0x50, 0x83, 0x5, 0xfe, 0x0, 0x0,
    0x0, 0x3e, 0xd1, 0x29, 0xb, 0x2, 0xfd, 0x20,
    0x0, 0x0, 0x0, 0x2c, 0xb0, 0xb1, 0xa0, 0xdb,
    0x10, 0x0, 0x0, 0x14, 0x30, 0x7, 0x5, 0xc3,
    0x16, 0x1, 0x34, 0x10, 0x4b, 0x77, 0xab, 0x81,
    0x16, 0x2, 0x9b, 0xa7, 0x7b, 0x4a, 0x0, 0x0,
    0x4, 0x99, 0xf7, 0xb2, 0x0, 0x0, 0x1a, 0x77,
    0x23, 0x69, 0xb3, 0x3a, 0x25, 0xb9, 0x52, 0x27,
    0x60, 0x58, 0x85, 0x12, 0x2, 0x81, 0x2, 0x25,
    0x88, 0x50, 0x0, 0x0, 0x8, 0xd0, 0xb5, 0x91,
    0xe6, 0x0, 0x0, 0x0, 0x0, 0xb, 0xf3, 0xb,
    0xb, 0x5, 0xf9, 0x0, 0x0, 0x0, 0xd, 0xf6,
    0x4, 0x70, 0x91, 0x8, 0xfb, 0x0, 0x0, 0x3,
    0xf8, 0x0, 0x64, 0x6, 0x40, 0xa, 0xf1, 0x0,
    0x0, 0x1, 0x0, 0x7, 0x30, 0x55, 0x0, 0x1,
    0x0, 0x0, 0x0, 0x0, 0x0, 0x56, 0x8, 0x30,
    0x0, 0x0, 0x0, 0x0, 0x0, 0x0, 0x0, 0xab,
    0x80, 0x0, 0x0, 0x0, 0x0,

    /* U+274C "❌" */
    0xa, 0xc4, 0x0, 0x0, 0x0, 0x0, 0x0, 0x7,
    0xc7, 0x6, 0xff, 0xf5, 0x0, 0x0, 0x0, 0x0,
    0x9, 0xff, 0xf2, 0x5f, 0xff, 0xf5, 0x0, 0x0,
    0x0, 0x9, 0xff, 0xff, 0x10, 0x8f, 0xff, 0xf6,
    0x0, 0x0, 0xa, 0xff, 0xff, 0x40, 0x0, 0x8f,
    0xff, 0xf6, 0x0, 0xa, 0xff, 0xff, 0x40, 0x0,
    0x0, 0x8f, 0xff, 0xf7, 0xb, 0xff, 0xff, 0x40,
    0x0, 0x0, 0x0, 0x7f, 0xff, 0xfd, 0xff, 0xff,
    0x30, 0x0, 0x0, 0x0, 0x0, 0x7f, 0xff, 0xff,
    0xff, 0x30, 0x0, 0x0, 0x0, 0x0, 0x0, 0x7f,
    0xff, 0xff, 0x30, 0x0, 0x0, 0x0, 0x0, 0x0,
    0xb, 0xff, 0xff, 0xf7, 0x0, 0x0, 0x0, 0x0,
    0x0, 0xb, 0xff, 0xff, 0xff, 0xf7, 0x0, 0x0,
    0x0, 0x0, 0xb, 0xff, 0xfe, 0x8f, 0xff, 0xf8,
    0x0, 0x0, 0x0, 0xc, 0xff, 0xfe, 0x30, 0x6f,
    0xff, 0xf8, 0x0, 0x0, 0xc, 0xff, 0xfe, 0x20,
    0x0, 0x6f, 0xff, 0xf8, 0x0, 0xc, 0xff, 0xfe,
    0x20, 0x0, 0x0, 0x5f, 0xff, 0xf8, 0x6, 0xff,
    0xfe, 0x20, 0x0, 0x0, 0x0, 0x5f, 0xff, 0xf2,
    0x5f, 0xfe, 0x20, 0x0, 0x0, 0x0, 0x0, 0x4f,
    0xff, 0x10, 0x57, 0x10, 0x0, 0x0, 0x0, 0x0,
    0x0, 0x27, 0x30,

    /* U+274E "❎" */
    0x6, 0x77, 0x77, 0x77, 0x77, 0x77, 0x77, 0x77,
    0x75, 0x7, 0xff, 0xff, 0xff, 0xff, 0xff, 0xff,
    0xff, 0xff, 0xf5, 0x9f, 0xff, 0xff, 0xff, 0xff,
    0xff, 0xff, 0xff, 0xff, 0x89, 0xff, 0x53, 0xdf,
    0xff, 0xff, 0xff, 0xc2, 0x5f, 0xf8, 0x9f, 0xf0,
    0x1, 0xef, 0xff, 0xff, 0xd1, 0x0, 0xff, 0x89,
    0xff, 0x90, 0x2, 0xef, 0xff, 0xd1, 0x0, 0xaf,
    0xf8, 0x9f, 0xff, 0x80, 0x2, 0xef, 0xd1, 0x0,
    0xaf, 0xff, 0x89, 0xff, 0xff, 0x80, 0x2, 0xc2,
    0x0, 0x9f, 0xff, 0xf8, 0x9f, 0xff, 0xff, 0x80,
    0x0, 0x0, 0x8f, 0xff, 0xff, 0x89, 0xff, 0xff,
    0xff, 0x70, 0x0, 0x7f, 0xff, 0xff, 0xf8, 0x9f,
    0xff, 0xff, 0xf3, 0x0, 0x2, 0xef, 0xff, 0xff,
    0x89, 0xff, 0xff, 0xf3, 0x0, 0x30, 0x2, 0xef,
    0xff, 0xf8, 0x9f, 0xff, 0xf3, 0x0, 0x6f, 0x70,
    0x3, 0xef, 0xff, 0x89, 0xff, 0xf4, 0x0, 0x6f,
    0xff, 0x60, 0x3, 0xff, 0xf8, 0x9f, 0xf5, 0x0,
    0x5f, 0xff, 0xff, 0x60, 0x3, 0xff, 0x89, 0xff,
    0x0, 0x5f, 0xff, 0xff, 0xff, 0x60, 0xf, 0xf8,
    0x9f, 0xfb, 0x8f, 0xff, 0xff, 0xff, 0xff, 0x9b,
    0xff, 0x89, 0xff, 0xff, 0xff, 0xff, 0xff, 0xff,
    0xff, 0xff, 0xf7, 0x3e, 0xff, 0xff, 0xff, 0xff,
    0xff, 0xff, 0xff, 0xfd, 0x20,

    /* U+2753 "❓" */
    0x0, 0x0, 0x34, 0x30, 0x0, 0x0, 0x7, 0xef,
    0xff, 0xf8, 0x0, 0xa, 0xff, 0xff, 0xff, 0xfa,
    0x5, 0xff, 0xc2, 0x2, 0xdf, 0xf3, 0xaf, 0xf1,
    0x0, 0x3, 0xff, 0x83, 0x44, 0x0, 0x0, 0x1f,
    0xf9, 0x0, 0x0, 0x0, 0x4, 0xff, 0x70, 0x0,
    0x0, 0x1, 0xdf, 0xf1, 0x0, 0x0, 0x1, 0xdf,
    0xf5, 0x0, 0x0, 0x0, 0xdf, 0xf6, 0x0, 0x0,
    0x0, 0x8f, 0xf5, 0x0, 0x0, 0x0, 0xe, 0xfa,
    0x0, 0x0, 0x0, 0x0, 0xef, 0x60, 0x0, 0x0,
    0x0, 0x0, 0x0, 0x0, 0x0, 0x0, 0x0, 0x0,
    0x0, 0x0, 0x0, 0x0, 0x2d, 0xf6, 0x0, 0x0,
    0x0, 0xb, 0xff, 0xf1, 0x0, 0x0, 0x0, 0xbf,
    0xff, 0x10, 0x0, 0x0, 0x2, 0xde, 0x60, 0x0,
    0x0,

    /* U+2754 "❔" */
    0x0, 0x3, 0x67, 0x63, 0x0, 0x0, 0x1b, 0x94,
    0x34, 0x8b, 0x20, 0xb, 0x21, 0x8a, 0x70, 0x1b,
    0x17, 0x51, 0xb3, 0x4, 0xb0, 0x47, 0xb0, 0x74,
    0x0, 0x9, 0x20, 0xa9, 0xbb, 0x0, 0x0, 0x74,
    0xb, 0x0, 0x0, 0x0, 0xb, 0x13, 0x90, 0x0,
    0x0, 0x8, 0x60, 0xa2, 0x0, 0x0, 0x7, 0x80,
    0x96, 0x0, 0x0, 0x5, 0x90, 0xa6, 0x0, 0x0,
    0x0, 0xa0, 0xa6, 0x0, 0x0, 0x0, 0x28, 0x1c,
    0x0, 0x0, 0x0, 0x4, 0xdc, 0x90, 0x0, 0x0,
    0x0, 0x0, 0x0, 0x0, 0x0, 0x0, 0x0, 0x0,
    0x0, 0x0, 0x0, 0x0, 0x4b, 0xc4, 0x0, 0x0,
    0x0, 0xc, 0x0, 0xb0, 0x0, 0x0, 0x0, 0xb0,
    0xc, 0x0, 0x0, 0x0, 0x4, 0xbb, 0x40, 0x0,
    0x0,

    /* U+2755 "❕" */
    0x1, 0x11, 0x4, 0xca, 0xd1, 0x37, 0xa, 0x3,
    0x70, 0xa0, 0x28, 0xb, 0x2, 0x80, 0xb0, 0x29,
    0xb, 0x1, 0x90, 0xb0, 0x19, 0xb, 0x0, 0xa0,
    0xb0, 0xa, 0xb, 0x0, 0xb0, 0xb0, 0xe, 0xbc,
    0x0, 0x0, 0x0, 0x0, 0x0, 0x1, 0xbb, 0xa0,
    0x92, 0x5, 0x69, 0x20, 0x56, 0x1a, 0xb9, 0x0,

    /* U+2757 "❗" */
    0x3, 0x33, 0x1, 0xff, 0xf0, 0x1f, 0xfe, 0x0,
    0xff, 0xe0, 0xf, 0xfe, 0x0, 0xff, 0xd0, 0xf,
    0xfd, 0x0, 0xff, 0xd0, 0xf, 0xfc, 0x0, 0xef,
    0xc0, 0xe, 0xfb, 0x0, 0xdf, 0xb0, 0xc, 0xfa,
    0x0, 0x0, 0x0, 0x0, 0x0, 0x0, 0xbf, 0x90,
    0x8f, 0xff, 0x57, 0xff, 0xf5, 0xb, 0xe9, 0x0,

    /* U+2763 "❣" */
    0x0, 0x0, 0x0, 0x0, 0x0, 0x0, 0x0, 0x0,
    0x4b, 0xab, 0xb2, 0x3, 0xba, 0xab, 0x20, 0x3a,
    0x0, 0x1, 0xb6, 0xa1, 0x0, 0x1b, 0x1a, 0x10,
    0x0, 0x1, 0xc0, 0x0, 0x0, 0x29, 0xb0, 0x0,
    0x0, 0x1, 0x0, 0x0, 0x0, 0xba, 0x0, 0x0,
    0x0, 0x0, 0x0, 0x0, 0xa, 0xa1, 0x0, 0x0,
    0x0, 0x0, 0x0, 0x3, 0x83, 0x80, 0x0, 0x0,
    0x0, 0x0, 0x0, 0xa1, 0xa, 0x30, 0x0, 0x0,
    0x0, 0x0, 0x58, 0x0, 0x1b, 0x10, 0x0, 0x0,
    0x0, 0x2b, 0x0, 0x0, 0x2b, 0x10, 0x0, 0x0,
    0x2b, 0x10, 0x0, 0x0, 0x2b, 0x10, 0x0, 0x2b,
    0x10, 0x0, 0x0, 0x0, 0x2b, 0x20, 0x3b, 0x10,
    0x0, 0x0, 0x0, 0x0, 0x1b, 0x8a, 0x0, 0x0,
    0x0, 0x0, 0x0, 0x0, 0x5, 0x0, 0x0, 0x0,
    0x0, 0x0, 0x0, 0x9, 0xb8, 0x0, 0x0, 0x0,
    0x0, 0x0, 0x9, 0x30, 0x57, 0x0, 0x0, 0x0,
    0x0, 0x0, 0x92, 0x4, 0x70, 0x0, 0x0, 0x0,
    0x0, 0x1, 0xaa, 0x90, 0x0, 0x0, 0x0,

    /* U+2764 "❤" */
    0x0, 0x0, 0x34, 0x20, 0x0, 0x0, 0x0, 0x34,
    0x10, 0x0, 0x0, 0x8b, 0x8f, 0x9f, 0x40, 0x0,
    0xbb, 0x7f, 0xac, 0x0, 0x6, 0xf0, 0xb, 0xc,
    0xa6, 0xa, 0xf0, 0xb, 0xf, 0xb0, 0x1a, 0xb0,
    0xb, 0xb, 0xa, 0x95, 0xb0, 0xb, 0xb, 0x66,
    0x74, 0xb0, 0xb, 0xb, 0x1, 0xf0, 0xb0, 0xb,
    0xb, 0xb, 0xa0, 0xb0, 0xb, 0xb, 0x0, 0xb0,
    0xb0, 0xb, 0xb, 0xb, 0xa1, 0xb0, 0xb, 0xb,
    0x0, 0xb0, 0xb0, 0xb, 0xb, 0xb, 0x83, 0xb0,
    0xb, 0xb, 0x0, 0xb0, 0xb0, 0xb, 0xb, 0xb,
    0x48, 0xb0, 0xb, 0xb, 0x0, 0xb0, 0xb0, 0xb,
    0xb, 0x38, 0xc, 0xb0, 0xb, 0xb, 0x0, 0xb0,
    0xb0, 0xb, 0xb, 0xa2, 0x5, 0xf0, 0xb, 0xb,
    0x0, 0xb0, 0xb0, 0xb, 0xe, 0x90, 0x0, 0xf3,
    0xb, 0xb, 0x0, 0xb0, 0xb0, 0xb, 0xf, 0x0,
    0x0, 0xb, 0x1b, 0xb, 0x0, 0xb0, 0xb0, 0xb,
    0xa3, 0x0, 0x0, 0x2, 0xbc, 0xb, 0x0, 0xb0,
    0xb0, 0xf, 0x40, 0x0, 0x0, 0x0, 0x2f, 0x1b,
    0x0, 0xb0, 0xb0, 0x9a, 0x0, 0x0, 0x0, 0x0,
    0x2, 0xbd, 0x0, 0xb0, 0xba, 0x50, 0x0, 0x0,
    0x0, 0x0, 0x0, 0x1f, 0x30, 0xb1, 0xf3, 0x0,
    0x0, 0x0, 0x0, 0x0, 0x0, 0x0, 0xa5, 0xeb,
    0x20, 0x0, 0x0, 0x0, 0x0, 0x0, 0x0, 0x0,
    0x7, 0xf0, 0x0, 0x0, 0x0, 0x0,

    /* U+2795 "➕" */
    0x0, 0x0, 0x0, 0xbf, 0xff, 0x40, 0x0, 0x0,
    0x0, 0x0, 0x0, 0xb, 0xff, 0xf5, 0x0, 0x0,
    0x0, 0x0, 0x0, 0x0, 0xbf, 0xff, 0x50, 0x0,
    0x0, 0x0, 0x0, 0x0, 0xb, 0xff, 0xf5, 0x0,
    0x0, 0x0, 0x0, 0x0, 0x0, 0xbf, 0xff, 0x50,
    0x0, 0x0, 0x0, 0x0, 0x0, 0xb, 0xff, 0xf5,
    0x0, 0x0, 0x0, 0x34, 0x44, 0x44, 0xcf, 0xff,
    0x74, 0x44, 0x44, 0x2e, 0xff, 0xff, 0xff, 0xff,
    0xff, 0xff, 0xff, 0xf9, 0xef, 0xff, 0xff, 0xff,
    0xff, 0xff, 0xff, 0xff, 0x9e, 0xff, 0xff, 0xff,
    0xff, 0xff, 0xff, 0xff, 0xf9, 0xbc, 0xcc, 0xcc,
    0xff, 0xff, 0xdc, 0xcc, 0xcc, 0x70, 0x0, 0x0,
    0xb, 0xff, 0xf5, 0x0, 0x0, 0x0, 0x0, 0x0,
    0x0, 0xbf, 0xff, 0x50, 0x0, 0x0, 0x0, 0x0,
    0x0, 0xb, 0xff, 0xf5, 0x0, 0x0, 0x0, 0x0,
    0x0, 0x0, 0xbf, 0xff, 0x50, 0x0, 0x0, 0x0,
    0x0, 0x0, 0xb, 0xff, 0xf5, 0x0, 0x0, 0x0,
    0x0, 0x0, 0x0, 0xbf, 0xff, 0x50, 0x0, 0x0,
    0x0, 0x0, 0x0, 0x5, 0x77, 0x72, 0x0, 0x0,
    0x0,

    /* U+2796 "➖" */
    0x55, 0x55, 0x55, 0x55, 0x55, 0x55, 0x55, 0x55,
    0x3e, 0xff, 0xff, 0xff, 0xff, 0xff, 0xff, 0xff,
    0xf9, 0xef, 0xff, 0xff, 0xff, 0xff, 0xff, 0xff,
    0xff, 0x9e, 0xff, 0xff, 0xff, 0xff, 0xff, 0xff,
    0xff, 0xf9, 0xef, 0xff, 0xff, 0xff, 0xff, 0xff,
    0xff, 0xff, 0x90, 0x0, 0x0, 0x0, 0x0, 0x0,
    0x0, 0x0, 0x0,

    /* U+2797 "➗" */
    0x0, 0x0, 0x0, 0x2, 0x40, 0x0, 0x0, 0x0,
    0x0, 0x0, 0x0, 0x7, 0xff, 0xe2, 0x0, 0x0,
    0x0, 0x0, 0x0, 0x2, 0xff, 0xff, 0xd0, 0x0,
    0x0, 0x0, 0x0, 0x0, 0x4f, 0xff, 0xff, 0x0,
    0x0, 0x0, 0x0, 0x0, 0x1, 0xff, 0xff, 0xb0,
    0x0, 0x0, 0x0, 0x0, 0x0, 0x3, 0xef, 0xb1,
    0x0, 0x0, 0x0, 0x0, 0x0, 0x0, 0x0, 0x0,
    0x0, 0x0, 0x0, 0x5, 0x55, 0x55, 0x55, 0x55,
    0x55, 0x55, 0x55, 0x53, 0xef, 0xff, 0xff, 0xff,
    0xff, 0xff, 0xff, 0xff, 0x9e, 0xff, 0xff, 0xff,
    0xff, 0xff, 0xff, 0xff, 0xf9, 0xef, 0xff, 0xff,
    0xff, 0xff, 0xff, 0xff, 0xff, 0x9e, 0xff, 0xff,
    0xff, 0xff, 0xff, 0xff, 0xff, 0xf9, 0x0, 0x0,
    0x0, 0x0, 0x0, 0x0, 0x0, 0x0, 0x0, 0x0,
    0x0, 0x0, 0x35, 0x10, 0x0, 0x0, 0x0, 0x0,
    0x0, 0x0, 0x7f, 0xff, 0x30, 0x0, 0x0, 0x0,
    0x0, 0x0, 0x2f, 0xff, 0xfd, 0x0, 0x0, 0x0,
    0x0, 0x0, 0x4, 0xff, 0xff, 0xf0, 0x0, 0x0,
    0x0, 0x0, 0x0, 0x1e, 0xff, 0xfa, 0x0, 0x0,
    0x0, 0x0, 0x0, 0x0, 0x3c, 0xea, 0x0, 0x0,
    0x0, 0x0,

    /* U+27A1 "➡" */
    0x1, 0x22, 0x22, 0x22, 0x22, 0x22, 0x22, 0x22,
    0x20, 0x9, 0xff, 0xff, 0xff, 0xff, 0xff, 0xff,
    0xff, 0xff, 0xe1, 0xef, 0xff, 0xff, 0xff, 0xff,
    0xff, 0xff, 0xff, 0xff, 0x5e, 0xff, 0xff, 0xff,
    0xff, 0xff, 0xff, 0xff, 0xff, 0xf5, 0xef, 0xff,
    0xff, 0xff, 0xff, 0xff, 0xff, 0xff, 0xff, 0x5e,
    0xff, 0xff, 0xff, 0xff, 0xff, 0xff, 0xff, 0xff,
    0xf5, 0xef, 0xff, 0xff, 0xff, 0xff, 0xfb, 0xff,
    0xff, 0xff, 0x5e, 0xff, 0xff, 0xff, 0xff, 0xff,
    0x72, 0xef, 0xff, 0xf5, 0xef, 0xff, 0xff, 0xff,
    0xff, 0xf7, 0x2, 0xdf, 0xff, 0x5e, 0xff, 0x40,
    0x0, 0x0, 0x0, 0x0, 0x1, 0xdf, 0xf5, 0xef,
    0xf5, 0x11, 0x11, 0x11, 0x10, 0x0, 0x2e, 0xff,
    0x5e, 0xff, 0xff, 0xff, 0xff, 0xff, 0x70, 0x3e,
    0xff, 0xf5, 0xef, 0xff, 0xff, 0xff, 0xff, 0xf7,
    0x4f, 0xff, 0xff, 0x5e, 0xff, 0xff, 0xff, 0xff,
    0xff, 0xcf, 0xff, 0xff, 0xf5, 0xef, 0xff, 0xff,
    0xff, 0xff, 0xff, 0xff, 0xff, 0xff, 0x5e, 0xff,
    0xff, 0xff, 0xff, 0xff, 0xff, 0xff, 0xff, 0xf5,
    0xef, 0xff, 0xff, 0xff, 0xff, 0xff, 0xff, 0xff,
    0xff, 0x5e, 0xff, 0xff, 0xff, 0xff, 0xff, 0xff,
    0xff, 0xff, 0xf5, 0x7f, 0xff, 0xff, 0xff, 0xff,
    0xff, 0xff, 0xff, 0xfc, 0x10,

    /* U+27B0 "➰" */
    0x6a, 0xcd, 0xcb, 0x73, 0x26, 0xac, 0xdc, 0xb8,
    0x1e, 0xff, 0xff, 0xff, 0xff, 0xff, 0xff, 0xff,
    0xf5, 0xca, 0x87, 0x7e, 0xff, 0xff, 0xf8, 0x67,
    0x9d, 0x40, 0x0, 0x5, 0xff, 0xd9, 0xff, 0xb0,
    0x0, 0x0, 0x0, 0x1, 0xff, 0xb0, 0x5, 0xff,
    0x70, 0x0, 0x0, 0x0, 0x7f, 0xf1, 0x0, 0x9,
    0xfe, 0x0, 0x0, 0x0, 0xc, 0xfa, 0x0, 0x0,
    0x3f, 0xf2, 0x0, 0x0, 0x0, 0xdf, 0x80, 0x0,
    0x1, 0xff, 0x40, 0x0, 0x0, 0xd, 0xf9, 0x0,
    0x0, 0x2f, 0xf3, 0x0, 0x0, 0x0, 0xaf, 0xd0,
    0x0, 0x7, 0xff, 0x10, 0x0, 0x0, 0x4, 0xff,
    0x90, 0x4, 0xef, 0xb0, 0x0, 0x0, 0x0, 0xa,
    0xff, 0xff, 0xff, 0xe2, 0x0, 0x0, 0x0, 0x0,
    0x8, 0xff, 0xff, 0xc2, 0x0, 0x0, 0x0, 0x0,
    0x0, 0x1, 0x45, 0x20, 0x0, 0x0, 0x0,

    /* U+27BF "➿" */
    0x21, 0x0, 0x0, 0x1, 0x46, 0x65, 0x30, 0x0,
    0x0, 0x2, 0x1e, 0xfe, 0x93, 0x5c, 0xff, 0xff,
    0xff, 0xe9, 0x26, 0xbf, 0xf7, 0xad, 0xff, 0xff,
    0xff, 0xc9, 0x9a, 0xdf, 0xff, 0xff, 0xfc, 0x50,
    0x4, 0xff, 0xff, 0x50, 0x0, 0x0, 0xbf, 0xff,
    0xc0, 0x0, 0x1, 0xef, 0x84, 0xef, 0x40, 0x0,
    0xbf, 0xa3, 0xdf, 0x80, 0x0, 0x9f, 0x90, 0x3,
    0xfe, 0x0, 0x5f, 0xc0, 0x2, 0xef, 0x20, 0xf,
    0xf1, 0x0, 0xb, 0xf4, 0xb, 0xf4, 0x0, 0x8,
    0xf8, 0x3, 0xfc, 0x0, 0x0, 0x8f, 0x70, 0xef,
    0x10, 0x0, 0x4f, 0xc0, 0x4f, 0xb0, 0x0, 0x7,
    0xf8, 0xf, 0xf0, 0x0, 0x3, 0xfd, 0x2, 0xfe,
    0x0, 0x0, 0xaf, 0x60, 0xdf, 0x30, 0x0, 0x5f,
    0xb0, 0xd, 0xf8, 0x0, 0x5f, 0xf1, 0x8, 0xfc,
    0x10, 0x2d, 0xf6, 0x0, 0x3f, 0xfe, 0xef, 0xf7,
    0x0, 0xd, 0xff, 0xdf, 0xfc, 0x0, 0x0, 0x3c,
    0xff, 0xe6, 0x0, 0x0, 0x1a, 0xff, 0xf9, 0x0,
    0x0, 0x0, 0x0, 0x10, 0x0, 0x0, 0x0, 0x0,
    0x10, 0x0, 0x0,

    /* U+1F32D "🌭" */
    0x0, 0x5c, 0xa1, 0x0, 0x0, 0x0, 0x0, 0x0,
    0x0, 0x0, 0x0, 0x2f, 0xef, 0xfb, 0xa3, 0x0,
    0x0, 0x0, 0x0, 0x0, 0x0, 0x4, 0xfb, 0x4a,
    0xa1, 0xa5, 0x0, 0x0, 0x0, 0x0, 0x0, 0x0,
    0x6f, 0xff, 0x88, 0x40, 0xa3, 0x0, 0x0, 0x0,
    0x0, 0x0, 0x39, 0x1f, 0xff, 0x4e, 0x10, 0xb2,
    0x0, 0x0, 0x0, 0x0, 0x9, 0x20, 0xf, 0xf4,
    0xfb, 0x1, 0xb3, 0x0, 0x0, 0x0, 0x0, 0xa0,
    0x0, 0x1f, 0x6c, 0xfa, 0x0, 0x98, 0x0, 0x0,
    0x0, 0x9, 0x10, 0x0, 0x8f, 0x54, 0x89, 0x0,
    0x4b, 0x81, 0x0, 0x0, 0x65, 0x0, 0x0, 0xff,
    0xfb, 0x4c, 0x40, 0x4, 0xb8, 0x0, 0x1, 0xa0,
    0x0, 0x0, 0xff, 0xfc, 0x6f, 0xc5, 0x0, 0x4b,
    0x0, 0x9, 0x20, 0x0, 0x0, 0xef, 0xf6, 0x9a,
    0x9b, 0x94, 0x66, 0x0, 0x1b, 0x0, 0x0, 0x0,
    0x5f, 0xfd, 0xab, 0x4a, 0xff, 0xf0, 0x0, 0x59,
    0x0, 0x0, 0x0, 0x4, 0xff, 0xff, 0x4f, 0xff,
    0x30, 0x0, 0x68, 0x0, 0x0, 0x0, 0x0, 0xc,
    0xff, 0xff, 0xf4, 0x0, 0x0, 0x6a, 0x10, 0x0,
    0x0, 0x0, 0x5, 0xff, 0xfc, 0x0, 0x0, 0x0,
    0x3b, 0x60, 0x0, 0x0, 0x0, 0x1c, 0x53, 0x0,
    0x0, 0x0, 0x0, 0x6, 0xb8, 0x41, 0x1, 0x4b,
    0x20, 0x0, 0x0, 0x0, 0x0, 0x0, 0x0, 0x26,
    0x9a, 0xa6, 0x10, 0x0, 0x0,

    /* U+1F32E "🌮" */
    0x0, 0x0, 0x0, 0x3, 0x89, 0x99, 0x72, 0x0,
    0x0, 0x0, 0x0, 0x0, 0x0, 0x4a, 0x61, 0x0,
    0x2, 0x99, 0x88, 0x50, 0x0, 0x0, 0x0, 0x87,
    0x0, 0x1, 0xab, 0x6a, 0x40, 0x14, 0xa3, 0x0,
    0x0, 0x95, 0x0, 0x14, 0xaf, 0xfa, 0x0, 0x0,
    0x0, 0xa2, 0x0, 0x66, 0x5, 0xdf, 0xf2, 0xdf,
    0x0, 0x0, 0x0, 0x1, 0x90, 0x2a, 0x3, 0xfd,
    0x38, 0xff, 0x30, 0x0, 0x0, 0x0, 0xb, 0x9,
    0x20, 0xaf, 0xc0, 0x9f, 0xb0, 0x0, 0x0, 0x0,
    0x0, 0xb1, 0xa0, 0x4f, 0x8d, 0xff, 0xf2, 0x30,
    0x0, 0x0, 0x0, 0x1b, 0x64, 0x1e, 0x80, 0x9f,
    0xfd, 0x1, 0x0, 0x20, 0x0, 0xa, 0x4a, 0x5,
    0xf1, 0xb, 0xff, 0x24, 0x0, 0x1, 0x0, 0x1b,
    0x60, 0xb0, 0x5f, 0x22, 0xff, 0xf0, 0x0, 0x0,
    0x1, 0x8b, 0x20, 0xb, 0x4, 0xff, 0xff, 0xf5,
    0x0, 0x40, 0x7, 0xb4, 0x0, 0x0, 0xb0, 0x7f,
    0x9d, 0xff, 0x2, 0x0, 0x5b, 0x40, 0x0, 0x0,
    0xb, 0x5, 0xd0, 0x6f, 0x70, 0x30, 0xa8, 0x0,
    0x0, 0x0, 0x0, 0xa1, 0x5f, 0x5d, 0xf0, 0x3,
    0xc4, 0x0, 0x0, 0x0, 0x0, 0x3, 0xa5, 0xff,
    0xf6, 0x18, 0xb1, 0x0, 0x0, 0x0, 0x0, 0x0,
    0x6, 0xbf, 0xff, 0xab, 0x40, 0x0, 0x0, 0x0,
    0x0, 0x0, 0x0, 0x1, 0x45, 0x41, 0x0, 0x0,
    0x0, 0x0, 0x0, 0x0, 0x0,

    /* U+1F32F "🌯" */
    0x0, 0x0, 0x0, 0x0, 0x0, 0x0, 0x0, 0x0,
    0x0, 0x0, 0x0, 0x7b, 0xba, 0xaa, 0x10, 0x0,
    0x0, 0x0, 0x0, 0x2, 0xb4, 0x2, 0x65, 0x5b,
    0x0, 0x0, 0x0, 0x0, 0x0, 0xb1, 0x7, 0xff,
    0xff, 0xf7, 0x0, 0x0, 0x0, 0x0, 0x55, 0x6,
    0xef, 0x9c, 0xff, 0x54, 0x0, 0x0, 0x0, 0x9,
    0x16, 0xfa, 0x87, 0xef, 0xf0, 0x81, 0x0, 0x0,
    0x0, 0xa0, 0x8f, 0xec, 0xed, 0x8f, 0x0, 0x90,
    0x0, 0x0, 0x8, 0x36, 0xc3, 0xf3, 0xfe, 0xf0,
    0x2, 0xa0, 0x0, 0x0, 0x3b, 0x4f, 0xff, 0xef,
    0xff, 0x0, 0x1e, 0x50, 0x0, 0x0, 0x9f, 0xff,
    0xff, 0xff, 0xf6, 0x7, 0x48, 0x20, 0x0, 0x0,
    0x9c, 0x10, 0x0, 0x2, 0x8e, 0xb0, 0xa, 0x0,
    0x0, 0x0, 0x7c, 0x10, 0x0, 0x5, 0xd1, 0x0,
    0x2a, 0x0, 0x0, 0x0, 0x5d, 0x23, 0x7b, 0x8b,
    0x0, 0x0, 0x57, 0x0, 0x0, 0x0, 0x4f, 0xff,
    0x0, 0x78, 0x0, 0x0, 0xb0, 0x0, 0x0, 0x0,
    0x2f, 0xfb, 0x0, 0x92, 0x0, 0xb, 0x0, 0x0,
    0x0, 0x0, 0x1f, 0xf4, 0x2, 0xc2, 0x0, 0xb0,
    0x0, 0x0, 0x0, 0x0, 0xe, 0xf5, 0x2, 0xb0,
    0x76, 0x0, 0x0, 0x0, 0x0, 0x0, 0xc, 0xf2,
    0x3, 0xf9, 0x0, 0x0, 0x0, 0x0, 0x0, 0x0,
    0x9, 0xfb, 0xb5, 0x0, 0x0,

    /* U+1F330 "🌰" */
    0x0, 0x0, 0x0, 0x0, 0x0, 0x20, 0x0, 0x0,
    0x0, 0x0, 0x0, 0x0, 0x0, 0x0, 0x0, 0x5c,
    0x80, 0x0, 0x0, 0x0, 0x0, 0x0, 0x0, 0x0,
    0x0, 0x98, 0x5, 0xb1, 0x0, 0x0, 0x0, 0x0,
    0x0, 0x0, 0x3, 0xd5, 0x0, 0x2, 0xd5, 0x0,
    0x0, 0x0, 0x0, 0x0, 0x9, 0xff, 0xf9, 0x68,
    0xdf, 0xfb, 0x10, 0x0, 0x0, 0x0, 0x2d, 0xfa,
    0xef, 0xff, 0xff, 0xff, 0xff, 0x50, 0x0, 0x0,
    0x3e, 0xfa, 0x6f, 0xff, 0xff, 0xff, 0xfe, 0xaf,
    0x50, 0x0, 0x1e, 0xfe, 0x4f, 0xff, 0xff, 0xff,
    0xff, 0xf5, 0xcf, 0x30, 0x8, 0xff, 0x7c, 0xff,
    0xff, 0xff, 0xff, 0x7f, 0xe5, 0xfc, 0x0, 0xef,
    0xf4, 0xff, 0xff, 0xff, 0xff, 0xf7, 0xcf, 0x6e,
    0xf2, 0x2f, 0xfe, 0x6f, 0xff, 0xff, 0xff, 0xff,
    0xaa, 0xfa, 0xaf, 0x63, 0xff, 0xc7, 0xff, 0xff,
    0xff, 0xff, 0xfa, 0x9f, 0xb8, 0xf7, 0x2f, 0xfd,
    0x7f, 0xff, 0xff, 0xff, 0xff, 0x9b, 0xfb, 0x9f,
    0x50, 0xef, 0xf5, 0xff, 0xff, 0xff, 0xff, 0xf7,
    0xdf, 0x8c, 0xf2, 0x8, 0xff, 0x5f, 0xff, 0xff,
    0xff, 0xff, 0x5f, 0xf4, 0xfb, 0x0, 0xd, 0xfd,
    0xff, 0xcb, 0xef, 0xfb, 0xcf, 0xfc, 0x7f, 0x20,
    0x0, 0x1d, 0xfa, 0x20, 0x0, 0x10, 0x0, 0x18,
    0xfe, 0x30, 0x0, 0x0, 0x8, 0xc6, 0x10, 0x0,
    0x0, 0x5, 0xba, 0x10, 0x0, 0x0, 0x0, 0x0,
    0x69, 0xbb, 0xbb, 0xba, 0x71, 0x0, 0x0, 0x0,

    /* U+1F331 "🌱" */
    0x0, 0x0, 0x0, 0x0, 0x0, 0x0, 0x0, 0x0,
    0x0, 0x0, 0x0, 0x0, 0x0, 0x0, 0x0, 0x0,
    0x0, 0x1, 0x8b, 0xba, 0xaa, 0x0, 0x0, 0x0,
    0x0, 0x0, 0x0, 0x6, 0xb4, 0x0, 0x1, 0x90,
    0x0, 0x48, 0xa9, 0x72, 0x0, 0x8, 0x70, 0x68,
    0x0, 0x47, 0x7, 0xb6, 0x20, 0x14, 0xa9, 0x15,
    0x80, 0xa6, 0x0, 0x9, 0x21, 0xc0, 0x2, 0xa8,
    0x30, 0x3c, 0xb0, 0x94, 0x0, 0x1, 0xb0, 0x8,
    0x50, 0x0, 0x39, 0xb2, 0x24, 0x16, 0x0, 0x0,
    0xa2, 0x0, 0xb, 0x20, 0x0, 0x1, 0x40, 0x0,
    0x0, 0x0, 0x95, 0x0, 0x0, 0x1b, 0x30, 0x0,
    0x0, 0x0, 0x0, 0x4, 0xb4, 0x0, 0x0, 0x0,
    0x9, 0x93, 0x0, 0x4, 0x26, 0xab, 0x70, 0x0,
    0x0, 0x0, 0x0, 0x2, 0x7a, 0xba, 0x97, 0x73,
    0x0, 0x0, 0x0, 0x0, 0x0, 0x0, 0x0, 0x0,
    0x0, 0xa3, 0x70, 0x0, 0x0, 0x0, 0x0, 0x0,
    0x0, 0x0, 0x0, 0xa, 0xa, 0x0, 0x0, 0x0,
    0x0, 0x0, 0x0, 0x0, 0x0, 0x0, 0xa0, 0xb0,
    0x0, 0x0, 0x0, 0x0, 0x0, 0x0, 0x0, 0x0,
    0x9, 0xb, 0x0, 0x0, 0x0, 0x0, 0x0, 0x0,
    0x0, 0x0, 0x4, 0x60, 0xb0, 0x0, 0x0, 0x0,
    0x0, 0x0, 0x0, 0x0, 0x0, 0x91, 0xb, 0x0,
    0x0, 0x0, 0x0, 0x0, 0x0, 0x0, 0x0, 0xa,
    0x1, 0xb0, 0x0, 0x0, 0x0, 0x0, 0x0, 0x0,
    0x0, 0x0, 0xab, 0xb2, 0x0, 0x0, 0x0, 0x0,

    /* U+1F332 "🌲" */
    0x0, 0x0, 0x0, 0x0, 0x0, 0x0, 0x0, 0x0,
    0x0, 0x0, 0x0, 0x0, 0x7c, 0x50, 0x0, 0x0,
    0x0, 0x0, 0x0, 0x0, 0x49, 0xb, 0x20, 0x0,
    0x0, 0x0, 0x0, 0x0, 0x2b, 0x0, 0x1b, 0x20,
    0x0, 0x0, 0x0, 0x0, 0x4b, 0x10, 0x3, 0x1a,
    0x50, 0x0, 0x0, 0x0, 0x58, 0x0, 0x8, 0x13,
    0x7, 0x50, 0x0, 0x0, 0x7, 0xa7, 0x83, 0x4,
    0x87, 0xd5, 0x0, 0x0, 0x0, 0xd, 0x63, 0xb1,
    0xb4, 0x4d, 0x0, 0x0, 0x0, 0x6b, 0x40, 0x3,
    0xa6, 0x5, 0x2b, 0x50, 0x0, 0x76, 0x4, 0x50,
    0x0, 0x0, 0x40, 0x8, 0x90, 0x7, 0x72, 0x24,
    0x40, 0x0, 0x74, 0x22, 0x79, 0x0, 0x5, 0xf9,
    0x7b, 0x22, 0xb6, 0x79, 0xf5, 0x0, 0x1, 0xa4,
    0x0, 0x19, 0x82, 0x0, 0x7, 0x80, 0x6, 0xa2,
    0x17, 0x0, 0x0, 0x2, 0x30, 0x4, 0xb4, 0xb2,
    0x0, 0x5, 0x30, 0x0, 0x3, 0x0, 0x4, 0xa1,
    0x8a, 0xc0, 0x5, 0x30, 0x44, 0x0, 0xc9, 0x71,
    0x0, 0x5, 0xba, 0x6f, 0xfd, 0x7b, 0xa2, 0x0,
    0x0, 0x0, 0x0, 0x0, 0xbf, 0x90, 0x0, 0x0,
    0x0, 0x0, 0x0, 0x0, 0xb, 0xf9, 0x0, 0x0,
    0x0, 0x0,

    /* U+1F333 "🌳" */
    0x0, 0x0, 0x0, 0x0, 0x0, 0x0, 0x0, 0x0,
    0x0, 0x0, 0x0, 0x4b, 0xba, 0xab, 0x60, 0x0,
    0x0, 0x0, 0x0, 0x99, 0x10, 0x0, 0x5, 0xb0,
    0x0, 0x0, 0x0, 0x59, 0x0, 0x0, 0x0, 0x3,
    0xa0, 0x0, 0x1, 0x9d, 0x40, 0x0, 0x0, 0x0,
    0x8, 0x80, 0x1, 0xc2, 0x37, 0x0, 0x0, 0x0,
    0x0, 0x5, 0x90, 0x84, 0x0, 0x0, 0x0, 0x0,
    0x0, 0x0, 0x9, 0x3b, 0x0, 0x0, 0x0, 0x0,
    0x0, 0xa, 0x0, 0x38, 0xa0, 0x0, 0x0, 0x0,
    0x0, 0x5, 0x80, 0x5, 0x94, 0x80, 0x3, 0xb6,
    0x22, 0x4c, 0x90, 0x2, 0xd8, 0xd, 0xa5, 0x48,
    0xff, 0xff, 0xfe, 0xbc, 0xff, 0x20, 0x8f, 0xff,
    0xf4, 0xb9, 0x9f, 0xff, 0xff, 0x60, 0x0, 0xcf,
    0xff, 0xd2, 0x5b, 0xff, 0xfc, 0x40, 0x0, 0x0,
    0x9f, 0xff, 0xb0, 0x84, 0xd1, 0x0, 0x0, 0x0,
    0x0, 0x2, 0x2a, 0x0, 0xb2, 0x0, 0x0, 0x0,
    0x0, 0x0, 0x0, 0xa0, 0x94, 0x0, 0x0, 0x0,
    0x0, 0x0, 0x0, 0xa, 0x9, 0x10, 0x0, 0x0,
    0x0, 0x0, 0x0, 0x0, 0xb0, 0x82, 0x0, 0x0,
    0x0, 0x0, 0x0, 0x0, 0xa, 0xbb, 0x0, 0x0,
    0x0, 0x0,

    /* U+1F334 "🌴" */
    0x0, 0x0, 0x0, 0x0, 0x35, 0x0, 0x0, 0x0,
    0x0, 0x0, 0x0, 0x2b, 0x7a, 0x0, 0x0, 0x0,
    0x0, 0x0, 0x0, 0xb1, 0x8, 0x18, 0xa7, 0x10,
    0x0, 0x0, 0x1, 0x80, 0xc, 0xc4, 0x4, 0xc0,
    0x0, 0x39, 0xa9, 0x70, 0x7, 0x0, 0x9, 0x80,
    0x7, 0x91, 0x3, 0x40, 0x0, 0x2, 0xb4, 0x0,
    0x2a, 0x0, 0x0, 0x2, 0x73, 0x24, 0xcb, 0x60,
    0x5c, 0xbb, 0xa0, 0x11, 0xca, 0x20, 0x0, 0x86,
    0x0, 0x1b, 0x50, 0x3a, 0xdf, 0x30, 0x0, 0xb,
    0x0, 0xb2, 0x1, 0x0, 0x5c, 0xfd, 0x95, 0xb,
    0x3, 0x80, 0x59, 0x0, 0xed, 0xca, 0x15, 0x9b,
    0x6, 0x44, 0xe5, 0x6, 0x7b, 0xc, 0x0, 0x0,
    0x6, 0x8b, 0x55, 0xc, 0x9, 0xce, 0x40, 0x0,
    0x2, 0xc0, 0x2a, 0x76, 0x7, 0x32, 0x80, 0x0,
    0x0, 0x0, 0x7, 0xd0, 0x7, 0xca, 0xc0, 0x0,
    0x0, 0x0, 0x0, 0x0, 0x9, 0x20, 0xb0, 0x0,
    0x0, 0x0, 0x0, 0x0, 0xd, 0xa9, 0xf0, 0x0,
    0x0, 0x0, 0x0, 0x0, 0xb, 0x0, 0xb0, 0x0,
    0x0, 0x0, 0x0, 0x0, 0x9, 0xab, 0xa0, 0x0,

    /* U+1F335 "🌵" */
    0x0, 0x0, 0x0, 0x0, 0x51, 0x0, 0x0, 0x0,
    0x0, 0x0, 0x0, 0x0, 0x8f, 0xb1, 0x0, 0x0,
    0x0, 0x0, 0x0, 0x0, 0x8b, 0x5a, 0xb3, 0x0,
    0x0, 0x0, 0x0, 0x0, 0x1b, 0x71, 0x8b, 0x90,
    0x0, 0x0, 0x0, 0x1, 0xa, 0xa7, 0x8, 0x73,
    0x7, 0x80, 0x0, 0x8, 0xf2, 0x29, 0x80, 0x88,
    0x38, 0xec, 0x60, 0x7, 0x78, 0xa0, 0xa9, 0x78,
    0x92, 0xb2, 0x6f, 0x33, 0xf3, 0x4b, 0xb, 0x81,
    0x8a, 0x1b, 0x7, 0xe0, 0x1d, 0x53, 0xb0, 0xb7,
    0x8, 0xb0, 0xb0, 0x7d, 0x0, 0xbe, 0x3b, 0xb,
    0x71, 0x8b, 0xb, 0x36, 0xe1, 0x3f, 0x34, 0xb2,
    0xf6, 0x19, 0x59, 0x49, 0x6c, 0x20, 0x93, 0x87,
    0x9c, 0x62, 0xc8, 0x89, 0x4c, 0x10, 0x3, 0xa7,
    0x46, 0x95, 0x37, 0x64, 0x5c, 0xe0, 0x0, 0x2f,
    0x66, 0x98, 0xd4, 0x7b, 0x65, 0x11, 0x0, 0x0,
    0x9, 0xa3, 0x15, 0x46, 0xd6, 0x0, 0x0, 0x0,
    0x0, 0x3, 0x8d, 0x65, 0x6b, 0x30, 0x0, 0x0,
    0x0, 0x0, 0x1, 0xc7, 0x56, 0xd3, 0x0, 0x0,
    0x0, 0x0, 0x0, 0x19, 0xa5, 0x8c, 0x30, 0x0,
    0x0, 0x0, 0x0, 0x0, 0xc, 0xee, 0x20, 0x0,
    0x0, 0x0,

    /* U+1F336 "🌶" */
    0x0, 0x0, 0x0, 0x0, 0x0, 0x0, 0x0, 0x1,
    0x0, 0x0, 0x0, 0x0, 0x0, 0x0, 0x0, 0x0,
    0x0, 0x4e, 0xd0, 0x0, 0x0, 0x0, 0x0, 0x0,
    0x0, 0x0, 0x0, 0x0, 0xd4, 0x0, 0x0, 0x0,
    0x0, 0x0, 0x0, 0x0, 0x0, 0x0, 0xe2, 0x0,
    0x0, 0x0, 0x0, 0x0, 0x0, 0x0, 0x45, 0x5c,
    0xf0, 0x0, 0x0, 0x0, 0x0, 0x0, 0x0, 0xf,
    0xff, 0xff, 0xf3, 0x0, 0x0, 0x0, 0x0, 0x0,
    0x0, 0x48, 0x9c, 0xdf, 0xff, 0x30, 0x0, 0x0,
    0x0, 0x0, 0x0, 0xa1, 0x0, 0xc, 0xfd, 0xd0,
    0x0, 0x0, 0x0, 0x0, 0x0, 0xb0, 0x10, 0x1,
    0x10, 0xf0, 0x0, 0x0, 0x0, 0x0, 0x3, 0x70,
    0x90, 0x0, 0x0, 0x90, 0x0, 0x0, 0x0, 0x0,
    0x8, 0x34, 0x60, 0x0, 0x4, 0x60, 0x59, 0x0,
    0x0, 0x0, 0xb, 0xa, 0x10, 0x0, 0x9, 0x20,
    0xb4, 0x80, 0x0, 0x0, 0x75, 0xa, 0x0, 0x0,
    0xa, 0x0, 0xb0, 0x86, 0x0, 0x6, 0xa0, 0x0,
    0x0, 0x0, 0x93, 0x0, 0xb0, 0x6, 0xbb, 0xb7,
    0x0, 0x0, 0x0, 0x5, 0x80, 0x0, 0x65, 0x0,
    0x0, 0x0, 0x0, 0x0, 0x0, 0x4a, 0x0, 0x0,
    0xb, 0x30, 0x0, 0x0, 0x0, 0x0, 0x8, 0x80,
    0x0, 0x0, 0x0, 0x99, 0x20, 0x0, 0x0, 0x27,
    0xb3, 0x0, 0x0, 0x0, 0x0, 0x3, 0x8b, 0xba,
    0xab, 0x83, 0x0, 0x0, 0x0, 0x0,

    /* U+1F337 "🌷" */
    0x0, 0x0, 0x0, 0x13, 0x2, 0x30, 0x0, 0x0,
    0x0, 0x4a, 0x6b, 0x7d, 0xaa, 0x50, 0x0, 0x0,
    0x2b, 0x1d, 0x60, 0xb0, 0xb, 0x0, 0x0, 0x7,
    0x40, 0xb, 0x75, 0x0, 0x74, 0x0, 0x0, 0xb0,
    0x0, 0x2f, 0x0, 0x2, 0x90, 0x0, 0xb, 0x0,
    0x0, 0x83, 0x0, 0xb, 0x0, 0x0, 0xb0, 0x0,
    0x1, 0xa0, 0x0, 0xb0, 0x0, 0x9, 0x10, 0x0,
    0x9, 0x0, 0xa, 0x0, 0x0, 0x56, 0x0, 0x0,
    0x0, 0x0, 0xa0, 0x0, 0x0, 0xb0, 0x0, 0x0,
    0x0, 0x56, 0x0, 0x0, 0x4, 0x90, 0x0, 0x0,
    0x1b, 0x0, 0x0, 0xa8, 0x25, 0xb5, 0x33, 0x7b,
    0x15, 0xa0, 0x1a, 0x3a, 0xa2, 0x5d, 0xb3, 0x1a,
    0x68, 0x20, 0xa2, 0x2, 0xb7, 0x74, 0x3b, 0x20,
    0xb0, 0x1, 0xb1, 0x0, 0x5f, 0x9a, 0x0, 0x48,
    0x0, 0x2, 0xb2, 0x0, 0xfc, 0x0, 0x1c, 0x10,
    0x0, 0x1, 0xa8, 0x5a, 0x0, 0xb, 0x40, 0x0,
    0x0, 0x0, 0x3f, 0x0, 0x3b, 0x40, 0x0, 0x0,
    0x0, 0x0, 0xab, 0xb8, 0x10, 0x0, 0x0,

    /* U+1F338 "🌸" */
    0x0, 0x0, 0x0, 0x0, 0x23, 0x3, 0x20, 0x0,
    0x0, 0x0, 0x0, 0x0, 0x0, 0x0, 0x6a, 0xc4,
    0xca, 0x60, 0x0, 0x0, 0x0, 0x0, 0x0, 0x0,
    0x49, 0x2, 0xe2, 0xa, 0x30, 0x0, 0x0, 0x0,
    0x0, 0x0, 0xa, 0x10, 0x1, 0x0, 0x29, 0x0,
    0x0, 0x0, 0x0, 0x18, 0xa9, 0xc0, 0x0, 0x0,
    0x0, 0xc9, 0xa7, 0x10, 0x0, 0x3b, 0x30, 0x28,
    0x0, 0x0, 0x0, 0x18, 0x20, 0x4c, 0x30, 0xd,
    0x10, 0x0, 0x0, 0x0, 0x0, 0x0, 0x0, 0x0,
    0x2c, 0x0, 0x4c, 0x0, 0x0, 0x7, 0x10, 0x27,
    0x0, 0x0, 0x1c, 0x30, 0x6b, 0x82, 0x0, 0x0,
    0xc8, 0xf8, 0xc0, 0x0, 0x3, 0x8c, 0x55, 0x60,
    0x0, 0x0, 0xe, 0xc9, 0xcd, 0x0, 0x0, 0x0,
    0x75, 0xb, 0x0, 0x0, 0x6, 0x8b, 0x5b, 0x85,
    0x0, 0x0, 0x1b, 0x0, 0x3b, 0x30, 0x0, 0x38,
    0xf4, 0xf8, 0x30, 0x0, 0x3b, 0x20, 0x0, 0x19,
    0x80, 0x0, 0x4, 0xe3, 0x0, 0x0, 0xa7, 0x0,
    0x0, 0x0, 0x90, 0x0, 0x0, 0x3, 0x0, 0x0,
    0x2, 0x80, 0x0, 0x0, 0xa, 0x0, 0x0, 0x0,
    0x0, 0x0, 0x0, 0xa, 0x0, 0x0, 0x0, 0xb0,
    0x1, 0x0, 0x0, 0x0, 0x1, 0x0, 0xb0, 0x0,
    0x0, 0x9, 0x5b, 0x70, 0x0, 0x90, 0x0, 0x7b,
    0x77, 0x0, 0x0, 0x0, 0x18, 0x75, 0x1, 0xb8,
    0xb1, 0x5, 0x69, 0x0, 0x0, 0x0, 0x0, 0x5,
    0xbb, 0xa3, 0x3, 0xab, 0xb4, 0x0, 0x0, 0x0,

    /* U+1F339 "🌹" */
    0x0, 0x0, 0x24, 0x31, 0x0, 0x0, 0x0, 0x5,
    0xda, 0x66, 0x9f, 0xb9, 0x0, 0xa, 0xdc, 0x0,
    0x0, 0x45, 0x6b, 0x6, 0x6a, 0xa4, 0xaf, 0xf9,
    0x12, 0xf0, 0xa2, 0xb0, 0xbf, 0xf1, 0x0, 0xab,
    0x28, 0x39, 0x70, 0x5c, 0xb9, 0xb4, 0xa1, 0x1c,
    0x6, 0xb2, 0xc, 0x40, 0x1a, 0x0, 0x66, 0x1,
    0xa9, 0x60, 0x6, 0x50, 0x6, 0x60, 0x0, 0x6a,
    0x0, 0xa1, 0x0, 0x84, 0x0, 0x0, 0x57, 0xb,
    0x0, 0x7, 0x50, 0x0, 0x0, 0xb0, 0xb0, 0x0,
    0x2c, 0x0, 0x0, 0xb, 0x2b, 0x0, 0x0, 0x5c,
    0x40, 0x0, 0xed, 0x40, 0x0, 0x0, 0xdf, 0xfe,
    0xff, 0xd0, 0x0, 0x0, 0x2f, 0xcf, 0xfc, 0xfe,
    0x0, 0x0, 0x4, 0xd5, 0xea, 0xa6, 0xe0, 0x0,
    0x0, 0x93, 0x77, 0xa8, 0x67, 0x40, 0x0, 0x0,
    0x3, 0xa, 0x79, 0x0, 0x0, 0x0, 0x0, 0x0,
    0xcb, 0x0, 0x0, 0x0,

    /* U+1F33A "🌺" */
    0x0, 0x0, 0x10, 0x0, 0x2, 0x21, 0x30, 0x0,
    0x0, 0x0, 0x0, 0xcb, 0xcc, 0x3b, 0x98, 0x98,
    0xc2, 0x0, 0x0, 0x0, 0xb, 0x99, 0x7f, 0x50,
    0x0, 0x1, 0xc1, 0x0, 0x0, 0x0, 0xbc, 0xfe,
    0x20, 0x4, 0x1, 0x1, 0xb0, 0x0, 0x0, 0x5e,
    0x8a, 0x59, 0x0, 0x97, 0x20, 0xa, 0x0, 0x0,
    0x1c, 0x47, 0x8c, 0xf3, 0xa, 0xd9, 0x50, 0xa0,
    0x0, 0x1, 0xc0, 0x0, 0x5, 0xe1, 0x7a, 0x20,
    0x6, 0xa0, 0x0, 0x2d, 0x40, 0x0, 0xc, 0x90,
    0x0, 0x0, 0x2, 0x90, 0x4a, 0x20, 0x21, 0x0,
    0x6f, 0x12, 0x9a, 0x50, 0x9, 0x49, 0x20, 0x4,
    0xbd, 0x10, 0x50, 0x6e, 0x91, 0x0, 0xb, 0xa0,
    0x0, 0x9a, 0xc0, 0x2, 0x0, 0xa4, 0x10, 0x0,
    0xbb, 0x0, 0x0, 0x92, 0x3, 0xf6, 0x0, 0x40,
    0x0, 0x1a, 0xb0, 0x0, 0x1, 0x0, 0xbd, 0xb2,
    0x0, 0x0, 0x2a, 0x23, 0xb1, 0x0, 0x21, 0x8,
    0x81, 0x40, 0x52, 0x2f, 0x30, 0x2, 0xb5, 0xcf,
    0x10, 0x0, 0x0, 0xf, 0xdf, 0xfd, 0x10, 0xb,
    0xfe, 0xf2, 0x0, 0x0, 0x0, 0xff, 0x7d, 0xe2,
    0x5, 0xfd, 0x7f, 0x80, 0x0, 0x0, 0xf, 0xff,
    0xef, 0x30, 0x3f, 0xef, 0xff, 0xb2, 0x0, 0x8a,
    0xaf, 0xcd, 0xf7, 0xc, 0xfb, 0xba, 0x11, 0xab,
    0xb4, 0x0, 0x0, 0x1, 0x10,

    /* U+1F33B "🌻" */
    0x0, 0x0, 0x0, 0x1, 0x0, 0x0, 0x0, 0x0,
    0x0, 0x0, 0xa, 0xc5, 0x0, 0x0, 0x0, 0x0,
    0xc, 0xba, 0x60, 0xa9, 0xb7, 0x0, 0x0, 0x0,
    0xa0, 0x50, 0x2, 0x20, 0xa0, 0x0, 0x1a, 0xa7,
    0x6, 0xbb, 0xb3, 0xa, 0xb7, 0x1, 0xa0, 0x9,
    0x60, 0x10, 0xa4, 0x1, 0xb0, 0x9, 0x42, 0x92,
    0xef, 0xb1, 0xb0, 0x93, 0x5, 0x90, 0x64, 0xaf,
    0xff, 0x6a, 0x12, 0xb1, 0x95, 0x6, 0x4a, 0xff,
    0xf6, 0xa0, 0xa, 0x40, 0xa5, 0x29, 0x2d, 0xfa,
    0x1b, 0xa, 0x50, 0xb, 0x0, 0x86, 0x0, 0x1b,
    0x30, 0x47, 0x0, 0xbb, 0x80, 0x6b, 0xba, 0x20,
    0xbb, 0x80, 0x0, 0xa, 0x4, 0x0, 0x13, 0xa,
    0x0, 0x0, 0x0, 0xcb, 0xa6, 0xa, 0x9b, 0x70,
    0x0, 0x0, 0x1, 0x10, 0x9f, 0x50, 0x0, 0x0,
    0x0, 0x2, 0xc9, 0xb4, 0xb8, 0xbb, 0x50, 0x0,
    0x0, 0xb, 0x20, 0xbf, 0x50, 0x3c, 0x0, 0x0,
    0x0, 0x19, 0xaf, 0xeb, 0xaa, 0x10, 0x0, 0x0,
    0x0, 0x0, 0x81, 0x0, 0x0, 0x0, 0x0,

    /* U+1F33C "🌼" */
    0x0, 0x0, 0x0, 0x35, 0x0, 0x5, 0x30, 0x0,
    0x0, 0x0, 0x0, 0x5, 0x9a, 0x7a, 0xb, 0x6a,
    0x95, 0x0, 0x0, 0x0, 0x0, 0xb1, 0x10, 0x6d,
    0x50, 0x11, 0xb0, 0x0, 0x0, 0x0, 0xa, 0x5,
    0x0, 0x60, 0x5, 0xa, 0x0, 0x0, 0x5, 0xaa,
    0xd0, 0x63, 0x0, 0x5, 0x40, 0xda, 0xa3, 0x1,
    0xb1, 0x14, 0x0, 0xa0, 0x70, 0xa0, 0x4, 0x11,
    0xc0, 0x3b, 0x0, 0x0, 0x57, 0x8f, 0xa5, 0x40,
    0x0, 0xc, 0x1c, 0x11, 0x95, 0x17, 0xd6, 0x55,
    0xe5, 0x15, 0x91, 0x2a, 0xb2, 0x0, 0x49, 0xd6,
    0x66, 0x2, 0xe9, 0x40, 0x3, 0x92, 0xb7, 0x0,
    0x7d, 0x21, 0x70, 0xd, 0x71, 0x8, 0xa1, 0x4b,
    0x30, 0x2, 0xd5, 0x21, 0x0, 0xd3, 0x0, 0x3b,
    0x2c, 0x0, 0x39, 0xaa, 0x76, 0x30, 0x6a, 0xa9,
    0x30, 0x1b, 0xa5, 0x15, 0x0, 0x8b, 0xb7, 0xbc,
    0x80, 0x5, 0x17, 0x81, 0x90, 0x0, 0x1, 0x93,
    0xd4, 0x81, 0x0, 0x0, 0xb0, 0xb, 0xaa, 0xb0,
    0x18, 0x4, 0xa, 0x0, 0xaa, 0xa9, 0x0, 0x0,
    0xb, 0x8, 0x10, 0x10, 0x27, 0xb, 0x0, 0x0,
    0x0, 0x0, 0xb0, 0x20, 0x1e, 0x10, 0x20, 0xb0,
    0x0, 0x0, 0x0, 0xb, 0x95, 0xb, 0x5b, 0x5,
    0x9b, 0x0, 0x0, 0x0, 0x0, 0x2, 0xab, 0x40,
    0x4b, 0xa2, 0x0, 0x0, 0x0,

    /* U+1F33D "🌽" */
    0x0, 0x0, 0x0, 0x1, 0x0, 0x0, 0x0, 0x2,
    0x0, 0x0, 0x0, 0x0, 0x5e, 0xaa, 0x89, 0x7,
    0xac, 0x9b, 0x0, 0x0, 0x0, 0x4, 0x69, 0x9a,
    0xba, 0x71, 0x10, 0xc0, 0x0, 0x0, 0x0, 0x2,
    0x91, 0x4c, 0xd0, 0x0, 0xd, 0x0, 0x0, 0x0,
    0x0, 0xa2, 0xb, 0x10, 0x79, 0x0, 0xa2, 0x0,
    0x0, 0x0, 0x76, 0x3b, 0x70, 0xc, 0x30, 0x5b,
    0x0, 0x0, 0x0, 0x58, 0xa, 0x0, 0x8d, 0x60,
    0xb, 0x0, 0x0, 0x0, 0x49, 0x8, 0xb0, 0xd,
    0xb3, 0x19, 0xec, 0xe5, 0x0, 0x1b, 0x9, 0x40,
    0x3a, 0x62, 0xab, 0x55, 0xb1, 0x0, 0xa, 0x21,
    0xc0, 0x6, 0xf8, 0xb2, 0x6, 0xe3, 0x0, 0x2,
    0x82, 0xc5, 0x6, 0xff, 0x50, 0x1, 0x54, 0x96,
    0x0, 0x82, 0x74, 0x0, 0xff, 0x20, 0x0, 0x6,
    0xa8, 0x90, 0xa, 0x8, 0x50, 0xad, 0x0, 0x0,
    0x1b, 0x60, 0x92, 0x0, 0xa0, 0xa1, 0x98, 0x0,
    0x0, 0x2b, 0x20, 0x0, 0x0, 0xa, 0x5, 0xd5,
    0x0, 0x0, 0x5b, 0x10, 0x0, 0x0, 0x0, 0xa3,
    0x1, 0x0, 0x0, 0x88, 0x0, 0x0, 0x0, 0x0,
    0xa5, 0x3, 0x10, 0x15, 0xb4, 0x0, 0x0, 0x0,
    0x0, 0x9, 0x34, 0xaa, 0xb9, 0x60, 0x0, 0x0,
    0x0, 0x0, 0x0, 0xa, 0xb0, 0x0, 0x0, 0x0,
    0x0, 0x0, 0x0, 0x0, 0x0,

    /* U+1F33E "🌾" */
    0x0, 0x0, 0x0, 0x0, 0x0, 0x1, 0x40, 0x0,
    0x0, 0x0, 0x0, 0x0, 0x0, 0x0, 0x0, 0x19,
    0xcd, 0x0, 0x0, 0x0, 0x0, 0x0, 0x0, 0x0,
    0x0, 0x1c, 0x5c, 0x10, 0x0, 0x0, 0x0, 0x0,
    0x0, 0x0, 0x0, 0xb, 0x2c, 0x20, 0x42, 0x65,
    0xd2, 0x30, 0x9c, 0xa3, 0x0, 0x8, 0x58, 0x64,
    0x7b, 0xc4, 0x85, 0x6d, 0x56, 0xa2, 0xa5, 0x0,
    0xb0, 0xc3, 0xe6, 0x88, 0x8e, 0x7e, 0x20, 0x5,
    0x80, 0xa3, 0x66, 0x47, 0x7f, 0xc6, 0x92, 0x0,
    0x43, 0x0, 0x9, 0x31, 0xb9, 0x17, 0x6c, 0x45,
    0x24, 0x0, 0x0, 0x0, 0x0, 0x1a, 0x7, 0xf0,
    0x9f, 0x40, 0xd, 0x98, 0x60, 0x0, 0x0, 0x0,
    0x92, 0x1f, 0xd, 0xe0, 0x5a, 0xff, 0xd8, 0x40,
    0x0, 0x0, 0x2, 0x90, 0xe2, 0xca, 0xb7, 0x1d,
    0xca, 0xfc, 0x20, 0x0, 0x0, 0xb, 0x13, 0x8e,
    0xf5, 0x0, 0x75, 0x7f, 0x85, 0x0, 0x0, 0x0,
    0x47, 0xb, 0xec, 0x9b, 0xba, 0x20, 0x83, 0xd0,
    0x0, 0x0, 0x0, 0xb0, 0x4f, 0xf3, 0x0, 0x1a,
    0x10, 0x0, 0x0, 0x0, 0x0, 0x4, 0x70, 0xe6,
    0x1b, 0xaa, 0x46, 0x0, 0x0, 0x0, 0x0, 0x0,
    0xb, 0x11, 0x17, 0x40, 0x3d, 0x50, 0x0, 0x0,
    0x0, 0x0, 0x0, 0x2a, 0x0, 0x82, 0x0, 0x0,
    0x0, 0x0, 0x0, 0x0, 0x0, 0x0, 0x68, 0x8,
    0x30, 0x0, 0x0, 0x0, 0x0, 0x0, 0x0, 0x0,
    0x0, 0x5b, 0xb0, 0x0, 0x0, 0x0, 0x0, 0x0,

    /* U+1F33F "🌿" */
    0x0, 0x0, 0x0, 0x0, 0x0, 0x0, 0x0, 0x0,
    0x0, 0x0, 0x0, 0x0, 0x0, 0x9, 0x10, 0x0,
    0x4, 0xbb, 0xad, 0x0, 0x0, 0x0, 0x9, 0x5a,
    0x0, 0x8, 0x86, 0x0, 0xb0, 0x0, 0x0, 0x3,
    0x80, 0x56, 0x6, 0x78, 0x30, 0x19, 0x88, 0x40,
    0x0, 0x73, 0x70, 0xa0, 0xc2, 0x20, 0x9, 0x3b,
    0x17, 0xb2, 0x8, 0x28, 0xb, 0x47, 0x0, 0x6,
    0x80, 0xb0, 0x1, 0xb3, 0x65, 0x20, 0xb7, 0x51,
    0x4a, 0x70, 0xb, 0x71, 0x1, 0xb1, 0xb0, 0x67,
    0xfb, 0x97, 0x10, 0x0, 0xb2, 0x60, 0x6, 0x55,
    0xbb, 0xb3, 0x7, 0xab, 0x71, 0x7, 0x58, 0x0,
    0x19, 0xd, 0x97, 0x2a, 0x42, 0x34, 0xb3, 0xc,
    0x28, 0x0, 0xb0, 0x6f, 0x1a, 0x5, 0x63, 0x9,
    0x30, 0x2b, 0x20, 0xb, 0xc, 0xfc, 0xa2, 0x0,
    0x1a, 0x50, 0x0, 0x19, 0xa7, 0x90, 0xd0, 0x1,
    0x7a, 0x98, 0x20, 0x0, 0x0, 0x1, 0x6b, 0x65,
    0x2, 0x9b, 0xbb, 0x70, 0x0, 0x0, 0x0, 0x0,
    0xab, 0x6, 0xa2, 0x35, 0x23, 0xb3, 0x0, 0x0,
    0x0, 0xf, 0xee, 0xa0, 0x35, 0x30, 0x0, 0xc1,
    0x0, 0x0, 0x5, 0x90, 0x8, 0x70, 0x0, 0x1,
    0x96, 0x0, 0x0, 0x7, 0x90, 0x0, 0x4, 0xab,
    0xab, 0x92, 0x0, 0x0, 0x4b, 0x50, 0x0, 0x0,
    0x0, 0x0, 0x0, 0x0, 0x0,

    /* U+1F340 "🍀" */
    0x0, 0x0, 0x0, 0x0, 0x0, 0x0, 0x0, 0x0,
    0x0, 0x9b, 0xc5, 0x6, 0xbb, 0x90, 0x0, 0x5,
    0xa6, 0x0, 0xa8, 0x90, 0x6, 0xa5, 0x7, 0x72,
    0x0, 0x2, 0xf0, 0x0, 0x2, 0x85, 0xb0, 0x0,
    0x0, 0xb, 0x0, 0x0, 0x0, 0xbb, 0x0, 0x0,
    0x0, 0xb0, 0x0, 0x0, 0x1a, 0x49, 0x0, 0x0,
    0x4, 0x0, 0x0, 0x1a, 0x20, 0x3d, 0xa9, 0x90,
    0x1, 0x99, 0xbd, 0x30, 0x2b, 0x52, 0x11, 0x0,
    0x1, 0x12, 0x6b, 0x1b, 0x10, 0x0, 0x0, 0x50,
    0x0, 0x0, 0x2a, 0xb0, 0x0, 0x0, 0xd, 0x0,
    0x0, 0x0, 0xb7, 0x82, 0x0, 0x3, 0xf1, 0x0,
    0x2, 0x95, 0x4, 0xb0, 0x0, 0xaf, 0x80, 0x0,
    0xb3, 0x0, 0xb, 0x10, 0x77, 0xc8, 0x60, 0x2b,
    0x0, 0x0, 0x2a, 0xb5, 0xc, 0x6, 0xba, 0x10,
    0x0, 0x0, 0x0, 0x0, 0xc0, 0x0, 0x0, 0x0,
    0x0, 0x0, 0x0, 0x8, 0x40, 0x0, 0x0, 0x0,
    0x0, 0x0, 0x0, 0x1c, 0x0, 0x0, 0x0, 0x0,
    0x0, 0x0, 0x0, 0x47, 0x0, 0x0, 0x0,

    /* U+1F341 "🍁" */
    0x0, 0x0, 0x0, 0x0, 0x10, 0x0, 0x0, 0x0,
    0x0, 0x0, 0x0, 0x0, 0x5d, 0x30, 0x0, 0x0,
    0x0, 0x0, 0x0, 0x0, 0x9c, 0x1d, 0x70, 0x0,
    0x0, 0x0, 0x0, 0x0, 0x3a, 0x20, 0x2b, 0x20,
    0x0, 0x0, 0x0, 0x0, 0x1e, 0x70, 0x70, 0xad,
    0x0, 0x0, 0x0, 0x0, 0x3, 0x81, 0x9, 0x1,
    0xa0, 0x0, 0x0, 0xb8, 0x33, 0x49, 0x0, 0x90,
    0xb, 0x32, 0x49, 0x9b, 0x38, 0xec, 0xc0, 0x9,
    0x0, 0xec, 0xd7, 0x3a, 0x83, 0x1, 0x9, 0x10,
    0x90, 0x37, 0x10, 0x5, 0x62, 0x90, 0x70, 0x0,
    0x9, 0x0, 0x1, 0x70, 0xa0, 0x8d, 0x12, 0xa2,
    0x0, 0x90, 0x4, 0xa1, 0x3d, 0x62, 0xb2, 0x0,
    0x96, 0x9, 0x7, 0x70, 0x3, 0xb1, 0x5, 0xe2,
    0x0, 0x59, 0xba, 0x40, 0x4, 0xe3, 0x7, 0xb1,
    0x6, 0x99, 0xbe, 0xa9, 0x95, 0x2, 0xd5, 0x7,
    0xa6, 0x32, 0x2, 0xf1, 0x3, 0x37, 0xa6, 0x0,
    0x0, 0x46, 0xdb, 0xaf, 0xba, 0xc6, 0x40, 0x0,
    0x0, 0x0, 0x1, 0x0, 0xa0, 0x1, 0x0, 0x0,
    0x0, 0x0, 0x0, 0x0, 0xc, 0x0, 0x0, 0x0,
    0x0, 0x0, 0x0, 0x0, 0x0, 0xc0, 0x0, 0x0,
    0x0, 0x0,

    /* U+1F342 "🍂" */
    0x0, 0x0, 0x0, 0x0, 0x0, 0x0, 0x0, 0x0,
    0x0, 0x0, 0x0, 0x0, 0x0, 0x0, 0x0, 0x8,
    0x40, 0x0, 0x0, 0x0, 0x0, 0x0, 0x0, 0x0,
    0x0, 0x0, 0xa0, 0x0, 0x10, 0x35, 0x10, 0x0,
    0x0, 0x0, 0x0, 0x45, 0xa4, 0x0, 0x8, 0xeb,
    0x5b, 0x30, 0x0, 0x0, 0x5, 0xb7, 0x5f, 0xb1,
    0x0, 0xd, 0x9e, 0x4b, 0x0, 0x0, 0x5, 0x90,
    0x3, 0x62, 0xb0, 0x0, 0xb0, 0xd7, 0x65, 0x0,
    0x1, 0xb0, 0x2, 0xf1, 0x7, 0x50, 0x7, 0x70,
    0x2, 0x90, 0x0, 0xa3, 0x5a, 0xbf, 0x50, 0xb,
    0x0, 0x5, 0xab, 0x9a, 0x0, 0x47, 0x3, 0x9,
    0x4b, 0x0, 0xb0, 0x0, 0x0, 0x2, 0x20, 0x2,
    0x80, 0x5, 0xf0, 0x66, 0xb, 0x0, 0x9, 0x0,
    0x0, 0x0, 0x91, 0x5a, 0xfe, 0x0, 0x10, 0xa0,
    0x7, 0xf8, 0x10, 0x0, 0x1a, 0x4, 0x69, 0xa0,
    0x0, 0x1b, 0xb, 0x79, 0x4b, 0x10, 0x0, 0xb0,
    0x3c, 0x7, 0x30, 0xbc, 0x43, 0xa0, 0xea, 0x39,
    0x0, 0x92, 0x2c, 0x10, 0x0, 0x94, 0x0, 0x47,
    0x58, 0x81, 0xb0, 0x93, 0x0, 0x11, 0x79, 0x88,
    0x0, 0x1, 0xc4, 0xa, 0xb, 0x5, 0xbb, 0xaa,
    0x93, 0x13, 0x0, 0x0, 0x6, 0xa0, 0x20, 0xb0,
    0x0, 0x0, 0x0, 0x0, 0x0, 0x0, 0x0, 0x1c,
    0x10, 0xb, 0x0, 0x0, 0x0, 0x0, 0x0, 0x0,
    0x0, 0x0, 0x3c, 0x50, 0x93, 0x0, 0x0, 0x0,
    0x0, 0x0, 0x0, 0x0, 0x0, 0x7, 0xbb, 0x80,

    /* U+1F343 "🍃" */
    0x0, 0x0, 0x0, 0x0, 0x0, 0x0, 0x0, 0x0,
    0x6, 0xb7, 0x0, 0x0, 0x0, 0x0, 0xa, 0x50,
    0x0, 0x0, 0x0, 0x0, 0x5, 0x70, 0x0, 0x0,
    0x0, 0x0, 0x0, 0x65, 0x4, 0x89, 0x73, 0x0,
    0x0, 0x1, 0xcb, 0x82, 0x13, 0x8b, 0x10, 0x0,
    0xd, 0xf3, 0x0, 0x0, 0x2b, 0x0, 0x0, 0xb1,
    0x9b, 0x52, 0x0, 0xc0, 0x0, 0xa, 0x0, 0x15,
    0x9a, 0xa4, 0x0, 0x0, 0x60, 0x0, 0x0, 0x0,
    0x0, 0x0, 0x0, 0x0, 0x0, 0x0, 0x3, 0x0,
    0x0, 0x6, 0xbb, 0xbb, 0xbb, 0xb5, 0x0, 0xb,
    0x50, 0x0, 0x0, 0x5, 0x60, 0x7, 0x50, 0x0,
    0x4, 0x0, 0x64, 0x0, 0xb0, 0x2, 0x9b, 0x60,
    0xb, 0x0, 0xb, 0x18, 0xa2, 0x0, 0x2, 0x90,
    0x5b, 0xfd, 0x30, 0x0, 0x1, 0xb1, 0x0, 0x1,
    0xb3, 0x0, 0x4, 0xb2, 0x0, 0x0, 0x1, 0x9b,
    0xbb, 0x81, 0x0, 0x0,

    /* U+1F344 "🍄" */
    0x0, 0x0, 0x0, 0x0, 0x0, 0x0, 0x0, 0x0,
    0x0, 0x0, 0x0, 0x5, 0xae, 0xcb, 0xec, 0x82,
    0x0, 0x0, 0x0, 0x2, 0xbe, 0xf2, 0x0, 0x1c,
    0xff, 0x90, 0x0, 0x0, 0x3b, 0x6, 0xe0, 0x0,
    0xb, 0xa3, 0x6c, 0x10, 0x1, 0xed, 0x9f, 0xfd,
    0x77, 0xbf, 0x10, 0x5, 0xc0, 0x9, 0xfa, 0x8d,
    0xff, 0xff, 0xff, 0x40, 0x1, 0xf6, 0xe, 0x80,
    0x2, 0xff, 0xa3, 0x4d, 0xf5, 0x18, 0xfc, 0x1f,
    0x0, 0x0, 0xfc, 0x0, 0x1, 0xff, 0xff, 0xfe,
    0x1f, 0x0, 0x3, 0xf7, 0x0, 0x0, 0xcf, 0xf1,
    0x9e, 0xe, 0x91, 0x3d, 0xfa, 0x0, 0x0, 0xef,
    0xf5, 0xab, 0x5, 0xff, 0xff, 0xff, 0x70, 0xa,
    0xff, 0xff, 0xf2, 0x0, 0x4c, 0xff, 0xff, 0xff,
    0xff, 0xff, 0xfa, 0x20, 0x0, 0x0, 0x1b, 0xb7,
    0x88, 0x87, 0xf4, 0x0, 0x0, 0x0, 0x0, 0x7,
    0x30, 0x0, 0x0, 0x91, 0x0, 0x0, 0x0, 0x0,
    0xa, 0x0, 0x0, 0x0, 0x65, 0x0, 0x0, 0x0,
    0x0, 0xb, 0x0, 0x0, 0x0, 0x28, 0x0, 0x0,
    0x0, 0x0, 0xb, 0x0, 0x0, 0x0, 0x29, 0x0,
    0x0, 0x0, 0x0, 0xa, 0x50, 0x0, 0x1, 0xa5,
    0x0, 0x0, 0x0, 0x0, 0x0, 0x7b, 0xbb, 0xba,
    0x40, 0x0, 0x0,

    /* U+1F345 "🍅" */
    0x0, 0x0, 0x0, 0x0, 0x0, 0x20, 0x0, 0x0,
    0x0, 0x0, 0x0, 0x0, 0x0, 0x0, 0x3, 0xc0,
    0x0, 0x0, 0x0, 0x0, 0x0, 0x0, 0x0, 0x30,
    0x7, 0x80, 0x10, 0x0, 0x0, 0x0, 0x0, 0x0,
    0x0, 0xbb, 0x3a, 0x5a, 0xe1, 0x0, 0x0, 0x0,
    0x0, 0x0, 0x49, 0xef, 0xff, 0xef, 0xda, 0xa7,
    0x0, 0x0, 0x0, 0xa, 0x71, 0x1a, 0xff, 0xff,
    0xb3, 0x4, 0xb3, 0x0, 0x0, 0xb3, 0x8, 0xff,
    0xff, 0xfe, 0xbc, 0x50, 0xb, 0x30, 0x9, 0x40,
    0x0, 0x2, 0x18, 0xfe, 0x0, 0x0, 0x0, 0xb0,
    0x1a, 0x0, 0x0, 0x0, 0x0, 0x7f, 0x40, 0x0,
    0x0, 0x57, 0x64, 0x8, 0x20, 0x0, 0x0, 0x0,
    0x10, 0x0, 0x0, 0xb, 0x91, 0xa, 0x0, 0x0,
    0x0, 0x0, 0x0, 0x0, 0x0, 0xb, 0x91, 0x9,
    0x10, 0x0, 0x0, 0x0, 0x0, 0x0, 0x0, 0xb,
    0x74, 0x5, 0x70, 0x0, 0x0, 0x0, 0x0, 0x0,
    0x0, 0xb, 0x1a, 0x0, 0x90, 0x0, 0x0, 0x0,
    0x0, 0x0, 0x0, 0x47, 0x9, 0x30, 0x0, 0x0,
    0x0, 0x0, 0x0, 0x0, 0x0, 0xb1, 0x0, 0xb2,
    0x0, 0x0, 0x0, 0x0, 0x0, 0x0, 0xa, 0x40,
    0x0, 0x1b, 0x50, 0x0, 0x0, 0x0, 0x0, 0x2,
    0xb4, 0x0, 0x0, 0x0, 0x7b, 0x51, 0x0, 0x0,
    0x3, 0x9a, 0x10, 0x0, 0x0, 0x0, 0x0, 0x6a,
    0xba, 0xba, 0xb7, 0x20, 0x0, 0x0,

    /* U+1F346 "🍆" */
    0x0, 0x20, 0x0, 0x0, 0x0, 0x0, 0x0, 0x0,
    0x0, 0x0, 0x2, 0xf3, 0x0, 0x0, 0x0, 0x0,
    0x0, 0x0, 0x0, 0x0, 0x0, 0xfc, 0x63, 0x0,
    0x0, 0x0, 0x0, 0x0, 0x0, 0x0, 0x0, 0xcf,
    0xff, 0xc5, 0x20, 0x0, 0x0, 0x0, 0x0, 0x0,
    0x5, 0xff, 0xff, 0xff, 0xe0, 0x0, 0x0, 0x0,
    0x0, 0x0, 0x9, 0xff, 0xff, 0x5d, 0x90, 0x0,
    0x0, 0x0, 0x0, 0x0, 0xa, 0xfc, 0xfd, 0x0,
    0x78, 0x0, 0x0, 0x0, 0x0, 0x0, 0xb, 0xf1,
    0xa5, 0x0, 0x5, 0xa1, 0x0, 0x0, 0x0, 0x0,
    0x1c, 0xf1, 0x0, 0x0, 0x0, 0x3b, 0x50, 0x0,
    0x0, 0x0, 0x0, 0x56, 0x0, 0x0, 0x0, 0x0,
    0x8b, 0x40, 0x0, 0x0, 0x0, 0xb, 0x0, 0x0,
    0x0, 0x0, 0x1, 0x7b, 0x71, 0x0, 0x0, 0x4,
    0x90, 0x0, 0x0, 0x0, 0x0, 0x0, 0x4b, 0x50,
    0x0, 0x0, 0x95, 0x0, 0x0, 0x0, 0x0, 0x0,
    0x0, 0xa4, 0x0, 0x0, 0xa, 0x40, 0x0, 0x0,
    0x0, 0x0, 0x0, 0xb, 0x0, 0x0, 0x0, 0xb3,
    0x0, 0x0, 0x0, 0x0, 0x0, 0xb, 0x0, 0x0,
    0x0, 0xb, 0x50, 0x0, 0x0, 0x0, 0x0, 0xb,
    0x0, 0x0, 0x0, 0x0, 0x8a, 0x10, 0x0, 0x0,
    0x0, 0x67, 0x0, 0x0, 0x0, 0x0, 0x3, 0xb8,
    0x20, 0x0, 0x7, 0x90, 0x0, 0x0, 0x0, 0x0,
    0x0, 0x3, 0x9b, 0xbb, 0xa5, 0x0,

    /* U+1F347 "🍇" */
    0x0, 0x2, 0x20, 0x0, 0x0, 0x0, 0x0, 0x0,
    0x0, 0x4, 0xfe, 0x10, 0x0, 0x0, 0x0, 0x0,
    0x0, 0x0, 0xd3, 0x0, 0x0, 0x0, 0x0, 0x0,
    0x0, 0x0, 0xe, 0x0, 0x0, 0x0, 0x3, 0x10,
    0x0, 0x0, 0x0, 0xb4, 0x0, 0x0, 0x2c, 0x7b,
    0x40, 0x0, 0x0, 0x6, 0xfb, 0x6a, 0xbf, 0x30,
    0xb, 0x0, 0x0, 0x0, 0x59, 0x3f, 0x30, 0x1b,
    0x0, 0xb0, 0x0, 0x0, 0x7, 0xfa, 0xe0, 0x0,
    0xb5, 0xdf, 0x0, 0x0, 0x1, 0xb2, 0x1f, 0x70,
    0x2f, 0x80, 0x3b, 0x0, 0x0, 0x65, 0x0, 0x4f,
    0xff, 0xf0, 0x0, 0x91, 0x0, 0xd, 0x90, 0xc,
    0xf0, 0x3f, 0x40, 0xf, 0x70, 0x8, 0x36, 0xbf,
    0xf2, 0x0, 0xbb, 0xcf, 0x34, 0x80, 0xa0, 0x0,
    0xdf, 0x50, 0xb, 0x0, 0xb1, 0xb, 0x4, 0x90,
    0x3f, 0x28, 0x9f, 0x40, 0x6, 0x53, 0xa0, 0x3,
    0x97, 0xc0, 0x0, 0xfb, 0x0, 0xfe, 0xe9, 0x0,
    0x0, 0xb, 0x10, 0x1f, 0x9d, 0xef, 0x0, 0x83,
    0x0, 0x0, 0x1b, 0xbb, 0xd0, 0x0, 0xb0, 0x6,
    0x50, 0x0, 0x0, 0x0, 0xb, 0x20, 0x5f, 0x1,
    0xb1, 0x0, 0x0, 0x0, 0x0, 0x1b, 0xb9, 0x5b,
    0xa2, 0x0,

    /* U+1F348 "🍈" */
    0x0, 0x0, 0x0, 0x0, 0x0, 0x25, 0x20, 0x0,
    0x0, 0x0, 0x6, 0xfd, 0xdd, 0xff, 0xb2, 0x0,
    0x0, 0x0, 0x0, 0x1, 0x25, 0xe0, 0x0, 0x0,
    0x0, 0x0, 0x0, 0x0, 0x49, 0xef, 0x96, 0x10,
    0x0, 0x0, 0x0, 0x4, 0xff, 0x77, 0xf6, 0xff,
    0xb0, 0x0, 0x0, 0x7, 0xf7, 0x22, 0x37, 0x23,
    0xf, 0xf0, 0x0, 0x4, 0xf1, 0x4b, 0x10, 0x70,
    0xc4, 0xd, 0xd0, 0x0, 0xf4, 0xc, 0x40, 0x49,
    0x2, 0xc3, 0xf, 0x30, 0x4d, 0x1, 0xc0, 0x2,
    0xe0, 0x9, 0xc0, 0xae, 0xa, 0xa0, 0xa8, 0x0,
    0x2f, 0x10, 0x2e, 0x1, 0xf0, 0xf3, 0xb, 0x80,
    0x5, 0xf0, 0x0, 0xc2, 0xf, 0xf, 0x10, 0xb4,
    0x0, 0x2f, 0x20, 0xb, 0x80, 0xf0, 0xd5, 0xf,
    0x0, 0x0, 0xf4, 0x0, 0x69, 0xf, 0x5, 0xb0,
    0xe3, 0x0, 0x2f, 0x40, 0x9, 0x62, 0xa0, 0xe,
    0xa, 0x40, 0x1, 0xf5, 0x0, 0xb4, 0x93, 0x0,
    0x59, 0xa2, 0x0, 0xf, 0x60, 0x8, 0xd9, 0x0,
    0x0, 0x7f, 0x70, 0x1, 0xf6, 0x0, 0xbf, 0x0,
    0x0, 0x0, 0x6f, 0x40, 0xf, 0x72, 0x9a, 0x0,
    0x0, 0x0, 0x0, 0x17, 0xbc, 0xfe, 0x93, 0x0,
    0x0, 0x0,

    /* U+1F349 "🍉" */
    0x0, 0x25, 0x0, 0x0, 0x0, 0x0, 0x0, 0x0,
    0x0, 0x0, 0x1d, 0x8f, 0x71, 0x0, 0x0, 0x0,
    0x0, 0x0, 0x0, 0x9, 0x69, 0x35, 0xb9, 0x20,
    0x0, 0x0, 0x0, 0x0, 0x1, 0xe2, 0x90, 0x0,
    0x3a, 0xa3, 0x0, 0x0, 0x0, 0x0, 0x59, 0x73,
    0x0, 0x0, 0x2, 0x9b, 0x50, 0x0, 0x0, 0x9,
    0x5a, 0x3, 0x80, 0x0, 0x0, 0x17, 0xc6, 0x0,
    0x0, 0xc4, 0xb0, 0x0, 0x0, 0x0, 0x0, 0x0,
    0x5c, 0xa1, 0xd, 0x3b, 0x0, 0xa, 0x30, 0x0,
    0x40, 0x0, 0x4c, 0xc6, 0xd4, 0xa0, 0x0, 0x70,
    0x8, 0x9, 0x30, 0x1b, 0x1d, 0xab, 0x66, 0x50,
    0x0, 0x0, 0x60, 0x0, 0x1b, 0x2a, 0x7a, 0x7b,
    0xb, 0x0, 0x0, 0x0, 0x0, 0x3b, 0x27, 0xdb,
    0x62, 0xf3, 0x3b, 0x20, 0x0, 0x2, 0x9a, 0x18,
    0xbb, 0xd7, 0xa, 0xd1, 0x19, 0xba, 0xbb, 0x93,
    0x1b, 0xf9, 0xcf, 0x30, 0x1e, 0xe5, 0x0, 0x0,
    0x2, 0x5c, 0xfe, 0x4f, 0xb0, 0x0, 0x3e, 0xff,
    0xc7, 0x7d, 0xb5, 0xfb, 0x4d, 0xe1, 0x0, 0x0,
    0x1b, 0xf5, 0x8f, 0xc6, 0xff, 0x4f, 0xb1, 0x0,
    0x0, 0x0, 0x3, 0x8c, 0xeb, 0xee, 0xb7, 0x20,
    0x0, 0x0,

    /* U+1F34A "🍊" */
    0x0, 0x0, 0x0, 0x0, 0x0, 0x0, 0x1, 0x0,
    0x0, 0x0, 0x0, 0x0, 0x0, 0x0, 0x1, 0xaf,
    0xff, 0x40, 0x0, 0x0, 0x0, 0x0, 0x0, 0x9e,
    0xdf, 0xff, 0x90, 0x0, 0x0, 0x0, 0x0, 0x0,
    0x1, 0xf8, 0xba, 0x50, 0x0, 0x0, 0x0, 0x0,
    0x5, 0x9a, 0xaf, 0xba, 0x95, 0x0, 0x0, 0x0,
    0x0, 0x6b, 0x50, 0x3, 0xf6, 0x1, 0x5b, 0x50,
    0x0, 0x0, 0xa6, 0x1, 0x0, 0x9f, 0xb0, 0x0,
    0x7, 0x90, 0x0, 0x85, 0x4, 0xb1, 0x0, 0x30,
    0x0, 0x1, 0x6, 0x70, 0x29, 0x2, 0xb0, 0x0,
    0x0, 0x0, 0x0, 0x81, 0xa, 0x17, 0x30, 0x92,
    0x0, 0x0, 0x0, 0x0, 0x0, 0x0, 0x46, 0xa0,
    0xb, 0x0, 0x0, 0x0, 0x0, 0x0, 0x9, 0x11,
    0x9b, 0x0, 0x60, 0x0, 0x0, 0x0, 0x0, 0x0,
    0x30, 0xa, 0xa0, 0x0, 0x0, 0x0, 0x0, 0x0,
    0x0, 0x0, 0x1, 0x97, 0x40, 0x0, 0x0, 0x0,
    0x0, 0x0, 0x28, 0x0, 0x56, 0x1a, 0x0, 0x0,
    0x0, 0x0, 0x0, 0x0, 0x10, 0xb, 0x10, 0x86,
    0x0, 0x0, 0x0, 0x2, 0x0, 0x0, 0x7, 0x70,
    0x0, 0x97, 0x0, 0x0, 0x0, 0xa0, 0x0, 0x7,
    0x90, 0x0, 0x0, 0x6b, 0x61, 0x0, 0x0, 0x1,
    0x6b, 0x50, 0x0, 0x0, 0x0, 0x5, 0xaa, 0xab,
    0xaa, 0x95, 0x0, 0x0, 0x0,

    /* U+1F34B "🍋" */
    0x0, 0x30, 0x0, 0x0, 0x0, 0x0, 0x0, 0x0,
    0x0, 0x0, 0x0, 0xe2, 0x0, 0x0, 0x0, 0x0,
    0x0, 0x0, 0x0, 0x0, 0x0, 0x8e, 0x4a, 0xaa,
    0xbb, 0xaa, 0x95, 0x0, 0x0, 0x0, 0x0, 0xa,
    0xf4, 0x10, 0x0, 0x0, 0x15, 0xb7, 0x0, 0x0,
    0x0, 0x1f, 0xd6, 0x0, 0x1, 0xa7, 0x20, 0x5,
    0xa0, 0x0, 0x0, 0xbf, 0x0, 0x0, 0x0, 0x14,
    0x9a, 0x0, 0x49, 0x0, 0x6, 0xff, 0x20, 0x0,
    0x0, 0x0, 0x3, 0x20, 0x9, 0x30, 0xd, 0xff,
    0x40, 0x0, 0x0, 0x0, 0x0, 0x0, 0x2, 0x90,
    0x1f, 0xff, 0x40, 0x0, 0x0, 0x0, 0x0, 0x0,
    0x0, 0xc0, 0x3f, 0xff, 0x70, 0x0, 0x0, 0x0,
    0x0, 0x0, 0x0, 0x92, 0x1f, 0xff, 0xe0, 0x0,
    0x0, 0x0, 0x0, 0x0, 0x0, 0x74, 0xc, 0xff,
    0xf0, 0x0, 0x0, 0x0, 0x0, 0x0, 0x0, 0x56,
    0x5, 0xff, 0xf8, 0x0, 0x0, 0x0, 0x0, 0x0,
    0x0, 0x28, 0x0, 0xbf, 0x5a, 0x40, 0x0, 0x0,
    0x0, 0x0, 0x0, 0xb, 0x0, 0x17, 0x0, 0xa6,
    0x0, 0x0, 0x0, 0x0, 0x0, 0xa, 0x0, 0x0,
    0x0, 0x7, 0xb5, 0x0, 0x0, 0x0, 0x12, 0xb3,
    0x0, 0x0, 0x0, 0x0, 0x6, 0xab, 0xbb, 0xba,
    0xa9, 0x30,

    /* U+1F34C "🍌" */
    0x0, 0x0, 0x0, 0x0, 0x0, 0x0, 0x0, 0x0,
    0x0, 0x0, 0x0, 0x3c, 0xb9, 0x0, 0x0, 0x0,
    0x0, 0x0, 0x0, 0xb, 0x0, 0x4a, 0x0, 0x0,
    0x0, 0x0, 0x0, 0x0, 0xb0, 0x0, 0x84, 0x0,
    0x0, 0x0, 0x0, 0x0, 0xb, 0x0, 0x0, 0xb0,
    0x0, 0x0, 0x0, 0x0, 0x0, 0x92, 0x0, 0xa,
    0x10, 0x0, 0x0, 0x0, 0x0, 0x6, 0x40, 0x0,
    0x56, 0x0, 0x0, 0x0, 0x0, 0x0, 0x37, 0x0,
    0x2, 0x80, 0x0, 0x0, 0x0, 0x0, 0x11, 0x90,
    0x0, 0xd, 0x62, 0x0, 0x0, 0x8, 0xa9, 0xaf,
    0x0, 0x7, 0xff, 0xf6, 0x0, 0x7, 0x50, 0x7,
    0xfd, 0x4c, 0xf0, 0x2f, 0xf1, 0x0, 0xb0, 0x9,
    0x5b, 0x5f, 0x16, 0x40, 0x2f, 0x60, 0x37, 0x4,
    0x83, 0x80, 0xc0, 0x29, 0x0, 0xfc, 0x5, 0x50,
    0xb1, 0xa2, 0x66, 0x3, 0xf0, 0xf, 0xf5, 0x74,
    0x57, 0x59, 0x1b, 0x0, 0xab, 0x10, 0x92, 0xa,
    0x5b, 0x3c, 0x2b, 0x20, 0x49, 0x38, 0x5, 0x60,
    0x37, 0x3d, 0x8b, 0x20, 0x2b, 0x0, 0x87, 0x3a,
    0x0, 0x1f, 0xe5, 0x0, 0x6b, 0x10, 0x0, 0x47,
    0x20, 0x0, 0xeb, 0xba, 0xa5, 0x0, 0x0, 0x0,
    0x0, 0x0,

    /* U+1F34D "🍍" */
    0x0, 0x22, 0x0, 0x3, 0x10, 0x0, 0x5, 0xfa,
    0x1c, 0xf2, 0x0, 0x48, 0x3f, 0xff, 0xfd, 0x48,
    0x30, 0xcf, 0xff, 0xff, 0xff, 0x90, 0x12, 0xff,
    0xff, 0xff, 0xe1, 0x15, 0xef, 0xff, 0xff, 0xfe,
    0xe3, 0x5, 0xff, 0xff, 0xff, 0xf3, 0x1, 0xcf,
    0xff, 0xff, 0xff, 0xa0, 0x1, 0xff, 0xff, 0xff,
    0xd0, 0x0, 0x4c, 0x78, 0x97, 0x7c, 0x20, 0x1b,
    0x0, 0x0, 0x0, 0x1b, 0x6, 0x51, 0x96, 0x8,
    0x90, 0x83, 0xa1, 0x0, 0x0, 0x0, 0x3, 0x7b,
    0x19, 0x32, 0x91, 0x48, 0x29, 0xa1, 0x1, 0x30,
    0x21, 0x3, 0x77, 0x40, 0x32, 0x3, 0x20, 0x74,
    0x1b, 0x4, 0x40, 0x44, 0x1b, 0x0, 0x5a, 0x10,
    0x0, 0x3b, 0x30, 0x0, 0x2a, 0xbb, 0xb9, 0x10,
    0x0,

    /* U+1F34E "🍎" */
    0x0, 0x0, 0x0, 0x0, 0x0, 0x0, 0x13, 0x10,
    0x0, 0x0, 0x0, 0x0, 0x0, 0x0, 0x2b, 0xff,
    0x10, 0x0, 0x0, 0x0, 0x0, 0x0, 0x0, 0xdf,
    0xfb, 0x0, 0x0, 0x0, 0x0, 0x0, 0x0, 0x7a,
    0xff, 0xd1, 0x0, 0x0, 0x0, 0x0, 0x0, 0x0,
    0x3f, 0xa6, 0x0, 0x0, 0x0, 0x0, 0x4, 0xbe,
    0xec, 0x7c, 0x7c, 0xee, 0xb3, 0x0, 0x0, 0x7f,
    0xff, 0xff, 0xff, 0xff, 0xff, 0xff, 0x50, 0x3,
    0xff, 0xff, 0xff, 0xff, 0xff, 0xff, 0xff, 0xf1,
    0xa, 0xff, 0xff, 0xff, 0xff, 0xff, 0xff, 0xff,
    0xf7, 0xe, 0xff, 0xff, 0xff, 0xff, 0xff, 0xff,
    0xff, 0xfc, 0xf, 0xff, 0xff, 0xff, 0xff, 0xff,
    0xff, 0xff, 0xfe, 0xf, 0xff, 0xff, 0xff, 0xff,
    0xff, 0xff, 0xff, 0xfe, 0xf, 0xff, 0xff, 0xff,
    0xff, 0xff, 0xff, 0xff, 0xfd, 0xc, 0xff, 0xff,
    0xff, 0xff, 0xff, 0xff, 0xff, 0xf9, 0x6, 0xff,
    0xff, 0xff, 0xff, 0xff, 0xff, 0xff, 0xf4, 0x0,
    0xef, 0xff, 0xff, 0xff, 0xff, 0xff, 0xff, 0xd0,
    0x0, 0x5f, 0xff, 0xff, 0xff, 0xff, 0xff, 0xff,
    0x30, 0x0, 0x7, 0xff, 0xff, 0xff, 0xff, 0xff,
    0xf5, 0x0, 0x0, 0x0, 0x3b, 0xee, 0xa5, 0xbe,
    0xea, 0x20, 0x0,

    /* U+1F34F "🍏" */
    0x0, 0x0, 0x0, 0x0, 0x0, 0x1, 0x31, 0x0,
    0x0, 0x0, 0x0, 0x0, 0x0, 0x1, 0xaf, 0xf3,
    0x0, 0x0, 0x0, 0x0, 0x0, 0x0, 0xd, 0xff,
    0xc0, 0x0, 0x0, 0x0, 0x0, 0x0, 0x6, 0xaf,
    0xfe, 0x20, 0x0, 0x0, 0x0, 0x0, 0x0, 0x1,
    0xfa, 0x71, 0x0, 0x0, 0x0, 0x0, 0x3a, 0xbb,
    0xb7, 0xd7, 0xbb, 0xba, 0x40, 0x0, 0x5, 0xa1,
    0x0, 0x4, 0xf4, 0x0, 0x1, 0x96, 0x0, 0x2b,
    0x0, 0x0, 0x57, 0xf7, 0x60, 0x0, 0xa, 0x20,
    0x83, 0x0, 0x0, 0x4, 0x54, 0x0, 0x0, 0x2,
    0x90, 0xb0, 0x0, 0x0, 0x0, 0x0, 0x0, 0x0,
    0x0, 0xb0, 0xb0, 0x0, 0x0, 0x0, 0x0, 0x0,
    0x0, 0x0, 0xb0, 0xb0, 0x0, 0x0, 0x0, 0x0,
    0x0, 0x0, 0x0, 0xa0, 0xb0, 0x0, 0x0, 0x0,
    0x0, 0x0, 0x0, 0x0, 0xb0, 0xa1, 0x0, 0x0,
    0x0, 0x0, 0x0, 0x0, 0x0, 0xa0, 0x56, 0x0,
    0x0, 0x0, 0x0, 0x0, 0x0, 0x6, 0x60, 0xb,
    0x0, 0x0, 0x0, 0x0, 0x0, 0x0, 0xc, 0x0,
    0x4, 0xa0, 0x0, 0x0, 0x0, 0x0, 0x0, 0x94,
    0x0, 0x0, 0x5a, 0x10, 0x0, 0x51, 0x0, 0x1a,
    0x60, 0x0, 0x0, 0x3, 0xab, 0xba, 0x5a, 0xbb,
    0xa3, 0x0, 0x0,

    /* U+1F350 "🍐" */
    0x0, 0x0, 0x0, 0x14, 0x0, 0x0, 0x0, 0x0,
    0x0, 0x0, 0x8, 0xf1, 0x0, 0x0, 0x0, 0x0,
    0x0, 0x0, 0x5f, 0x10, 0x0, 0x0, 0x0, 0x0,
    0x0, 0x9, 0xf9, 0x0, 0x0, 0x0, 0x0, 0x0,
    0xa, 0x5d, 0x4b, 0x0, 0x0, 0x0, 0x0, 0x4,
    0x70, 0x0, 0x75, 0x0, 0x0, 0x0, 0x0, 0xa1,
    0x0, 0x1, 0xa0, 0x0, 0x0, 0x0, 0x1a, 0x0,
    0x0, 0x9, 0x20, 0x0, 0x0, 0xa, 0x20, 0x0,
    0x0, 0x1b, 0x0, 0x0, 0x7, 0x60, 0x0, 0x0,
    0x70, 0x4a, 0x0, 0x2, 0xa0, 0x0, 0x0, 0x0,
    0x0, 0x84, 0x0, 0x92, 0x0, 0x0, 0x0, 0x1,
    0x50, 0xb0, 0xb, 0x0, 0x0, 0x0, 0x5, 0x0,
    0xa, 0x0, 0xb0, 0x90, 0x0, 0x0, 0x0, 0x31,
    0xa0, 0xb, 0x6, 0x60, 0x0, 0x0, 0x0, 0xb,
    0x0, 0xa2, 0x8, 0x94, 0x0, 0x0, 0x2, 0xa0,
    0x2, 0xb0, 0x2, 0x61, 0x0, 0x0, 0xb2, 0x0,
    0x4, 0xb4, 0x0, 0x0, 0x4, 0xb4, 0x0, 0x0,
    0x1, 0x7b, 0xaa, 0xab, 0x71, 0x0, 0x0,

    /* U+1F351 "🍑" */
    0x0, 0x3, 0x66, 0x30, 0x0, 0x0, 0x46, 0x63,
    0x0, 0x0, 0x5, 0xff, 0xff, 0xc2, 0x5, 0xef,
    0xff, 0xf3, 0x0, 0x0, 0xb, 0xff, 0xff, 0xfa,
    0xff, 0xff, 0xf7, 0x0, 0x0, 0x6, 0xb6, 0x10,
    0x2a, 0xf7, 0x20, 0x17, 0xb4, 0x0, 0x6, 0x80,
    0x0, 0x0, 0x6, 0x70, 0x0, 0x0, 0x95, 0x2,
    0xa0, 0x0, 0x0, 0x0, 0xb, 0x0, 0x0, 0x0,
    0xb1, 0x92, 0x0, 0x0, 0x0, 0x0, 0x56, 0x0,
    0x0, 0x3, 0x8b, 0x0, 0x0, 0x0, 0x0, 0x0,
    0xa0, 0x0, 0x0, 0xb, 0xb0, 0x0, 0x0, 0x0,
    0x0, 0xb, 0x0, 0x0, 0x0, 0xbb, 0x0, 0x0,
    0x0, 0x0, 0x0, 0xb0, 0x0, 0x0, 0xb, 0xb0,
    0x0, 0x0, 0x0, 0x0, 0xb, 0x0, 0x0, 0x0,
    0xb8, 0x30, 0x0, 0x0, 0x0, 0x0, 0xb0, 0x0,
    0x0, 0x47, 0x2a, 0x0, 0x0, 0x0, 0x0, 0xb,
    0x0, 0x0, 0xa, 0x10, 0x94, 0x0, 0x0, 0x0,
    0x2, 0x90, 0x0, 0x4, 0x80, 0x0, 0xb2, 0x0,
    0x0, 0x0, 0x64, 0x0, 0x2, 0xb0, 0x0, 0x1,
    0xb3, 0x0, 0x0, 0xb, 0x0, 0x3, 0xb1, 0x0,
    0x0, 0x1, 0xa7, 0x0, 0x0, 0x20, 0x8, 0xa0,
    0x0, 0x0, 0x0, 0x0, 0x5b, 0x72, 0x2, 0x8b,
    0x50, 0x0, 0x0, 0x0, 0x0, 0x0, 0x4, 0x8b,
    0x83, 0x0, 0x0, 0x0, 0x0,

    /* U+1F352 "🍒" */
    0x0, 0x0, 0x0, 0x0, 0x0, 0x0, 0x0, 0x0,
    0x0, 0x18, 0xbb, 0xaa, 0xbb, 0x83, 0x0, 0x0,
    0x7a, 0x30, 0x0, 0x0, 0x4c, 0x10, 0x6, 0xfe,
    0x10, 0x0, 0x2, 0x99, 0x0, 0x0, 0x8, 0xff,
    0xfc, 0xbb, 0xa3, 0x0, 0x0, 0x0, 0x9, 0x33,
    0xa7, 0x0, 0x0, 0x0, 0x0, 0x0, 0xa, 0x0,
    0x4b, 0x20, 0x0, 0x0, 0x0, 0x0, 0x82, 0x0,
    0x1b, 0x10, 0x0, 0x0, 0x0, 0x3, 0x70, 0x0,
    0x1b, 0x0, 0x0, 0x0, 0x0, 0xa, 0x0, 0x0,
    0x68, 0x10, 0x0, 0x0, 0x17, 0xf7, 0x20, 0x9a,
    0xf9, 0xa1, 0x0, 0x4b, 0x4c, 0x3b, 0xf4, 0x3a,
    0x2, 0xb0, 0x2b, 0x3, 0xb0, 0xd, 0x36, 0xfb,
    0x5, 0x68, 0x30, 0x6c, 0x90, 0x29, 0x0, 0x0,
    0xa, 0xa0, 0x0, 0x0, 0x0, 0xb0, 0x0, 0x1,
    0xa9, 0x10, 0x0, 0x0, 0xa, 0x0, 0x0, 0x65,
    0x48, 0x0, 0x0, 0x9, 0xb0, 0x0, 0x4b, 0x0,
    0x96, 0x0, 0x6, 0xa7, 0xba, 0xb9, 0x0, 0x0,
    0x6b, 0xbb, 0x70, 0x0, 0x10, 0x0, 0x0,

    /* U+1F353 "🍓" */
    0x0, 0x20, 0x0, 0x0, 0x0, 0x0, 0x0, 0x0,
    0x0, 0x7b, 0x0, 0x0, 0x0, 0x0, 0x0, 0x0,
    0x0, 0x8, 0xc0, 0x2, 0x9c, 0xef, 0xb0, 0x0,
    0x0, 0x0, 0x4f, 0x69, 0xff, 0xff, 0xf9, 0xc7,
    0x0, 0x0, 0x0, 0xbf, 0xff, 0xff, 0xe2, 0x0,
    0x5b, 0x10, 0x0, 0xa, 0xff, 0xff, 0xff, 0xe4,
    0x45, 0x3b, 0x0, 0x5, 0xff, 0xff, 0xff, 0xff,
    0x80, 0x30, 0x75, 0x0, 0xdf, 0xff, 0xff, 0xf5,
    0x0, 0x0, 0x1, 0xa0, 0x3f, 0xff, 0xff, 0xff,
    0x70, 0x60, 0x0, 0xb, 0x8, 0xff, 0xff, 0xbd,
    0xf8, 0x6, 0x0, 0xb0, 0xb0, 0x9f, 0x3f, 0xf3,
    0x0, 0x0, 0x0, 0x0, 0xa, 0x0, 0xb0, 0x9d,
    0x0, 0xa1, 0x0, 0x0, 0x0, 0xb0, 0xb, 0x0,
    0x10, 0x1, 0x0, 0x63, 0x0, 0xa, 0x0, 0x66,
    0xa, 0x10, 0x0, 0x1, 0x20, 0x82, 0x73, 0x0,
    0xc1, 0x10, 0x26, 0x0, 0x0, 0x1, 0x5, 0x50,
    0x2, 0xc2, 0x0, 0x60, 0x0, 0x10, 0x0, 0x46,
    0x0, 0x1, 0xa8, 0x20, 0x0, 0xa, 0x10, 0x8,
    0x40, 0x0, 0x0, 0x39, 0xba, 0x61, 0x0, 0x4,
    0xb0, 0x0, 0x0, 0x0, 0x0, 0x15, 0xab, 0xbb,
    0x90, 0x0,

    /* U+1F354 "🍔" */
    0x0, 0x0, 0x0, 0x0, 0x0, 0x0, 0x0, 0x0,
    0x0, 0x0, 0x0, 0x1, 0x7b, 0xba, 0xaa, 0xba,
    0x40, 0x0, 0x0, 0x0, 0x7, 0xb4, 0x0, 0x0,
    0x0, 0x17, 0xb2, 0x0, 0x0, 0x9, 0x70, 0x10,
    0x4, 0x5, 0x0, 0x1, 0xb1, 0x0, 0x4, 0x90,
    0x3, 0x2, 0x1, 0x20, 0x41, 0x1, 0xa0, 0x0,
    0xa2, 0x0, 0x0, 0x20, 0x11, 0x0, 0x0, 0x9,
    0x10, 0xb, 0x10, 0x0, 0x0, 0x0, 0x0, 0x0,
    0x0, 0x92, 0x0, 0x88, 0x0, 0x0, 0x0, 0x0,
    0x0, 0x0, 0x1f, 0xa0, 0x58, 0x8a, 0x40, 0x0,
    0x0, 0x0, 0x1, 0x7b, 0x4c, 0x9, 0x61, 0x16,
    0xaa, 0xaa, 0xaa, 0xaa, 0x83, 0x7, 0x40, 0x9,
    0xf1, 0x0, 0x0, 0x0, 0x0, 0x0, 0x38, 0xf2,
    0x1, 0xba, 0xff, 0xf9, 0x0, 0x5d, 0xea, 0xaf,
    0xec, 0x10, 0x1e, 0x85, 0xcf, 0xff, 0xff, 0xff,
    0xff, 0x68, 0xf0, 0x0, 0xcf, 0xfa, 0x34, 0x78,
    0x87, 0x41, 0x6f, 0xff, 0x0, 0xc, 0xff, 0xff,
    0xb1, 0x0, 0x4, 0xff, 0xff, 0xf0, 0x0, 0x69,
    0x8f, 0xff, 0xfb, 0x4e, 0xff, 0xfb, 0x3b, 0x0,
    0x0, 0xb3, 0x5, 0x9b, 0xdf, 0xda, 0x62, 0x9,
    0x40, 0x0, 0x0, 0x99, 0x30, 0x0, 0x0, 0x1,
    0x6b, 0x40, 0x0, 0x0, 0x0, 0x27, 0xab, 0xba,
    0xaa, 0x94, 0x0, 0x0, 0x0,

    /* U+1F355 "🍕" */
    0x0, 0x0, 0x0, 0x0, 0x0, 0x0, 0x0, 0x0,
    0x0, 0x0, 0x0, 0x0, 0x38, 0xbb, 0xaa, 0xb6,
    0x0, 0x0, 0x0, 0x4, 0xb8, 0x20, 0x0, 0x0,
    0xb0, 0x0, 0x0, 0xa, 0x80, 0x0, 0x0, 0x49,
    0x9c, 0x0, 0x0, 0x1b, 0x30, 0x0, 0x8b, 0xa7,
    0x28, 0x80, 0x0, 0xb, 0x30, 0x0, 0xb3, 0x0,
    0x3d, 0xc7, 0x0, 0x6, 0x60, 0x1, 0xa4, 0x0,
    0x9, 0xff, 0xa0, 0x0, 0xb0, 0x6, 0xb3, 0x0,
    0x0, 0x3c, 0x7b, 0x0, 0xb, 0x3, 0xa0, 0x7c,
    0x31, 0xa8, 0x0, 0xa0, 0x0, 0xb0, 0x9a, 0x4f,
    0xfa, 0x6f, 0xf2, 0x5f, 0x20, 0x5, 0xbf, 0x38,
    0xdd, 0x41, 0x97, 0xf, 0xf5, 0x0, 0x0, 0xb,
    0x37, 0x50, 0x31, 0x0, 0xcf, 0xa0, 0x0, 0x0,
    0xa, 0x45, 0x7f, 0xa0, 0x0, 0x4b, 0x0, 0x0,
    0x0, 0xa, 0x48, 0x94, 0x4, 0xd2, 0xb0, 0x0,
    0x0, 0x0, 0x9, 0xb1, 0x1, 0x5f, 0x3b, 0x0,
    0x0, 0x0, 0x0, 0xc, 0x11, 0xd7, 0x10, 0xa0,
    0x0, 0x0, 0x0, 0x0, 0x42, 0x3a, 0x39, 0x6b,
    0x10, 0x0, 0x0, 0x0, 0x3, 0x35, 0xab, 0x53,
    0xd1, 0x0, 0x0, 0x0, 0x0, 0xa, 0xc1, 0x6,
    0xb9, 0x0,

    /* U+1F356 "🍖" */
    0x0, 0x23, 0x0, 0x0, 0x0, 0x0, 0x0, 0x0,
    0x0, 0x2b, 0x88, 0x0, 0x0, 0x0, 0x0, 0x0,
    0x0, 0x7b, 0x30, 0xb0, 0x0, 0x0, 0x0, 0x0,
    0x0, 0xb, 0x0, 0xb, 0x24, 0x89, 0x60, 0x0,
    0x0, 0x0, 0xa9, 0x40, 0x5f, 0xff, 0xff, 0xd1,
    0x0, 0x0, 0x0, 0x2a, 0xaf, 0xff, 0xff, 0xff,
    0xb0, 0x0, 0x0, 0x0, 0x3f, 0xff, 0xff, 0xff,
    0xff, 0x70, 0x0, 0x0, 0xc, 0xff, 0xff, 0xff,
    0xff, 0xff, 0xd4, 0x0, 0x1, 0xff, 0xff, 0xff,
    0xff, 0xb7, 0x68, 0xd7, 0x0, 0x3f, 0xff, 0xff,
    0xfd, 0x34, 0x61, 0x82, 0xb3, 0x3, 0xff, 0xff,
    0xfd, 0x2b, 0xfe, 0x6f, 0xd2, 0x90, 0xd, 0xff,
    0xff, 0x2c, 0xff, 0xfd, 0xff, 0x2b, 0x0, 0x1d,
    0xff, 0x97, 0xff, 0xfb, 0xff, 0x91, 0x90, 0x0,
    0xb, 0xf3, 0x38, 0xbf, 0x0, 0xa2, 0x75, 0x0,
    0x0, 0x1f, 0x17, 0xde, 0xf7, 0x0, 0xaf, 0x40,
    0x0, 0x0, 0xa4, 0x8f, 0xff, 0xb3, 0x0, 0xc,
    0x0, 0x0, 0x1, 0xc1, 0x59, 0x70, 0xb0, 0x3,
    0xb0, 0x0, 0x0, 0x2, 0xb8, 0x67, 0xaf, 0x6,
    0x92, 0x0, 0x0, 0x0, 0x0, 0x24, 0x30, 0x6b,
    0xb0, 0x0,

    /* U+1F357 "🍗" */
    0x0, 0x0, 0x0, 0x0, 0x0, 0x0, 0x0, 0x0,
    0x0, 0x0, 0x8, 0xb5, 0x0, 0x0, 0x0, 0x0,
    0x0, 0x0, 0x0, 0x0, 0xb0, 0xa0, 0x0, 0x0,
    0x0, 0x0, 0x0, 0x0, 0x2, 0xb4, 0x4, 0x70,
    0x0, 0x0, 0x0, 0x0, 0x0, 0x0, 0x83, 0x0,
    0xc, 0x0, 0x0, 0x0, 0x0, 0x0, 0x0, 0x2,
    0xb5, 0x0, 0x79, 0x0, 0x0, 0x0, 0x0, 0x0,
    0x0, 0x0, 0x7b, 0x5f, 0xf9, 0x0, 0x0, 0x0,
    0x0, 0x0, 0x0, 0x0, 0x1a, 0xff, 0xfe, 0x71,
    0x0, 0x0, 0x0, 0x0, 0x0, 0x0, 0xb, 0xff,
    0xff, 0xfb, 0x50, 0x0, 0x0, 0x0, 0x0, 0x0,
    0x2f, 0xfe, 0xff, 0xff, 0xf8, 0x0, 0x0, 0x0,
    0x0, 0x0, 0xcf, 0x6d, 0xff, 0xff, 0xfd, 0x20,
    0x0, 0x0, 0x0, 0x9, 0xfe, 0xef, 0xff, 0xff,
    0xfe, 0x10, 0x0, 0x0, 0x0, 0x5f, 0xff, 0xff,
    0xff, 0xff, 0xf8, 0x0, 0x0, 0x0, 0x2, 0xff,
    0xae, 0xff, 0xff, 0xff, 0xd0, 0x0, 0x0, 0x0,
    0xd, 0xfc, 0xcf, 0xff, 0xff, 0xff, 0x0, 0x0,
    0x0, 0x0, 0x7f, 0xff, 0xff, 0xff, 0xff, 0xe0,
    0x0, 0x0, 0x0, 0x0, 0xef, 0xf7, 0x9f, 0xff,
    0xfa, 0x0, 0x0, 0x0, 0x0, 0x3, 0xef, 0xfe,
    0xff, 0xfe, 0x20, 0x0, 0x0, 0x0, 0x0, 0x2,
    0x9f, 0xff, 0xfb, 0x20, 0x0, 0x0, 0x0, 0x0,
    0x0, 0x0, 0x2, 0x20, 0x0, 0x0,

    /* U+1F358 "🍘" */
    0x0, 0x0, 0x0, 0x49, 0xbb, 0xba, 0x60, 0x0,
    0x0, 0x0, 0x0, 0x5c, 0x72, 0x0, 0x0, 0x5b,
    0x50, 0x0, 0x0, 0x8, 0x80, 0x0, 0x31, 0x0,
    0x0, 0x87, 0x0, 0x0, 0x77, 0x0, 0x0, 0x30,
    0x0, 0x0, 0x7, 0x70, 0x2, 0xa0, 0x3, 0x40,
    0x0, 0x51, 0x3, 0x20, 0xa2, 0xa, 0x20, 0x0,
    0x0, 0x0, 0x10, 0x2, 0x0, 0x29, 0xb, 0x0,
    0x0, 0x0, 0x0, 0x0, 0x1, 0x10, 0xb, 0xb,
    0x0, 0x5f, 0xff, 0xff, 0xff, 0xff, 0xc0, 0xb,
    0xb, 0x0, 0x5f, 0xa8, 0xff, 0xff, 0xff, 0xd0,
    0xb, 0xb, 0x0, 0x6f, 0x4e, 0xff, 0xff, 0xff,
    0xd0, 0xb, 0xb, 0x0, 0x6f, 0x4f, 0xff, 0xff,
    0xff, 0xe0, 0xb, 0xb, 0x0, 0x6f, 0x4f, 0xff,
    0xff, 0xff, 0xf0, 0x1a, 0x6, 0x50, 0x5f, 0x4f,
    0xff, 0xff, 0xff, 0xf0, 0x74, 0x1, 0xb0, 0x4f,
    0xaf, 0xff, 0xff, 0xff, 0xf0, 0xb0, 0x0, 0x5b,
    0x5f, 0xff, 0xff, 0xff, 0xff, 0xfa, 0x20, 0x0,
    0x3, 0xef, 0xff, 0xff, 0xff, 0xff, 0xf3, 0x0,
    0x0, 0x0, 0x19, 0xff, 0xff, 0xff, 0xfb, 0x10,
    0x0, 0x0, 0x0, 0x0, 0x4, 0x78, 0x87, 0x20,
    0x0, 0x0,

    /* U+1F359 "🍙" */
    0x0, 0x0, 0x0, 0x3, 0xab, 0x93, 0x0, 0x0,
    0x0, 0x0, 0x0, 0x0, 0x9, 0x91, 0x1, 0x98,
    0x0, 0x0, 0x0, 0x0, 0x0, 0x1b, 0x40, 0x38,
    0x0, 0x5b, 0x10, 0x0, 0x0, 0x0, 0x1b, 0x20,
    0x2, 0x0, 0x0, 0x2b, 0x0, 0x0, 0x0, 0xb,
    0x30, 0x69, 0x0, 0x0, 0x11, 0x3b, 0x0, 0x0,
    0x8, 0x52, 0x0, 0x0, 0x0, 0x9, 0x20, 0x58,
    0x0, 0x4, 0x90, 0x37, 0x0, 0x0, 0x0, 0x0,
    0x0, 0x93, 0x0, 0xb1, 0x0, 0x0, 0x0, 0x0,
    0x0, 0x0, 0x1, 0xb0, 0x47, 0x0, 0x1f, 0xfe,
    0xee, 0xff, 0xff, 0x3b, 0x17, 0x49, 0x10, 0x1,
    0xfb, 0x9f, 0xff, 0xff, 0xf3, 0x10, 0x29, 0xb0,
    0x62, 0x1f, 0x4d, 0xff, 0xff, 0xff, 0x30, 0x0,
    0xbb, 0x7, 0x21, 0xf4, 0xff, 0xff, 0xff, 0xf3,
    0x96, 0xb, 0xb0, 0x0, 0x1f, 0x4f, 0xff, 0xff,
    0xff, 0x30, 0x0, 0xba, 0x10, 0x0, 0xf4, 0xff,
    0xff, 0xff, 0xf3, 0x0, 0x1a, 0x3a, 0x0, 0xf,
    0x7f, 0xff, 0xff, 0xff, 0x20, 0xa, 0x30, 0x5b,
    0x40, 0xff, 0xff, 0xff, 0xff, 0xf2, 0x4b, 0x50,
    0x0, 0x17, 0xaf, 0xff, 0xff, 0xff, 0xff, 0xc7,
    0x10, 0x0, 0x0, 0x0, 0x13, 0x56, 0x66, 0x53,
    0x20, 0x0, 0x0,

    /* U+1F35A "🍚" */
    0x0, 0x0, 0x0, 0x0, 0x24, 0x10, 0x0, 0x0,
    0x0, 0x0, 0x0, 0x0, 0x2a, 0xb9, 0x7a, 0xba,
    0x10, 0x0, 0x0, 0x0, 0x2, 0xaa, 0x10, 0x0,
    0x0, 0x2a, 0xa1, 0x0, 0x0, 0x0, 0xb1, 0x0,
    0x0, 0x0, 0x5, 0x2, 0xa0, 0x0, 0x0, 0xb4,
    0x0, 0x0, 0x6, 0x0, 0x80, 0x5, 0xa0, 0x0,
    0x47, 0x0, 0x0, 0x1, 0x70, 0x0, 0x1, 0x8,
    0x20, 0xb, 0x20, 0x0, 0x0, 0x0, 0x30, 0x4,
    0x50, 0x4a, 0x7, 0x60, 0x0, 0x0, 0x0, 0xa,
    0x0, 0x30, 0x0, 0x85, 0xaa, 0xb8, 0x52, 0x0,
    0x0, 0x10, 0x2, 0x58, 0xba, 0x9b, 0x0, 0x36,
    0x9b, 0xbb, 0xbb, 0xbb, 0x96, 0x30, 0xa, 0xa0,
    0x0, 0x0, 0x0, 0x0, 0x0, 0x0, 0x0, 0x0,
    0xa8, 0x20, 0x0, 0x0, 0x0, 0x0, 0x0, 0x0,
    0x0, 0x37, 0x47, 0x0, 0x0, 0x0, 0x0, 0x0,
    0x0, 0x0, 0x9, 0x20, 0xb2, 0x0, 0x0, 0x0,
    0x0, 0x0, 0x0, 0x3, 0xa0, 0x1, 0xc3, 0x0,
    0x0, 0x0, 0x0, 0x0, 0x4, 0xc1, 0x0, 0x1,
    0x9b, 0x51, 0x0, 0x0, 0x2, 0x6b, 0x80, 0x0,
    0x0, 0x0, 0x19, 0xff, 0xff, 0xff, 0xf7, 0x10,
    0x0, 0x0, 0x0, 0x0, 0x3f, 0xff, 0xff, 0xff,
    0x10, 0x0, 0x0, 0x0, 0x0, 0x0, 0x8c, 0xef,
    0xec, 0x60, 0x0, 0x0, 0x0,

    /* U+1F35B "🍛" */
    0x0, 0x0, 0x0, 0x0, 0x0, 0x0, 0x0, 0x0,
    0x0, 0x0, 0x0, 0x0, 0x0, 0x3, 0x8c, 0xaa,
    0x82, 0x0, 0x0, 0x0, 0x0, 0x0, 0x0, 0x5,
    0xa2, 0x0, 0x12, 0x94, 0x0, 0x0, 0x0, 0x0,
    0x0, 0x9, 0x71, 0x0, 0x0, 0x1, 0x96, 0x0,
    0x0, 0x0, 0x0, 0x2, 0xb0, 0x0, 0x0, 0x0,
    0x30, 0xd4, 0x0, 0x0, 0x0, 0x1, 0xc2, 0x0,
    0x0, 0x0, 0x42, 0x4, 0xfb, 0x40, 0x0, 0x1,
    0xdb, 0x0, 0x0, 0x0, 0x0, 0x37, 0xb, 0x8,
    0x90, 0x0, 0xb5, 0x90, 0x0, 0x0, 0x0, 0x61,
    0x0, 0xca, 0x15, 0x90, 0x66, 0x39, 0x0, 0x0,
    0x0, 0x30, 0x60, 0xd, 0xfc, 0x8, 0x3b, 0x9,
    0xf6, 0x0, 0x0, 0x31, 0x1, 0x8, 0xc9, 0xb6,
    0x19, 0xb0, 0xcf, 0xfd, 0x74, 0x21, 0x13, 0x7d,
    0xf0, 0x4, 0x90, 0xab, 0xb, 0xef, 0xfb, 0xef,
    0xef, 0xff, 0xfc, 0xdb, 0xe8, 0xb, 0xa0, 0x5a,
    0x5f, 0x24, 0xe0, 0xaf, 0xf6, 0x1f, 0xff, 0x22,
    0x85, 0x80, 0x8a, 0x38, 0xef, 0xb7, 0x7f, 0x5,
    0xff, 0x50, 0xa2, 0x9, 0x50, 0x4b, 0xbd, 0xfd,
    0x1, 0xff, 0xfb, 0x20, 0x87, 0x0, 0xa, 0xf2,
    0x2, 0x68, 0xa9, 0x98, 0x51, 0x3, 0xf8, 0x0,
    0x0, 0xb, 0xff, 0x94, 0x10, 0x0, 0x14, 0x9f,
    0xf9, 0x0, 0x0, 0x0, 0x4, 0xcf, 0xff, 0xff,
    0xff, 0xff, 0xb3, 0x0, 0x0, 0x0, 0x0, 0x0,
    0x14, 0x67, 0x87, 0x64, 0x10, 0x0, 0x0, 0x0,

    /* U+1F35C "🍜" */
    0x0, 0x0, 0x0, 0x0, 0x0, 0x0, 0x0, 0x13,
    0x20, 0x0, 0x0, 0x19, 0x5e, 0xa6, 0x8a, 0xbc,
    0xcb, 0xa5, 0x0, 0x0, 0x5, 0xff, 0xcf, 0x43,
    0x10, 0x0, 0x0, 0x0, 0x0, 0x0, 0x2a, 0xfa,
    0xfb, 0xbb, 0xbb, 0xbb, 0xb8, 0x0, 0x0, 0x0,
    0x39, 0xb, 0x0, 0x0, 0x1, 0x12, 0x10, 0x0,
    0x0, 0x7, 0x40, 0xb0, 0x0, 0x0, 0x5, 0xa3,
    0x0, 0x0, 0x0, 0x91, 0xb, 0x0, 0x0, 0x3d,
    0xff, 0x80, 0x0, 0x0, 0x4f, 0xbb, 0xfb, 0xbb,
    0xff, 0xff, 0xfe, 0x0, 0x19, 0xa6, 0xa5, 0xb,
    0x42, 0x12, 0xef, 0xff, 0xff, 0x1b, 0x20, 0x4a,
    0xff, 0xff, 0xff, 0xff, 0xff, 0xff, 0xff, 0xd9,
    0xef, 0xfb, 0x6c, 0xbf, 0xa4, 0x32, 0xef, 0xff,
    0xfc, 0x9f, 0xf8, 0xac, 0x5a, 0xc3, 0xff, 0x1e,
    0xff, 0xac, 0x83, 0x4, 0xaf, 0xff, 0xff, 0xdf,
    0xfc, 0xc4, 0x3, 0x81, 0xc4, 0x0, 0x0, 0x0,
    0x0, 0x0, 0x0, 0x4, 0xc1, 0x5, 0xec, 0x96,
    0x32, 0x10, 0x12, 0x36, 0x9c, 0xe5, 0x0, 0x5,
    0x93, 0x58, 0x9a, 0xaa, 0x97, 0x53, 0xa5, 0x0,
    0x0, 0x2, 0xa9, 0x40, 0x0, 0x1, 0x49, 0xa2,
    0x0, 0x0, 0x0, 0x0, 0x7f, 0xff, 0xff, 0xff,
    0x70, 0x0, 0x0, 0x0, 0x0, 0x1, 0x8c, 0xef,
    0xec, 0x81, 0x0, 0x0, 0x0,

    /* U+1F35D "🍝" */
    0x0, 0x0, 0x0, 0x0, 0x0, 0x0, 0x0, 0x0,
    0x31, 0x0, 0x0, 0x0, 0x0, 0x0, 0x0, 0x0,
    0x29, 0xb9, 0x10, 0x0, 0x0, 0x0, 0x0, 0x3,
    0x70, 0x69, 0x10, 0x0, 0x0, 0x0, 0x0, 0x0,
    0x0, 0xb3, 0xfc, 0x0, 0x0, 0x0, 0x0, 0x0,
    0x0, 0x38, 0x9a, 0x9c, 0x30, 0x0, 0x0, 0x0,
    0x0, 0x0, 0x3, 0x66, 0xba, 0x80, 0x0, 0x0,
    0x0, 0x0, 0x0, 0x0, 0x0, 0x7, 0xb2, 0x0,
    0x0, 0x0, 0x0, 0x0, 0x0, 0x0, 0x25, 0x89,
    0x30, 0x0, 0x0, 0x0, 0x0, 0x0, 0x9f, 0xff,
    0xfa, 0xbf, 0xfb, 0x20, 0x0, 0x0, 0x4, 0xff,
    0xff, 0xff, 0x6e, 0xff, 0xff, 0xb0, 0x0, 0x6,
    0xf7, 0x58, 0xff, 0x8a, 0xff, 0xff, 0xbf, 0xe0,
    0x2, 0xa9, 0xaf, 0x7b, 0xfb, 0x7f, 0xff, 0xfe,
    0x5d, 0x90, 0x92, 0x8b, 0x6f, 0x5d, 0xfc, 0x8f,
    0xba, 0xeb, 0x8b, 0xa, 0x9, 0x77, 0x9e, 0x76,
    0xa6, 0x8a, 0x96, 0x57, 0xa0, 0x83, 0x37, 0x79,
    0x48, 0xeb, 0xc7, 0x56, 0xae, 0x1b, 0x2, 0xb0,
    0x39, 0x57, 0xa6, 0x8a, 0xa6, 0x6d, 0x26, 0x70,
    0x5, 0xa1, 0x4, 0x97, 0x7b, 0xd7, 0xba, 0x36,
    0xa0, 0x0, 0x3, 0xb8, 0x30, 0x37, 0xa5, 0x1,
    0x6b, 0x60, 0x0, 0x0, 0x0, 0x38, 0xbb, 0xaa,
    0xab, 0x95, 0x0, 0x0, 0x0,

    /* U+1F35E "🍞" */
    0x0, 0x0, 0x0, 0x0, 0x34, 0x43, 0x0, 0x0,
    0x0, 0x0, 0x0, 0x2, 0x7c, 0xff, 0xff, 0xff,
    0xc6, 0x0, 0x0, 0x0, 0x1a, 0xff, 0xff, 0xff,
    0xff, 0xff, 0xfd, 0x30, 0x0, 0x3e, 0xff, 0xff,
    0xff, 0xff, 0xff, 0xff, 0xff, 0x30, 0x2e, 0xaa,
    0xcf, 0xff, 0xff, 0xff, 0xff, 0xff, 0xfe, 0x9,
    0x20, 0x0, 0x17, 0xdf, 0xff, 0xff, 0xff, 0xff,
    0xf4, 0xa0, 0x0, 0x0, 0x0, 0x8f, 0xff, 0xff,
    0xff, 0xff, 0x76, 0x60, 0x0, 0x0, 0x0, 0x4f,
    0xff, 0xff, 0xff, 0xf5, 0xb, 0x20, 0x0, 0x0,
    0x0, 0x6f, 0xff, 0xff, 0xfe, 0x0, 0x65, 0x0,
    0x0, 0x0, 0x0, 0xff, 0xff, 0xff, 0x20, 0x6,
    0x50, 0x0, 0x0, 0x0, 0x2f, 0xff, 0xff, 0xf0,
    0x0, 0x65, 0x0, 0x0, 0x0, 0x4d, 0xff, 0xff,
    0xff, 0x0, 0x6, 0x50, 0x0, 0x0, 0xa, 0xff,
    0xff, 0xff, 0xf0, 0x0, 0x65, 0x0, 0x0, 0x0,
    0xaf, 0xff, 0xff, 0xff, 0x0, 0x3, 0x80, 0x0,
    0x0, 0xa, 0xff, 0xff, 0xff, 0x80, 0x0, 0x7,
    0xa1, 0x0, 0x0, 0xaf, 0xff, 0xff, 0x60, 0x0,
    0x0, 0x3, 0xb7, 0x0, 0xa, 0xff, 0xfb, 0x20,
    0x0, 0x0, 0x0, 0x0, 0x5b, 0x61, 0xcf, 0xe5,
    0x0, 0x0, 0x0, 0x0, 0x0, 0x0, 0x5, 0xcf,
    0x80, 0x0, 0x0, 0x0, 0x0,

    /* U+1F35F "🍟" */
    0x0, 0x0, 0x0, 0x34, 0x30, 0x0, 0x0, 0x0,
    0x0, 0x0, 0x23, 0x93, 0x84, 0x63, 0x0, 0x0,
    0x0, 0x6, 0x79, 0x80, 0x89, 0x1d, 0x88, 0x50,
    0x3, 0x93, 0x64, 0xd0, 0x88, 0x8, 0xd, 0x6b,
    0xa, 0x17, 0x90, 0xb2, 0x98, 0xf, 0x1f, 0x8,
    0x6, 0x29, 0xab, 0xc9, 0x7e, 0x64, 0xae, 0x34,
    0x0, 0x84, 0xd1, 0x98, 0x8, 0x90, 0xc6, 0x70,
    0x0, 0x80, 0xf0, 0x88, 0xa, 0x72, 0xc3, 0x80,
    0x0, 0x44, 0xe0, 0x88, 0xe, 0x17, 0x91, 0x80,
    0x0, 0xf, 0xf3, 0x97, 0x2d, 0x8, 0xfd, 0x70,
    0x0, 0xf, 0xff, 0xf7, 0x4c, 0x5f, 0xff, 0x20,
    0x0, 0x9, 0xff, 0xff, 0xff, 0xff, 0xcf, 0x0,
    0x0, 0x6, 0xff, 0xff, 0xff, 0xff, 0x5c, 0x0,
    0x0, 0x3, 0xff, 0xff, 0xff, 0xfe, 0x68, 0x0,
    0x0, 0x0, 0xff, 0xff, 0xff, 0xfb, 0x95, 0x0,
    0x0, 0x0, 0xdf, 0xff, 0xff, 0xf9, 0xc2, 0x0,
    0x0, 0x0, 0xaf, 0xff, 0xff, 0xf6, 0xe0, 0x0,
    0x0, 0x0, 0x6f, 0xff, 0xfe, 0x69, 0xc0, 0x0,
    0x0, 0x0, 0x19, 0xde, 0xff, 0xeb, 0x30, 0x0,

    /* U+1F360 "🍠" */
    0x0, 0x0, 0x0, 0x0, 0x0, 0x0, 0x0, 0x1,
    0x10, 0x0, 0x0, 0x0, 0x0, 0x0, 0x0, 0x4,
    0xd8, 0x0, 0x0, 0x0, 0x0, 0x1, 0x7a, 0xce,
    0xff, 0xa0, 0x0, 0x0, 0x0, 0x2a, 0xff, 0xff,
    0xf9, 0xdb, 0x0, 0x0, 0x0, 0x7f, 0xff, 0xfc,
    0xff, 0xff, 0xb0, 0x0, 0x0, 0xbe, 0xce, 0xfd,
    0x9f, 0xec, 0xfb, 0x0, 0x0, 0xb7, 0x0, 0x8,
    0xff, 0xfa, 0xff, 0x90, 0x0, 0x58, 0x0, 0x0,
    0x8, 0xff, 0xff, 0xf5, 0x0, 0xa, 0x10, 0x0,
    0x0, 0xd, 0xf8, 0xff, 0x0, 0x0, 0xa0, 0x0,
    0x0, 0x0, 0x6f, 0xaf, 0x90, 0x0, 0x8, 0x20,
    0x0, 0x0, 0x2, 0xff, 0xf1, 0x0, 0x0, 0x48,
    0x0, 0x0, 0x0, 0x2f, 0xf6, 0x0, 0x0, 0x39,
    0xfb, 0x94, 0x0, 0x5, 0xf8, 0x0, 0x2, 0xb8,
    0x20, 0x1, 0x89, 0x1, 0xd8, 0x0, 0x0, 0xb1,
    0x0, 0x0, 0x0, 0x4f, 0xb4, 0x0, 0x0, 0xb,
    0x0, 0x0, 0x0, 0x0, 0xb0, 0x0, 0x0, 0x0,
    0xb9, 0x0, 0x0, 0x0, 0x7d, 0x0, 0x0, 0x0,
    0x3, 0xff, 0xca, 0xab, 0xef, 0x60, 0x0, 0x0,
    0x0, 0x2, 0x9d, 0xff, 0xda, 0x30, 0x0, 0x0,
    0x0, 0x0,

    /* U+1F361 "🍡" */
    0x1, 0x0, 0x0, 0x0, 0x0, 0x0, 0x0, 0x0,
    0x0, 0x4, 0xe3, 0x7b, 0xb5, 0x0, 0x0, 0x0,
    0x0, 0x0, 0x0, 0x9, 0xf5, 0x0, 0x95, 0x0,
    0x0, 0x0, 0x0, 0x0, 0x0, 0x95, 0x0, 0x0,
    0xb0, 0x0, 0x0, 0x0, 0x0, 0x0, 0xb, 0x25,
    0x0, 0xb, 0x0, 0x0, 0x0, 0x0, 0x0, 0x0,
    0xb2, 0x40, 0x4, 0xda, 0xa3, 0x0, 0x0, 0x0,
    0x0, 0x9, 0x50, 0x4, 0xf7, 0x1, 0xb4, 0x0,
    0x0, 0x0, 0x0, 0x9, 0xbb, 0xf6, 0x0, 0x0,
    0xb0, 0x0, 0x0, 0x0, 0x0, 0x0, 0xb, 0x26,
    0x0, 0xb, 0x0, 0x0, 0x0, 0x0, 0x0, 0x0,
    0xb2, 0x40, 0x4, 0xeb, 0xb6, 0x0, 0x0, 0x0,
    0x0, 0x9, 0x50, 0x3, 0xff, 0xff, 0xf7, 0x0,
    0x0, 0x0, 0x0, 0x9, 0xbb, 0xff, 0xff, 0xff,
    0xf0, 0x0, 0x0, 0x0, 0x0, 0x0, 0xc, 0x8f,
    0xff, 0xff, 0x10, 0x0, 0x0, 0x0, 0x0, 0x0,
    0xc8, 0xff, 0xff, 0xc0, 0x0, 0x0, 0x0, 0x0,
    0x0, 0x7, 0xff, 0xff, 0xfa, 0x0, 0x0, 0x0,
    0x0, 0x0, 0x0, 0x8, 0xff, 0xdb, 0xf6, 0x0,
    0x0, 0x0, 0x0, 0x0, 0x0, 0x0, 0x10, 0x7,
    0xf6, 0x0, 0x0, 0x0, 0x0, 0x0, 0x0, 0x0,
    0x0, 0x7, 0xf6, 0x0, 0x0, 0x0, 0x0, 0x0,
    0x0, 0x0, 0x0, 0x7, 0x30,

    /* U+1F362 "🍢" */
    0x1, 0x10, 0x0, 0x0, 0x0, 0x0, 0x0, 0x0,
    0x0, 0x9, 0xaf, 0xaf, 0xbb, 0xb6, 0x0, 0x0,
    0x0, 0x0, 0x0, 0xb0, 0xa0, 0x72, 0x2, 0xa0,
    0x0, 0x0, 0x0, 0x0, 0xe, 0x9f, 0x9f, 0xdb,
    0xf1, 0x0, 0x0, 0x0, 0x0, 0x0, 0xb0, 0x90,
    0x37, 0xc1, 0x0, 0x0, 0x0, 0x0, 0x0, 0xe,
    0xbf, 0xad, 0xf9, 0xba, 0x30, 0x0, 0x0, 0x0,
    0x0, 0x91, 0x93, 0xcf, 0xff, 0xff, 0x30, 0x0,
    0x0, 0x0, 0x8, 0x2b, 0xd2, 0xfc, 0xff, 0xfb,
    0x0, 0x7d, 0x60, 0x0, 0x5a, 0xb0, 0x1f, 0x6f,
    0xff, 0xc0, 0x69, 0x5b, 0xb0, 0x0, 0x20, 0x0,
    0xd8, 0xff, 0xf9, 0x59, 0x46, 0x1f, 0x50, 0x0,
    0x0, 0x3, 0xef, 0xff, 0xfa, 0x37, 0x19, 0x3a,
    0x0, 0x0, 0x0, 0x0, 0x32, 0x4d, 0x38, 0x29,
    0x2c, 0x20, 0x0, 0x0, 0x0, 0x0, 0x4a, 0x38,
    0x29, 0x1c, 0x30, 0x0, 0x0, 0x0, 0x0, 0x3a,
    0x38, 0x29, 0x1c, 0x30, 0x0, 0x0, 0x0, 0x0,
    0x39, 0x1, 0x29, 0x1f, 0xd0, 0x0, 0x0, 0x0,
    0x0, 0x7, 0x44, 0x61, 0xb, 0x5e, 0x90, 0x0,
    0x0, 0x0, 0x0, 0x1b, 0x5, 0xa, 0x40, 0x2e,
    0x80, 0x0, 0x0, 0x0, 0x0, 0x5b, 0x19, 0x50,
    0x0, 0x2e, 0x70, 0x0, 0x0, 0x0, 0x0, 0x29,
    0x50, 0x0, 0x0, 0x3e, 0x10, 0x0, 0x0, 0x0,
    0x0, 0x0, 0x0, 0x0, 0x0, 0x0,

    /* U+1F363 "🍣" */
    0x0, 0x0, 0x0, 0x0, 0x0, 0x0, 0x0, 0x0,
    0x0, 0x0, 0x0, 0x0, 0x5a, 0xff, 0xaa, 0xbd,
    0x70, 0x0, 0x0, 0x0, 0x2, 0xb5, 0x87, 0x1,
    0x88, 0x68, 0xb5, 0x0, 0x0, 0x0, 0xb1, 0x74,
    0x3, 0xa1, 0x0, 0x28, 0xff, 0x0, 0x0, 0x47,
    0x3d, 0x89, 0xf3, 0x0, 0x99, 0x30, 0x68, 0x0,
    0x5, 0xcf, 0x72, 0x24, 0xaa, 0xd4, 0x0, 0x0,
    0xa2, 0x0, 0x6, 0x90, 0x50, 0x50, 0x3b, 0x80,
    0x3a, 0xbf, 0x90, 0x0, 0x3f, 0x8a, 0x96, 0x21,
    0x5, 0xfd, 0x10, 0xa, 0x5, 0xdb, 0xff, 0xff,
    0xff, 0xb4, 0x1, 0xb7, 0x2, 0x95, 0xf5, 0xaf,
    0xff, 0xff, 0xff, 0xfb, 0x10, 0x5f, 0xb2, 0x8f,
    0xa3, 0x6a, 0xff, 0xff, 0xff, 0xfe, 0x4a, 0x50,
    0x2, 0xff, 0xfd, 0x9f, 0xff, 0xff, 0xff, 0xff,
    0x70, 0x0, 0xb, 0x5, 0xaf, 0xff, 0xff, 0xff,
    0xff, 0xff, 0x0, 0x0, 0xb1, 0x40, 0x59, 0xff,
    0xff, 0xff, 0xff, 0xf0, 0x0, 0x3, 0xb3, 0x1,
    0x12, 0xbf, 0xff, 0xff, 0xa9, 0x0, 0x0, 0x1,
    0x98, 0x13, 0x0, 0x4a, 0xc9, 0x20, 0xa0, 0x0,
    0x0, 0x0, 0x3b, 0x70, 0x0, 0x0, 0x0, 0x95,
    0x0, 0x0, 0x0, 0x0, 0x5, 0xb7, 0x10, 0x2,
    0xb5, 0x0, 0x0, 0x0, 0x0, 0x0, 0x0, 0x4a,
    0xbb, 0x91, 0x0, 0x0, 0x0,

    /* U+1F364 "🍤" */
    0x0, 0x0, 0x0, 0x0, 0x0, 0x0, 0x1, 0x30,
    0x0, 0x0, 0x0, 0x0, 0x0, 0x0, 0x0, 0x0,
    0x2, 0xba, 0xa7, 0xbb, 0x40, 0x0, 0x0, 0x0,
    0x0, 0x0, 0x0, 0x8, 0xa1, 0x0, 0x0, 0xb,
    0x40, 0x0, 0x0, 0x0, 0x0, 0x0, 0x0, 0xa0,
    0x0, 0x0, 0x0, 0x17, 0x70, 0x0, 0x0, 0x3f,
    0xdc, 0xa0, 0x75, 0x0, 0x0, 0x0, 0x1, 0xb,
    0x0, 0x0, 0x6c, 0xdc, 0xee, 0x19, 0x10, 0x0,
    0x0, 0x0, 0xa0, 0x3a, 0x0, 0xf, 0xff, 0x7a,
    0xc2, 0x39, 0x0, 0x0, 0x0, 0x1, 0x0, 0xa0,
    0x0, 0xe9, 0xd7, 0xbc, 0x11, 0x90, 0x0, 0x0,
    0x0, 0x0, 0x7, 0x60, 0x6, 0xf6, 0xed, 0xd0,
    0x9, 0x74, 0x0, 0x0, 0x0, 0x20, 0xb, 0x0,
    0x9, 0xdf, 0xfe, 0x0, 0x4, 0x7b, 0xb2, 0x0,
    0x7, 0x40, 0xb0, 0x0, 0x8, 0xff, 0xf7, 0x0,
    0x0, 0x1, 0xb1, 0x0, 0x20, 0x9, 0x0, 0x0,
    0xf, 0xff, 0xf9, 0x0, 0x0, 0xa, 0x0, 0x0,
    0x0, 0xb0, 0x0, 0x0, 0xaf, 0xff, 0xfb, 0xb6,
    0xaa, 0x80, 0x0, 0x0, 0x84, 0x0, 0x0, 0x4,
    0xff, 0xff, 0x60, 0x61, 0x0, 0x0, 0x0, 0xa,
    0x0, 0x0, 0x0, 0xb, 0xff, 0xf5, 0x0, 0x0,
    0x10, 0x0, 0x17, 0x90, 0x0, 0x0, 0x0, 0x1d,
    0xff, 0x20, 0x0, 0x18, 0x10, 0x7, 0x50, 0x0,
    0x0, 0x0, 0x0, 0x1c, 0x50, 0x19, 0x30, 0x0,
    0x14, 0xc0, 0x0, 0x0, 0x0, 0x0, 0x0, 0x1a,
    0x60, 0x0, 0x10, 0x5c, 0x71, 0x0, 0x0, 0x0,
    0x0, 0x0, 0x0, 0x14, 0xaa, 0xba, 0xa8, 0x0,
    0x0, 0x0, 0x0,

    /* U+1F365 "🍥" */
    0x0, 0x0, 0x0, 0x0, 0x3, 0x0, 0x0, 0x0,
    0x0, 0x0, 0x0, 0x0, 0x0, 0x3b, 0x7c, 0x30,
    0x0, 0x0, 0x0, 0x0, 0x0, 0x9b, 0xb9, 0x10,
    0x19, 0xbb, 0x60, 0x0, 0x0, 0x0, 0x48, 0x0,
    0x0, 0x0, 0x0, 0xb, 0x10, 0x0, 0x0, 0x5c,
    0x10, 0x0, 0x44, 0x0, 0x0, 0x4b, 0x20, 0x0,
    0x59, 0x0, 0x4, 0xb7, 0x10, 0x0, 0x0, 0x2c,
    0x0, 0x8, 0x30, 0x5, 0x90, 0x6, 0x98, 0x40,
    0x0, 0x91, 0x0, 0xa2, 0x1, 0xa0, 0xb, 0x61,
    0x28, 0x90, 0x8, 0x30, 0x48, 0x0, 0x74, 0x7,
    0x40, 0x0, 0x7, 0x40, 0x1b, 0xa, 0x10, 0xa,
    0x0, 0xa0, 0x0, 0x0, 0x19, 0x0, 0x74, 0x75,
    0x0, 0xa0, 0x7, 0x50, 0x29, 0x1, 0xa0, 0xb,
    0x10, 0xb1, 0x7, 0x40, 0x9, 0xbb, 0x10, 0x47,
    0x6, 0x60, 0x8, 0x20, 0x1b, 0x0, 0x0, 0x0,
    0xb, 0x10, 0x92, 0x0, 0x74, 0x0, 0x3b, 0x20,
    0x0, 0x3b, 0x30, 0xa, 0x10, 0x1, 0xb8, 0x0,
    0x29, 0xbb, 0xb9, 0x10, 0x1a, 0x80, 0x0, 0x0,
    0x84, 0x0, 0x0, 0x0, 0x0, 0x7, 0x40, 0x0,
    0x0, 0x1, 0xb2, 0x21, 0x0, 0x1, 0x23, 0xc0,
    0x0, 0x0, 0x0, 0x3, 0x9a, 0xc4, 0x4, 0xca,
    0x92, 0x0, 0x0, 0x0, 0x0, 0x0, 0x0, 0x9b,
    0x90, 0x0, 0x0, 0x0, 0x0,

    /* U+1F366 "🍦" */
    0x0, 0x0, 0x0, 0x0, 0x0, 0x0, 0x0, 0x8f,
    0xc7, 0x0, 0x0, 0x0, 0x3, 0x48, 0x57, 0x0,
    0x0, 0x0, 0x3b, 0x20, 0xa0, 0x0, 0x0, 0x59,
    0x10, 0xa, 0x0, 0x0, 0xa, 0x71, 0x4, 0xd6,
    0x0, 0x7, 0x86, 0x9a, 0x70, 0x84, 0x0, 0xa0,
    0x0, 0x0, 0x4, 0x70, 0xb, 0x50, 0x0, 0x2,
    0xd7, 0x7, 0x65, 0xab, 0xbb, 0x92, 0xa3, 0xb0,
    0x0, 0x0, 0x0, 0x4, 0x66, 0xd1, 0x0, 0x0,
    0x3, 0xf1, 0xe, 0xaa, 0xaa, 0xaa, 0xe7, 0x0,
    0x72, 0x0, 0x0, 0xb, 0x0, 0x0, 0xa0, 0x80,
    0x84, 0x80, 0x0, 0x9, 0x9, 0x9, 0x64, 0x0,
    0x0, 0x90, 0x90, 0x98, 0x20, 0x0, 0x7, 0x21,
    0x1, 0xa0, 0x0, 0x0, 0x2a, 0xaa, 0xa8, 0x0,
    0x0,

    /* U+1F367 "🍧" */
    0x0, 0x0, 0x2, 0x44, 0x20, 0x0, 0x0, 0x0,
    0x0, 0x0, 0x8f, 0xff, 0xff, 0xf9, 0x0, 0x0,
    0xa6, 0x0, 0xff, 0xff, 0x6f, 0xff, 0xff, 0x12,
    0xdf, 0x40, 0xff, 0x87, 0xbf, 0xff, 0xff, 0xff,
    0xfd, 0x20, 0x6f, 0xff, 0xff, 0xff, 0xff, 0x8f,
    0xff, 0x0, 0xf, 0xfb, 0xc7, 0xab, 0xff, 0xff,
    0xcf, 0xf0, 0x0, 0xdd, 0xc6, 0xff, 0xfd, 0xbf,
    0xf6, 0xac, 0x0, 0xb, 0x18, 0x9a, 0x78, 0xdd,
    0x81, 0x0, 0xb0, 0x0, 0xb0, 0x0, 0x0, 0x0,
    0x0, 0x0, 0xb, 0x0, 0xf, 0x30, 0x0, 0x0,
    0x0, 0x0, 0x3, 0xf0, 0x0, 0xcb, 0x30, 0x0,
    0x0, 0x0, 0x3, 0xbc, 0x0, 0xb, 0x7, 0xba,
    0x99, 0x99, 0xab, 0x81, 0xb0, 0x0, 0xa3, 0x0,
    0x1, 0x11, 0x10, 0x0, 0x2a, 0x0, 0x2, 0xd7,
    0x20, 0x0, 0x0, 0x2, 0x7d, 0x20, 0x0, 0xa,
    0x69, 0xba, 0xab, 0xab, 0x95, 0xa0, 0x0, 0x0,
    0x57, 0x0, 0x0, 0x0, 0x0, 0x56, 0x0, 0x0,
    0x1, 0xb0, 0x0, 0x0, 0x0, 0xa, 0x10, 0x0,
    0x0, 0x8, 0x92, 0x0, 0x0, 0x18, 0x80, 0x0,
    0x0, 0x0, 0x3, 0x9b, 0xbb, 0xba, 0x40, 0x0,
    0x0, 0x0,

    /* U+1F368 "🍨" */
    0x0, 0x0, 0x0, 0x13, 0x30, 0x0, 0x0, 0x0,
    0x0, 0x0, 0x8b, 0x77, 0xb5, 0x0, 0x0, 0x0,
    0x0, 0x68, 0x2, 0x10, 0x93, 0x0, 0x0, 0x0,
    0xc, 0x3, 0x0, 0x32, 0x80, 0x0, 0x0, 0x1,
    0xc0, 0x0, 0x0, 0x1a, 0x0, 0x0, 0x3, 0xcd,
    0xb4, 0x0, 0x0, 0xc7, 0x0, 0x4, 0xa1, 0x10,
    0x9b, 0x60, 0x5c, 0x98, 0x0, 0xb0, 0x12, 0x0,
    0xf, 0xba, 0x10, 0x93, 0x2c, 0x1, 0x3, 0x0,
    0xb0, 0x21, 0x5, 0x82, 0xf4, 0x0, 0x0, 0xb,
    0x0, 0x0, 0xc9, 0xb, 0xa9, 0x20, 0x5, 0x70,
    0x16, 0xaa, 0x50, 0x75, 0x39, 0xbb, 0xeb, 0xba,
    0x52, 0xc0, 0x0, 0xa6, 0x0, 0x0, 0x0, 0x5,
    0xd2, 0x0, 0x0, 0x6c, 0x85, 0x45, 0x7d, 0x91,
    0x0, 0x0, 0x0, 0x2, 0x8f, 0xe4, 0x0, 0x0,
    0x0, 0x0, 0x4, 0x9f, 0xff, 0xa5, 0x0, 0x0,
    0x0, 0x6, 0x70, 0x5c, 0x90, 0x59, 0x0, 0x0,
    0x0, 0x87, 0x0, 0x0, 0x4, 0xa0, 0x0, 0x0,
    0x0, 0x5a, 0xaa, 0xaa, 0x70, 0x0, 0x0,

    /* U+1F369 "🍩" */
    0x0, 0x0, 0x0, 0x49, 0xce, 0xfe, 0xc9, 0x40,
    0x0, 0x0, 0x0, 0x0, 0x5, 0xef, 0xff, 0xfc,
    0xaf, 0xff, 0xd5, 0x0, 0x0, 0x0, 0xa, 0xfd,
    0xaf, 0xff, 0xad, 0xff, 0xfa, 0xfa, 0x0, 0x0,
    0xb, 0xff, 0xf7, 0xff, 0xdc, 0xdf, 0xfc, 0xaf,
    0xea, 0x0, 0x6, 0xff, 0xff, 0xf7, 0x0, 0x0,
    0x7, 0xff, 0xd5, 0xf5, 0x0, 0xda, 0xff, 0x8b,
    0x16, 0xab, 0xa6, 0x1b, 0xff, 0xef, 0xc0, 0x1f,
    0x5f, 0xca, 0xfe, 0x40, 0x0, 0x4e, 0xff, 0xff,
    0xff, 0x3, 0xff, 0xff, 0xff, 0xfc, 0x98, 0x9c,
    0xff, 0xfc, 0xff, 0xf2, 0xf, 0xff, 0xff, 0xff,
    0xfe, 0xff, 0xff, 0xff, 0x5f, 0xff, 0x0, 0xbc,
    0xff, 0x6f, 0xfc, 0x5d, 0xfe, 0x6f, 0xfd, 0xfc,
    0xb0, 0x9, 0x5f, 0xfc, 0xdf, 0xff, 0xff, 0xf8,
    0xff, 0xff, 0x59, 0x0, 0x47, 0x26, 0x79, 0xef,
    0xff, 0xff, 0xd9, 0x76, 0x29, 0x30, 0x0, 0xa3,
    0x0, 0x0, 0x5b, 0xda, 0x40, 0x0, 0x3, 0xa0,
    0x0, 0x1, 0xb5, 0x0, 0x0, 0x0, 0x0, 0x0,
    0x6, 0xb0, 0x0, 0x0, 0x0, 0x7b, 0x74, 0x10,
    0x0, 0x14, 0x7b, 0x70, 0x0, 0x0, 0x0, 0x0,
    0x3, 0x79, 0xab, 0xa9, 0x63, 0x0, 0x0, 0x0,

    /* U+1F36A "🍪" */
    0x0, 0x0, 0x2, 0x8b, 0xbb, 0xba, 0x20, 0x0,
    0x0, 0x0, 0x0, 0xb, 0xf4, 0x0, 0x8, 0xfd,
    0xb3, 0x0, 0x0, 0x0, 0xa, 0xff, 0x90, 0x0,
    0xbd, 0x42, 0xb8, 0x0, 0x0, 0x7, 0x54, 0x83,
    0x3, 0x61, 0x0, 0x0, 0xba, 0x0, 0x2, 0xfb,
    0x90, 0x0, 0x7f, 0xd5, 0x90, 0xd, 0xf6, 0x0,
    0xc3, 0x1, 0x10, 0x0, 0xbf, 0x70, 0x0, 0xac,
    0xc1, 0x75, 0x0, 0x5f, 0x60, 0x0, 0x90, 0x85,
    0x1, 0x5, 0x7b, 0x0, 0x3, 0xc6, 0x0, 0x10,
    0xc, 0x61, 0xf6, 0x1b, 0xb0, 0x8, 0x0, 0x0,
    0x6e, 0x0, 0x0, 0x1b, 0x60, 0xcb, 0x2, 0xe1,
    0x2, 0x20, 0x20, 0x0, 0x0, 0x0, 0x2c, 0xb2,
    0x0, 0x1, 0xfe, 0x20, 0x2, 0xe8, 0x0, 0x7,
    0x97, 0xa0, 0x0, 0xe, 0xf9, 0x0, 0xaf, 0xd0,
    0x0, 0xe4, 0x1e, 0x90, 0x0, 0x4, 0x30, 0x3,
    0x87, 0x0, 0xad, 0x0, 0x5f, 0xe5, 0x0, 0x0,
    0x72, 0x0, 0x0, 0xaf, 0x40, 0x0, 0x4f, 0xf6,
    0x0, 0x1, 0xb9, 0x79, 0xef, 0x60, 0x0, 0x0,
    0x2c, 0xfc, 0x63, 0x4b, 0xff, 0xff, 0x90, 0x0,
    0x0, 0x0, 0x1b, 0xff, 0xff, 0xff, 0xa8, 0x20,
    0x0, 0x0, 0x0, 0x0, 0x4, 0x9b, 0xb8, 0x10,
    0x0, 0x0, 0x0,

    /* U+1F36B "🍫" */
    0x0, 0x0, 0x0, 0x20, 0x0, 0x0, 0x0, 0x0,
    0x0, 0x0, 0x0, 0x0, 0x5f, 0xa0, 0x0, 0x0,
    0x0, 0x0, 0x0, 0x0, 0x0, 0x5f, 0xff, 0xa0,
    0x0, 0x0, 0x0, 0x0, 0x0, 0x0, 0x5f, 0xeb,
    0xbf, 0xa0, 0x0, 0x0, 0x0, 0x0, 0x0, 0x5f,
    0xf9, 0x5f, 0xff, 0xa0, 0x0, 0x0, 0x0, 0x0,
    0x5f, 0xff, 0xff, 0xec, 0xaf, 0xa6, 0x0, 0x0,
    0x0, 0x4f, 0xda, 0x8f, 0xfa, 0x4f, 0xfe, 0x5a,
    0x0, 0x0, 0x5, 0xfd, 0x6f, 0xff, 0xff, 0xfa,
    0x20, 0xb0, 0x0, 0x0, 0x6, 0xff, 0xeb, 0x8f,
    0xfa, 0x0, 0x1e, 0xb0, 0x0, 0x0, 0x6, 0xfd,
    0x5f, 0xf4, 0x0, 0x9b, 0x46, 0x90, 0x0, 0x0,
    0x6, 0xff, 0xfc, 0x0, 0x29, 0x0, 0x6, 0x90,
    0x0, 0x0, 0x6, 0xfc, 0x40, 0x5, 0x70, 0x0,
    0x6, 0x80, 0x0, 0x0, 0x8, 0x57, 0xbb, 0x92,
    0x0, 0x0, 0x9, 0x50, 0x0, 0x0, 0x1f, 0xf0,
    0x0, 0x0, 0x0, 0x3, 0xb1, 0x0, 0x0, 0x0,
    0x15, 0xa0, 0x0, 0x0, 0x2, 0xb1, 0x0, 0x0,
    0x0, 0x0, 0x5, 0x90, 0x0, 0x2, 0xb1, 0x0,
    0x0, 0x0, 0x0, 0x0, 0x5, 0x90, 0x2, 0xb1,
    0x0, 0x0, 0x0, 0x0, 0x0, 0x0, 0x5, 0x92,
    0xc1, 0x0, 0x0, 0x0, 0x0, 0x0, 0x0, 0x0,
    0x5, 0xc1, 0x0, 0x0, 0x0,

    /* U+1F36C "🍬" */
    0x0, 0x0, 0x0, 0x0, 0x0, 0x0, 0x0, 0x0,
    0x0, 0x0, 0x0, 0x0, 0x1, 0xd1, 0x0, 0x0,
    0x0, 0x0, 0x0, 0x0, 0x0, 0x0, 0x6, 0xb4,
    0xb0, 0x0, 0x0, 0x0, 0x0, 0x0, 0x0, 0x0,
    0xb, 0x40, 0x4, 0x90, 0x0, 0x0, 0x0, 0x0,
    0x0, 0x0, 0x1, 0x90, 0x9, 0xa, 0x10, 0x0,
    0x0, 0x0, 0x0, 0x0, 0x0, 0xa3, 0x17, 0x22,
    0x85, 0x8f, 0x94, 0x0, 0x0, 0x0, 0x0, 0x2b,
    0x92, 0x22, 0x1f, 0xa2, 0xc2, 0x9e, 0x0, 0x0,
    0x0, 0x0, 0x2, 0x9b, 0xbf, 0xa0, 0x1b, 0x4,
    0xc8, 0x0, 0x0, 0x0, 0x0, 0x0, 0x0, 0xb0,
    0x7, 0x50, 0x83, 0xb0, 0x0, 0x0, 0x0, 0x0,
    0x0, 0xb, 0x0, 0xc0, 0xb, 0x8, 0x20, 0x0,
    0x0, 0x0, 0x0, 0x0, 0xb0, 0x84, 0x5, 0x70,
    0x91, 0x0, 0x0, 0x0, 0x0, 0x0, 0x9, 0x99,
    0x0, 0xb0, 0x1f, 0xaa, 0x50, 0x0, 0x0, 0x0,
    0x0, 0x1f, 0x30, 0xa3, 0x1f, 0xb0, 0x26, 0xb6,
    0x0, 0x0, 0x0, 0x0, 0x19, 0xfe, 0xba, 0xd0,
    0x19, 0x20, 0xd3, 0x0, 0x0, 0x0, 0x0, 0x0,
    0x10, 0xb, 0x8, 0x0, 0x57, 0x0, 0x0, 0x0,
    0x0, 0x0, 0x0, 0x0, 0xa2, 0x40, 0x9, 0x20,
    0x0, 0x0, 0x0, 0x0, 0x0, 0x0, 0x1, 0xb1,
    0x4a, 0x80, 0x0, 0x0, 0x0, 0x0, 0x0, 0x0,
    0x0, 0x2, 0xca, 0x0, 0x0, 0x0, 0x0, 0x0,
    0x0, 0x0, 0x0, 0x0, 0x5, 0x0, 0x0, 0x0,

    /* U+1F36D "🍭" */
    0x0, 0x0, 0x0, 0x0, 0x0, 0x0, 0x0, 0x0,
    0x0, 0x0, 0x0, 0x18, 0xba, 0xab, 0xa3, 0x0,
    0x0, 0x0, 0x0, 0x0, 0x4b, 0x30, 0x0, 0x1,
    0x99, 0x0, 0x0, 0x0, 0x0, 0x4a, 0x2, 0x9b,
    0xb7, 0x0, 0x6a, 0x0, 0x0, 0x0, 0xb, 0x4,
    0xb2, 0x0, 0x4b, 0x10, 0xb5, 0x0, 0x0, 0x6,
    0x41, 0xb0, 0x28, 0x81, 0x39, 0x4, 0xd0, 0x0,
    0x0, 0xa0, 0x65, 0x2b, 0x23, 0xa0, 0xb0, 0x1f,
    0x10, 0x0, 0xb, 0x9, 0x18, 0x32, 0x8b, 0xb,
    0x2, 0xf3, 0x0, 0x0, 0xb0, 0x91, 0x83, 0x3d,
    0x51, 0xa0, 0x5f, 0x30, 0x0, 0xa, 0x16, 0x52,
    0xb1, 0x2, 0xb2, 0xb, 0xd1, 0x0, 0x0, 0x56,
    0xb, 0x2, 0x9b, 0x81, 0x9, 0x8b, 0x0, 0x0,
    0x0, 0xb1, 0x2b, 0x40, 0x1, 0x5b, 0x6b, 0x30,
    0x0, 0x0, 0x2, 0xb1, 0x6, 0xab, 0xa6, 0xf,
    0xf5, 0x0, 0x0, 0x0, 0x2, 0xb7, 0x10, 0x0,
    0x3a, 0xaf, 0xf5, 0x0, 0x0, 0x0, 0x0, 0x5a,
    0xba, 0xa7, 0x10, 0x3f, 0xf6, 0x0, 0x0, 0x0,
    0x0, 0x0, 0x0, 0x0, 0x0, 0x3e, 0xf6, 0x0,
    0x0, 0x0, 0x0, 0x0, 0x0, 0x0, 0x0, 0x3e,
    0xf6, 0x0, 0x0, 0x0, 0x0, 0x0, 0x0, 0x0,
    0x0, 0x2e, 0xf6, 0x0, 0x0, 0x0, 0x0, 0x0,
    0x0, 0x0, 0x0, 0x2b, 0x10,

    /* U+1F36E "🍮" */
    0x0, 0x0, 0x0, 0x17, 0xac, 0xdb, 0x96, 0x0,
    0x0, 0x0, 0x0, 0x0, 0x0, 0x8f, 0xff, 0xff,
    0xff, 0xbe, 0x50, 0x0, 0x0, 0x0, 0x0, 0x6f,
    0xff, 0xff, 0xff, 0xfc, 0x5f, 0x20, 0x0, 0x0,
    0x0, 0xe, 0xff, 0xff, 0xff, 0xff, 0xe4, 0xf7,
    0x0, 0x0, 0x0, 0x0, 0xfe, 0xff, 0xff, 0xff,
    0xf6, 0xdf, 0x90, 0x0, 0x0, 0x4, 0xcf, 0x18,
    0xdf, 0xff, 0xff, 0xc6, 0x1f, 0xb2, 0x0, 0x4,
    0xa2, 0x90, 0x0, 0x2, 0x32, 0x0, 0x0, 0xb1,
    0xb3, 0x1, 0xb0, 0x56, 0x24, 0x0, 0x0, 0x0,
    0x0, 0xa, 0x1, 0xb0, 0x74, 0x8, 0x37, 0x40,
    0x0, 0x0, 0x0, 0x0, 0x73, 0x6, 0x5a, 0x0,
    0xb0, 0x92, 0x0, 0x0, 0x0, 0x0, 0x4, 0x60,
    0x29, 0xb0, 0xa, 0x12, 0xb2, 0x0, 0x0, 0x0,
    0x0, 0x56, 0x0, 0xaa, 0x0, 0x4b, 0x10, 0x0,
    0x0, 0x0, 0x0, 0x3b, 0x10, 0x19, 0x74, 0x0,
    0x3b, 0x94, 0x10, 0x0, 0x25, 0xaa, 0x10, 0x5,
    0x51, 0xb0, 0x0, 0x3, 0x7a, 0xbb, 0xb9, 0x61,
    0x0, 0x0, 0xb0, 0x5, 0xa0, 0x0, 0x0, 0x0,
    0x0, 0x0, 0x0, 0x0, 0xb4, 0x0, 0x5, 0xb3,
    0x0, 0x0, 0x0, 0x0, 0x0, 0x4, 0xb4, 0x0,
    0x0, 0x1, 0x9b, 0x84, 0x21, 0x1, 0x24, 0x8b,
    0x80, 0x0, 0x0, 0x0, 0x0, 0x3, 0x79, 0xab,
    0xa9, 0x63, 0x0, 0x0, 0x0,

    /* U+1F36F "🍯" */
    0x0, 0x0, 0x0, 0x0, 0x0, 0x0, 0x0, 0x0,
    0x0, 0x0, 0x0, 0x0, 0x0, 0x9b, 0x60, 0x0,
    0x0, 0x0, 0x0, 0x0, 0xa, 0x9, 0x20, 0x0,
    0x0, 0x0, 0x0, 0xa, 0x57, 0xb1, 0x0, 0x5a,
    0xce, 0xff, 0xff, 0x5f, 0x60, 0x0, 0xaf, 0xc4,
    0x10, 0xa, 0x5f, 0xff, 0x10, 0x7, 0xf1, 0x5,
    0x4c, 0x6f, 0xff, 0xd0, 0x0, 0xcf, 0x42, 0xff,
    0xff, 0xff, 0xff, 0x20, 0x5f, 0xf7, 0x2f, 0xff,
    0xff, 0xff, 0xfa, 0xa, 0xff, 0x60, 0xff, 0xff,
    0xff, 0xff, 0xe0, 0xff, 0xf4, 0xd, 0xff, 0xff,
    0xff, 0xff, 0xf, 0xff, 0x50, 0xdf, 0xff, 0xff,
    0xff, 0xf0, 0x8f, 0xfd, 0x8f, 0xff, 0xff, 0xff,
    0xfe, 0x0, 0xb3, 0x79, 0xab, 0xbb, 0x97, 0x49,
    0x30, 0xf, 0xd6, 0x31, 0x0, 0x12, 0x49, 0xf0,
    0x0, 0x4f, 0xff, 0xff, 0xff, 0xff, 0xfb, 0x0,
    0x0, 0x95, 0x57, 0x88, 0x76, 0x4b, 0x0, 0x0,
    0x1, 0xc6, 0x43, 0x33, 0x5b, 0x40, 0x0, 0x0,
    0x3, 0xad, 0xff, 0xeb, 0x50, 0x0, 0x0,

    /* U+1F370 "🍰" */
    0x0, 0x0, 0x0, 0x2, 0x60, 0x0, 0x0, 0x0,
    0x0, 0x0, 0x0, 0x3, 0xff, 0xc0, 0x0, 0x0,
    0x0, 0x0, 0x0, 0x0, 0xca, 0xfa, 0xc5, 0x0,
    0x0, 0x0, 0x0, 0x0, 0x3f, 0xfd, 0xff, 0x8b,
    0x60, 0x0, 0x0, 0x0, 0xf, 0xfd, 0xbc, 0xf0,
    0xa, 0x94, 0x0, 0x0, 0x9, 0x6e, 0xdf, 0xcf,
    0x91, 0x15, 0xb3, 0x0, 0x8, 0x40, 0x6d, 0xec,
    0x33, 0xa9, 0x14, 0x60, 0x5, 0x60, 0x0, 0x0,
    0x0, 0x0, 0x8e, 0xf1, 0x2, 0x80, 0x0, 0x0,
    0x2, 0x6a, 0xc8, 0x3b, 0x0, 0x90, 0x13, 0x69,
    0xbc, 0xa6, 0x12, 0x20, 0xb0, 0xbd, 0xdb, 0x96,
    0x31, 0x36, 0xaa, 0x8c, 0xb, 0xb, 0x2, 0x46,
    0x9b, 0xa7, 0x40, 0x2, 0xf0, 0xb0, 0xfa, 0x86,
    0x41, 0x0, 0x36, 0x9a, 0x8f, 0xa, 0xb, 0x13,
    0x57, 0xae, 0xff, 0x81, 0x66, 0xb0, 0xa1, 0xf9,
    0x75, 0x31, 0xae, 0xa0, 0xcf, 0xff, 0x4, 0x7a,
    0x5, 0xef, 0x85, 0x7a, 0xbd, 0x61, 0x91, 0x57,
    0xec, 0xff, 0xfd, 0x63, 0x0, 0x3, 0x8f, 0xc8,
    0x8, 0x20, 0x0, 0x13, 0x69, 0xbb, 0x73, 0x0,
    0x0, 0x7b, 0xbb, 0xb9, 0x75, 0x20, 0x0, 0x0,
    0x0, 0x0,

    /* U+1F371 "🍱" */
    0x8, 0xaa, 0xaa, 0xaa, 0xaa, 0xaa, 0xaa, 0xaa,
    0xaa, 0xa8, 0x0, 0xb1, 0x11, 0x11, 0x11, 0x11,
    0x11, 0x11, 0x11, 0x11, 0xb0, 0xb, 0x5f, 0xff,
    0xff, 0xf, 0xff, 0xf6, 0x97, 0x79, 0x1b, 0x0,
    0xb6, 0x76, 0x45, 0xc0, 0xf8, 0x8b, 0x76, 0x8f,
    0x72, 0xb0, 0xa, 0x62, 0x0, 0xb, 0xf, 0x44,
    0x78, 0x67, 0xf7, 0x2a, 0x1, 0xa7, 0x40, 0x0,
    0xb0, 0xfc, 0xbc, 0x76, 0xc8, 0x93, 0x91, 0x19,
    0x82, 0x3e, 0x19, 0xf, 0x88, 0xc7, 0xbe, 0xcf,
    0x39, 0x12, 0x89, 0x22, 0x70, 0xb0, 0x46, 0x98,
    0x13, 0x68, 0x51, 0x82, 0x38, 0x94, 0x0, 0xb,
    0xf, 0xe6, 0x56, 0xcb, 0xad, 0x57, 0x33, 0x7a,
    0x30, 0x0, 0xa0, 0xea, 0x7d, 0x9f, 0x8a, 0xf7,
    0x74, 0x46, 0xbc, 0x99, 0x9e, 0x9, 0x62, 0x68,
    0xc6, 0x99, 0x86, 0x45, 0x55, 0x77, 0x77, 0x70,
    0xab, 0xbb, 0x26, 0xa9, 0xa3, 0x55, 0x5f, 0xbb,
    0xbb, 0xbb, 0xbb, 0xbb, 0xbb, 0xbb, 0xbb, 0xbf,
    0x53, 0x70, 0x0, 0x0, 0x0, 0x0, 0x0, 0x0,
    0x0, 0x0, 0x73, 0x9, 0x0, 0x0, 0x0, 0x0,
    0x0, 0x0, 0x0, 0x0, 0xa, 0x10, 0xa0, 0x0,
    0x0, 0x0, 0x0, 0x0, 0x0, 0x0, 0x0, 0xb0,
    0xa, 0xbb, 0xbb, 0xbb, 0xbb, 0xbb, 0xbb, 0xbb,
    0xbb, 0xbb, 0x0,

    /* U+1F372 "🍲" */
    0x0, 0x0, 0x0, 0x0, 0x0, 0x0, 0x12, 0x0,
    0x0, 0x0, 0x0, 0x0, 0x0, 0x0, 0x0, 0x0,
    0x0, 0x4d, 0x80, 0x0, 0x0, 0x0, 0x0, 0x0,
    0x0, 0x0, 0x0, 0x19, 0xa1, 0xb0, 0x0, 0x0,
    0x0, 0x0, 0x0, 0x0, 0x0, 0x5, 0xb3, 0x3,
    0xa0, 0x0, 0x0, 0x0, 0x0, 0x0, 0x0, 0x0,
    0xb, 0x3, 0xa8, 0x0, 0x0, 0x0, 0x0, 0x0,
    0x0, 0x0, 0x27, 0xaf, 0x8f, 0xca, 0x73, 0x0,
    0x0, 0x0, 0x0, 0x0, 0x4b, 0x94, 0x15, 0xe3,
    0x21, 0x26, 0xa7, 0x0, 0x0, 0xa, 0xbb, 0x81,
    0x7c, 0xb9, 0x77, 0x8a, 0xc8, 0x14, 0xba, 0xb2,
    0x74, 0x2, 0x2b, 0x50, 0x2, 0x33, 0x20, 0x3,
    0xb4, 0x1, 0x1a, 0xa0, 0x0, 0xa1, 0x4b, 0xff,
    0xff, 0xff, 0xc6, 0xb, 0x0, 0xb, 0x69, 0x10,
    0x8b, 0xf9, 0x8, 0xd5, 0xf6, 0xaf, 0xcb, 0x0,
    0x6a, 0x3, 0xb3, 0x8, 0xff, 0xcc, 0xff, 0xfb,
    0xff, 0xa1, 0xb, 0x50, 0x0, 0x29, 0x0, 0x5,
    0x8a, 0xbc, 0xa9, 0x61, 0x0, 0x46, 0x0, 0x0,
    0xb, 0x0, 0x0, 0x0, 0x0, 0x0, 0x0, 0x0,
    0x92, 0x0, 0x0, 0x9, 0x20, 0x0, 0x0, 0x0,
    0x0, 0x0, 0x0, 0xb0, 0x0, 0x0, 0x4, 0x70,
    0x0, 0x0, 0x0, 0x0, 0x0, 0x2, 0x90, 0x0,
    0x0, 0x0, 0xb1, 0x0, 0x0, 0x0, 0x0, 0x0,
    0xa, 0x20, 0x0, 0x0, 0x0, 0x2b, 0x50, 0x0,
    0x0, 0x0, 0x3, 0xb5, 0x0, 0x0, 0x0, 0x0,
    0x0, 0x6a, 0xbb, 0xaa, 0xab, 0xa7, 0x10, 0x0,
    0x0,

    /* U+1F373 "🍳" */
    0x0, 0x0, 0x0, 0x12, 0x10, 0x0, 0x0, 0x0,
    0x0, 0x0, 0x7, 0xdf, 0xff, 0xe8, 0x10, 0x0,
    0x0, 0x0, 0x1c, 0xff, 0xff, 0xef, 0xfe, 0x20,
    0x0, 0x0, 0xc, 0xff, 0xfa, 0x0, 0x4e, 0xfe,
    0x10, 0x0, 0x7, 0xff, 0xfe, 0x0, 0x0, 0x3f,
    0xf9, 0x0, 0x0, 0xdf, 0xff, 0x61, 0x87, 0x0,
    0xbf, 0xf0, 0x0, 0x1f, 0xff, 0xb0, 0x97, 0xf8,
    0x5, 0xff, 0x40, 0x2, 0xff, 0xe1, 0xb, 0xef,
    0xa0, 0x4f, 0xf5, 0x0, 0x1f, 0xfa, 0x0, 0x6f,
    0xe3, 0x5, 0xff, 0x40, 0x0, 0xdf, 0x80, 0x0,
    0x0, 0x0, 0xbf, 0xf0, 0x0, 0x6, 0xfe, 0x10,
    0x0, 0x0, 0x4f, 0xf9, 0x0, 0x0, 0xc, 0xfe,
    0xac, 0xa7, 0x9f, 0xfe, 0x10, 0x0, 0x0, 0x1c,
    0xff, 0xff, 0xff, 0xff, 0x80, 0x0, 0x0, 0x0,
    0x6, 0xcf, 0xff, 0xdc, 0xff, 0x20, 0x0, 0x0,
    0x0, 0x0, 0x1, 0x0, 0xa, 0xfc, 0x0, 0x0,
    0x0, 0x0, 0x0, 0x0, 0x0, 0xd, 0xf7, 0x0,
    0x0, 0x0, 0x0, 0x0, 0x0, 0x0, 0x3d, 0xc3,
    0x0, 0x0, 0x0, 0x0, 0x0, 0x0, 0x0, 0x8a,
    0xc0, 0x0, 0x0, 0x0, 0x0, 0x0, 0x0, 0x0,
    0xa3, 0x0,

    /* U+1F374 "🍴" */
    0x0, 0x0, 0x0, 0x2, 0x0, 0x0, 0x0, 0x2,
    0xf0, 0x21, 0x12, 0x0, 0x8f, 0x8, 0x55, 0x70,
    0xc, 0xf0, 0x95, 0x48, 0x0, 0xff, 0x9, 0x54,
    0x90, 0x1f, 0xf1, 0x96, 0x49, 0x2, 0xff, 0x1b,
    0xed, 0xa0, 0x3f, 0xf2, 0x8f, 0xf7, 0x3, 0xff,
    0x20, 0xfe, 0x0, 0xc, 0xf2, 0xa, 0x80, 0x0,
    0x1f, 0x30, 0xa8, 0x0, 0x0, 0xf3, 0xb, 0x90,
    0x0, 0xf, 0x40, 0xda, 0x0, 0x0, 0xf5, 0xe,
    0xb0, 0x0, 0x1f, 0x50, 0xfc, 0x0, 0x4, 0xf6,
    0x2f, 0xd0, 0x0, 0x6f, 0x73, 0xfe, 0x0, 0x8,
    0xf8, 0x2e, 0xb0, 0x0, 0x7f, 0x60,

    /* U+1F375 "🍵" */
    0x0, 0x0, 0x0, 0x11, 0x0, 0x0, 0x0, 0x0,
    0x1, 0xe7, 0x0, 0x0, 0x0, 0x4, 0xb3, 0xa0,
    0x0, 0x0, 0x2b, 0x81, 0x1b, 0x0, 0x0, 0x2b,
    0x10, 0x6b, 0x20, 0x0, 0x7, 0x43, 0xb6, 0x0,
    0x0, 0x0, 0x9f, 0xfc, 0xa8, 0x40, 0x4, 0xc6,
    0x57, 0x1, 0x37, 0xb2, 0xb0, 0x4, 0x78, 0x74,
    0x1, 0xad, 0xef, 0xff, 0xff, 0xff, 0xea, 0xb3,
    0xcf, 0xff, 0xff, 0xa3, 0xab, 0x0, 0x0, 0x0,
    0x0, 0x19, 0xb0, 0x50, 0x0, 0x0, 0x2, 0x9b,
    0x9, 0x0, 0x0, 0x0, 0x28, 0xa0, 0x82, 0x0,
    0x0, 0x3, 0x77, 0x41, 0x80, 0x0, 0x0, 0x65,
    0x1b, 0x30, 0x0, 0x0, 0x4b, 0x0, 0x1d, 0xff,
    0xdf, 0xfb, 0x0, 0x0, 0x18, 0xcd, 0xb7, 0x10,
    0x0,

    /* U+1F376 "🍶" */
    0x0, 0x0, 0x0, 0x0, 0x34, 0x42, 0x0, 0x0,
    0x0, 0x0, 0x1, 0xff, 0xff, 0xff, 0x0, 0x0,
    0x0, 0x0, 0x2b, 0x79, 0x87, 0xb1, 0x0, 0x0,
    0x0, 0x0, 0xb0, 0x0, 0xa, 0x0, 0x0, 0x0,
    0x0, 0x5, 0x60, 0x6, 0x50, 0x0, 0x0, 0x0,
    0x0, 0xb, 0x0, 0xb0, 0x0, 0x0, 0x0, 0x0,
    0x0, 0xb0, 0xb, 0x0, 0x0, 0x0, 0x0, 0x0,
    0x29, 0x0, 0x74, 0x0, 0x0, 0x0, 0x0, 0xa,
    0x20, 0x1, 0xb0, 0x0, 0x0, 0x0, 0x1, 0xb0,
    0x0, 0x9, 0x30, 0x0, 0x0, 0x0, 0x75, 0x0,
    0x0, 0x29, 0x0, 0x0, 0x0, 0xb, 0x0, 0x0,
    0x0, 0xb0, 0x0, 0x0, 0x0, 0xb0, 0x0, 0x0,
    0xb, 0x0, 0xae, 0xff, 0xef, 0x0, 0x0, 0x42,
    0x91, 0xc, 0x79, 0x98, 0xa0, 0x0, 0x4, 0x39,
    0x10, 0xb0, 0x0, 0x7, 0x0, 0x0, 0x71, 0xb0,
    0x9, 0x20, 0x0, 0xd0, 0x0, 0x37, 0x1a, 0x0,
    0x1d, 0xbb, 0xc3, 0xa2, 0x0, 0x2b, 0x30, 0x0,
    0x4f, 0xf7, 0x2, 0x9b, 0xba, 0x30, 0x0,

    /* U+1F377 "🍷" */
    0x0, 0x47, 0x77, 0x30, 0x0, 0x89, 0x32, 0x49,
    0x80, 0xc, 0xbb, 0xab, 0xac, 0x4, 0x70, 0x0,
    0x0, 0x74, 0x82, 0x0, 0x0, 0x3, 0x8b, 0x0,
    0x0, 0x0, 0xb, 0xb0, 0x0, 0x0, 0x1, 0xbb,
    0x51, 0x0, 0x4e, 0x9b, 0xb8, 0xe8, 0x9f, 0xf8,
    0xb9, 0x5f, 0xff, 0xff, 0x59, 0x1b, 0x5b, 0xeb,
    0x5b, 0x10, 0x2b, 0x97, 0x9b, 0x20, 0x0, 0x3,
    0xf3, 0x0, 0x0, 0x0, 0x2f, 0x10, 0x0, 0x0,
    0x2, 0xf1, 0x0, 0x0, 0x16, 0xff, 0xf6, 0x0,
    0x1c, 0x45, 0x75, 0x5c, 0x12, 0xb0, 0x0, 0x0,
    0xb2, 0x5, 0xba, 0xaa, 0xb4, 0x0,

    /* U+1F378 "🍸" */
    0x0, 0x0, 0x0, 0x0, 0x0, 0x0, 0x0, 0x1,
    0x0, 0x2, 0x79, 0xaa, 0xa9, 0xaa, 0xa9, 0x8b,
    0x0, 0x9, 0x73, 0x0, 0x1, 0x21, 0x0, 0x1e,
    0xaa, 0x0, 0xf9, 0xba, 0x99, 0x87, 0x89, 0xaf,
    0xe9, 0xf0, 0x2, 0xfa, 0xaa, 0xaa, 0xaa, 0xbf,
    0xd9, 0xf3, 0x0, 0x3, 0xb0, 0x0, 0x1, 0x4b,
    0x20, 0xb3, 0x0, 0x0, 0x3, 0xb0, 0x1, 0xff,
    0x60, 0xa3, 0x0, 0x0, 0x0, 0x4, 0xb0, 0x7a,
    0xf5, 0xa3, 0x0, 0x0, 0x0, 0x0, 0x5, 0xa4,
    0xaa, 0xa3, 0x0, 0x0, 0x0, 0x0, 0x0, 0x6,
    0x90, 0x94, 0x0, 0x0, 0x0, 0x0, 0x0, 0x0,
    0xa, 0x67, 0x0, 0x0, 0x0, 0x0, 0x0, 0x0,
    0x0, 0x4e, 0x20, 0x0, 0x0, 0x0, 0x0, 0x0,
    0x0, 0x4, 0xf1, 0x0, 0x0, 0x0, 0x0, 0x0,
    0x0, 0x0, 0x4f, 0x10, 0x0, 0x0, 0x0, 0x0,
    0x0, 0x0, 0x4, 0xf2, 0x0, 0x0, 0x0, 0x0,
    0x0, 0x0, 0x0, 0xa7, 0x80, 0x0, 0x0, 0x0,
    0x0, 0x0, 0x18, 0xa5, 0x5, 0xa8, 0x20, 0x0,
    0x0, 0x0, 0xa, 0x40, 0x0, 0x0, 0x2c, 0x0,
    0x0, 0x0, 0x0, 0x29, 0xab, 0xbb, 0xaa, 0x30,
    0x0, 0x0,

    /* U+1F379 "🍹" */
    0x1, 0x0, 0x0, 0x0, 0x0, 0x0, 0x0, 0xf6,
    0x0, 0x0, 0x0, 0x0, 0x0, 0x8, 0xf9, 0xe6,
    0x0, 0x1, 0x69, 0x0, 0x79, 0x79, 0xb2, 0x2,
    0xc6, 0x30, 0xd, 0x7e, 0xf8, 0x44, 0xb4, 0x0,
    0x0, 0x86, 0xff, 0xcd, 0xdf, 0xb0, 0x0, 0x1,
    0xaa, 0x20, 0x6, 0x7b, 0x0, 0x0, 0x0, 0xb0,
    0x0, 0xc1, 0x82, 0x0, 0x0, 0x19, 0x7b, 0xff,
    0xa5, 0x70, 0x0, 0x6, 0x5d, 0xcf, 0xff, 0x5b,
    0x0, 0x0, 0x94, 0xac, 0xff, 0xf8, 0xb0, 0x0,
    0xa, 0x4a, 0xbf, 0xff, 0x8b, 0x0, 0x0, 0x66,
    0xcb, 0xff, 0xf4, 0xa0, 0x0, 0x0, 0xb5, 0x7b,
    0x95, 0xb2, 0x0, 0x0, 0x0, 0x7b, 0xfd, 0x91,
    0x0, 0x0, 0x0, 0x0, 0x1f, 0x60, 0x0, 0x0,
    0x0, 0x0, 0x6, 0xfb, 0x10, 0x0, 0x0, 0x0,
    0x3a, 0xa8, 0xb8, 0x80, 0x0, 0x0, 0x2, 0xab,
    0xbb, 0xb5, 0x0, 0x0,

    /* U+1F37A "🍺" */
    0x0, 0x0, 0x0, 0x0, 0x0, 0x0, 0x0, 0x0,
    0x0, 0x9b, 0xaa, 0x10, 0x0, 0x0, 0x1, 0x8b,
    0x40, 0x1, 0xa0, 0x0, 0x0, 0xb, 0x30, 0x0,
    0x0, 0x5a, 0x40, 0x0, 0x4a, 0x0, 0x0, 0x0,
    0x0, 0xb0, 0x0, 0xa1, 0x0, 0x0, 0x0, 0x1,
    0xc0, 0x0, 0x8f, 0x40, 0x18, 0x9b, 0xdb, 0xc0,
    0x0, 0x47, 0xa3, 0xef, 0xff, 0xe0, 0xfb, 0x80,
    0x57, 0x2f, 0xff, 0xd6, 0xe0, 0xa0, 0x67, 0x56,
    0x1f, 0xff, 0xde, 0xe0, 0xfb, 0xb, 0x56, 0x1f,
    0xee, 0x4f, 0xe0, 0xa7, 0x3b, 0x56, 0x1c, 0xcf,
    0xfc, 0xe0, 0xbc, 0x1b, 0x56, 0x1c, 0xcf, 0xe5,
    0xe0, 0xf3, 0x76, 0x56, 0x1c, 0xcf, 0xff, 0xe0,
    0xb8, 0x90, 0x65, 0x1d, 0xbf, 0xff, 0xe0, 0xf4,
    0x0, 0x74, 0xf, 0xaf, 0xff, 0xd0, 0xa0, 0x0,
    0x91, 0x3, 0x8a, 0xa8, 0x10, 0xa0, 0x0, 0x89,
    0x30, 0x0, 0x0, 0x16, 0xc0, 0x0, 0x3, 0x8b,
    0xbb, 0xbb, 0x95, 0x0, 0x0,

    /* U+1F37B "🍻" */
    0x0, 0x0, 0x0, 0x0, 0x0, 0x10, 0x0, 0x0,
    0x0, 0x0, 0x0, 0x0, 0x0, 0x0, 0x52, 0x34,
    0x0, 0x0, 0x0, 0x0, 0x0, 0x0, 0x0, 0x0,
    0x10, 0x94, 0x20, 0x8b, 0x84, 0x0, 0x0, 0x0,
    0x0, 0x0, 0x7, 0x94, 0x19, 0xb4, 0x3, 0x7a,
    0x0, 0x0, 0x0, 0x0, 0x11, 0x26, 0x6d, 0x20,
    0x0, 0x0, 0xb0, 0x0, 0x0, 0x0, 0x5a, 0x87,
    0x45, 0xc5, 0x0, 0x5, 0x8f, 0x67, 0x10, 0x0,
    0xa, 0x10, 0x0, 0x0, 0x9a, 0x8f, 0xf6, 0xc4,
    0x3a, 0x0, 0x38, 0xef, 0xbb, 0xa1, 0x0, 0xf,
    0xff, 0x87, 0xb8, 0x46, 0x18, 0xa, 0x30, 0x4,
    0x60, 0x41, 0xff, 0x9c, 0x8, 0x26, 0x96, 0x3a,
    0xf0, 0xcc, 0xe5, 0x98, 0xff, 0xfd, 0xf2, 0xa0,
    0x88, 0x95, 0x2a, 0x1e, 0xef, 0x1f, 0x1b, 0xff,
    0xff, 0x76, 0xc4, 0x99, 0x80, 0xa5, 0xee, 0xf0,
    0xf3, 0x7c, 0xf7, 0xfc, 0x1a, 0x84, 0x98, 0x57,
    0x8f, 0xff, 0x7b, 0x8b, 0x7f, 0xfd, 0xe1, 0xf4,
    0x9, 0x3c, 0x4c, 0xec, 0xff, 0x3a, 0x92, 0xff,
    0xff, 0x30, 0xb0, 0x7, 0xf2, 0xff, 0xef, 0xf0,
    0xb7, 0x1b, 0xb7, 0x10, 0xb, 0x0, 0xb, 0x2,
    0x46, 0xaa, 0x19, 0x53, 0x0, 0x0, 0x1b, 0x40,
    0x5, 0x62, 0x10, 0x0, 0x4, 0x76, 0x40, 0x14,
    0xaa, 0x20, 0x0, 0x1d, 0xff, 0xfc, 0x83, 0x1a,
    0x7, 0xaa, 0x72, 0x0, 0x0, 0x0, 0x5, 0xae,
    0xff, 0xfd, 0x50, 0x0, 0x0, 0x0, 0x0, 0x0,
    0x0, 0x0, 0x0, 0x11, 0x0, 0x0, 0x0, 0x0,
    0x0, 0x0,

    /* U+1F37C "🍼" */
    0x0, 0x0, 0x0, 0x0, 0x0, 0x0, 0x0, 0x0,
    0x3, 0x0, 0x0, 0x0, 0x0, 0x0, 0x0, 0x0,
    0x2, 0x1c, 0x88, 0x0, 0x0, 0x0, 0x0, 0x0,
    0x5, 0x6c, 0x8a, 0x46, 0x80, 0x0, 0x0, 0x0,
    0x0, 0x1d, 0xaf, 0x40, 0x5, 0xa0, 0x0, 0x0,
    0x0, 0x3, 0x8f, 0x86, 0xec, 0x0, 0x38, 0x0,
    0x0, 0x0, 0x4, 0xa2, 0xae, 0xd2, 0xfc, 0x28,
    0x60, 0x0, 0x0, 0x3, 0xb0, 0x0, 0xd8, 0xc6,
    0xdf, 0xb0, 0x0, 0x0, 0x2, 0xb0, 0x37, 0x2,
    0xe9, 0x9b, 0x7b, 0x0, 0x0, 0x6, 0xb1, 0x1b,
    0x0, 0x2, 0xdf, 0x5f, 0x50, 0x0, 0x1b, 0x70,
    0x4, 0x10, 0x0, 0x0, 0x8f, 0x50, 0x0, 0x1c,
    0x20, 0x0, 0x0, 0x0, 0x0, 0x0, 0xa0, 0x0,
    0x8, 0x40, 0x0, 0x0, 0x0, 0x0, 0x0, 0x76,
    0x0, 0x0, 0xb0, 0x0, 0x0, 0x0, 0x0, 0x0,
    0x69, 0x0, 0x0, 0x8, 0x30, 0x0, 0x0, 0x0,
    0x0, 0x78, 0x0, 0x0, 0x0, 0x2a, 0x0, 0x0,
    0x0, 0x0, 0x67, 0x0, 0x0, 0x0, 0x0, 0x85,
    0x0, 0x0, 0x0, 0x2a, 0x0, 0x0, 0x0, 0x0,
    0x0, 0xa4, 0x0, 0x0, 0xa, 0x10, 0x0, 0x0,
    0x0, 0x0, 0x0, 0xa9, 0x0, 0x9, 0x50, 0x0,
    0x0, 0x0, 0x0, 0x0, 0x0, 0x4b, 0xbb, 0x40,
    0x0, 0x0, 0x0, 0x0, 0x0,

    /* U+1F37D "🍽" */
    0x0, 0x0, 0x0, 0x0, 0x0, 0x0, 0x0, 0x0,
    0x0, 0x0, 0x2, 0x0, 0x0, 0x0, 0x0, 0x0,
    0x0, 0x0, 0x0, 0x0, 0x0, 0x7, 0x90, 0x2,
    0x23, 0x0, 0x0, 0x0, 0x0, 0x0, 0x0, 0x0,
    0x0, 0xda, 0x0, 0x88, 0x80, 0x0, 0x0, 0x0,
    0x0, 0x0, 0x0, 0x0, 0x2f, 0xa0, 0x9, 0x89,
    0x0, 0x0, 0x3a, 0xbb, 0xba, 0x30, 0x0, 0x5,
    0xfb, 0x0, 0x98, 0x90, 0x0, 0x79, 0x10, 0x0,
    0x18, 0x90, 0x0, 0x7f, 0xb0, 0x8, 0x98, 0x0,
    0x77, 0x0, 0x25, 0x40, 0x5, 0x80, 0x8, 0xfb,
    0x1, 0xef, 0xe0, 0x1b, 0x0, 0xa9, 0x57, 0x80,
    0x9, 0x20, 0x8f, 0xc0, 0xd, 0xfd, 0x7, 0x40,
    0x85, 0x0, 0x0, 0x0, 0x28, 0x8, 0xfc, 0x0,
    0x3f, 0x30, 0xa0, 0xb, 0x0, 0x0, 0x0, 0x0,
    0xb0, 0x3f, 0xc0, 0x0, 0xf0, 0xb, 0x0, 0xb0,
    0x0, 0x0, 0x0, 0xb, 0x0, 0x6d, 0x0, 0xf,
    0x0, 0x92, 0xb, 0x0, 0x0, 0x0, 0x0, 0xa0,
    0x4, 0xd0, 0x1, 0xf1, 0x4, 0x70, 0x10, 0x0,
    0x0, 0x0, 0x56, 0x0, 0x4e, 0x0, 0x2f, 0x20,
    0xb, 0x10, 0x0, 0x0, 0x0, 0x1b, 0x0, 0x6,
    0xe0, 0x4, 0xf4, 0x0, 0x2b, 0x20, 0x0, 0x0,
    0x1b, 0x20, 0x0, 0x7f, 0x0, 0x6f, 0x50, 0x0,
    0x1a, 0x94, 0x34, 0x8b, 0x20, 0x0, 0x9, 0xf0,
    0x7, 0xf7, 0x0, 0x0, 0x2, 0x68, 0x63, 0x0,
    0x0, 0x0, 0xcf, 0x10, 0x8f, 0x80, 0x0, 0x0,
    0x0, 0x0, 0x0, 0x0, 0x0, 0xe, 0xf2, 0x6,
    0xf6, 0x0, 0x0, 0x0, 0x0, 0x0, 0x0, 0x0,
    0x0, 0xce, 0x10,

    /* U+1F37E "🍾" */
    0x0, 0x20, 0x1, 0x0, 0x0, 0x0, 0x0, 0x0,
    0x0, 0x0, 0x7f, 0x50, 0xa0, 0x70, 0x0, 0x0,
    0x0, 0x0, 0x0, 0xd, 0xfc, 0x2, 0x20, 0x0,
    0x0, 0x0, 0x0, 0x0, 0x0, 0x7, 0x30, 0xa8,
    0x0, 0x0, 0x0, 0x0, 0x0, 0x0, 0x0, 0x1,
    0xa5, 0x70, 0x0, 0x0, 0x0, 0x0, 0x0, 0x3,
    0x50, 0x91, 0xb, 0x10, 0x0, 0x0, 0x0, 0x0,
    0x0, 0x0, 0x28, 0x8b, 0xfd, 0x10, 0x0, 0x0,
    0x0, 0x0, 0x0, 0x0, 0x0, 0x2f, 0xfb, 0x10,
    0x0, 0x0, 0x0, 0x0, 0x0, 0x0, 0x0, 0x4b,
    0x8, 0x50, 0x0, 0x0, 0x0, 0x0, 0x0, 0x0,
    0x0, 0x72, 0x4, 0xa8, 0x10, 0x0, 0x0, 0x0,
    0x0, 0x0, 0x0, 0x90, 0x0, 0xfd, 0x20, 0x0,
    0x0, 0x0, 0x0, 0x0, 0x8, 0x6a, 0xdf, 0xfb,
    0x10, 0x0, 0x0, 0x0, 0x0, 0x0, 0x3f, 0xff,
    0xfc, 0x9, 0x10, 0x0, 0x0, 0x0, 0x0, 0x0,
    0xdf, 0xfc, 0x10, 0x19, 0x0, 0x0, 0x0, 0x0,
    0x0, 0x3, 0xff, 0x60, 0x0, 0x19, 0x0, 0x0,
    0x0, 0x0, 0x0, 0x5, 0xff, 0x40, 0x0, 0xb2,
    0x0, 0x0, 0x0, 0x0, 0x0, 0x6, 0xff, 0x30,
    0x5e, 0x0, 0x0, 0x0, 0x0, 0x0, 0x0, 0x8,
    0xfe, 0x8e, 0x30, 0x0, 0x0, 0x0, 0x0, 0x0,
    0x0, 0xa, 0xea, 0x20, 0x0,

    /* U+1F37F "🍿" */
    0x0, 0x0, 0x0, 0x27, 0x44, 0x60, 0x0, 0x0,
    0x0, 0x0, 0x0, 0xc, 0x47, 0xb7, 0x60, 0x0,
    0x0, 0x0, 0x6, 0xba, 0xa0, 0x1b, 0xab, 0x50,
    0x0, 0x0, 0x5, 0x84, 0x73, 0xff, 0x18, 0xb,
    0x51, 0x0, 0x4, 0xc1, 0xf, 0x7c, 0x8d, 0xf7,
    0x6b, 0xa3, 0x2, 0xf9, 0x66, 0x30, 0xa, 0x8,
    0x2, 0xcc, 0xf0, 0x1f, 0xf5, 0xdf, 0x47, 0xd3,
    0xab, 0xb5, 0xfe, 0x0, 0xdf, 0x8, 0xff, 0xa0,
    0xcf, 0xf6, 0x2f, 0xa0, 0xa, 0xf3, 0x5f, 0xf6,
    0x8, 0xff, 0x35, 0xf6, 0x0, 0x6f, 0x62, 0xff,
    0x60, 0x9f, 0xf0, 0x8f, 0x30, 0x2, 0xf9, 0xf,
    0xf7, 0xa, 0xfe, 0xa, 0xf0, 0x0, 0xe, 0xb0,
    0xef, 0x80, 0xaf, 0xc0, 0xdb, 0x0, 0x0, 0xae,
    0xb, 0xf9, 0xb, 0xf9, 0xf, 0x70, 0x0, 0x6,
    0xf1, 0x9f, 0xa0, 0xcf, 0x73, 0xf3, 0x0, 0x0,
    0x3f, 0x46, 0xfa, 0xd, 0xf5, 0x6f, 0x0, 0x0,
    0x0, 0xf7, 0x4f, 0xb0, 0xdf, 0x28, 0xb0, 0x0,
    0x0, 0x9, 0xc4, 0xfc, 0xe, 0xf3, 0xd6, 0x0,
    0x0, 0x0, 0x2, 0x9f, 0xd0, 0xfe, 0x71, 0x0,
    0x0, 0x0, 0x0, 0x0, 0x6, 0xa5, 0x0, 0x0,
    0x0, 0x0,

    /* U+1F380 "🎀" */
    0x3, 0x76, 0x30, 0x0, 0x0, 0x0, 0x0, 0x2,
    0x57, 0x50, 0x1b, 0x34, 0x8c, 0x50, 0x0, 0x0,
    0x3, 0xba, 0x53, 0x86, 0x64, 0x0, 0x0, 0x8a,
    0x59, 0x96, 0x8a, 0x10, 0x0, 0xb, 0x91, 0x0,
    0x0, 0x8, 0xc2, 0x19, 0xc0, 0x0, 0x0, 0xb,
    0xa0, 0x0, 0x0, 0x7, 0x30, 0x0, 0xa0, 0x0,
    0x0, 0xb, 0xa1, 0x0, 0x0, 0x9, 0x20, 0x0,
    0xb0, 0x0, 0x0, 0xb, 0x91, 0x0, 0x1, 0x19,
    0x20, 0x0, 0xb0, 0x10, 0x0, 0xb, 0x64, 0x3b,
    0xa9, 0xad, 0x80, 0x5, 0xea, 0x9a, 0xb7, 0xb,
    0x29, 0x0, 0x2, 0x7a, 0x9f, 0xf9, 0xa8, 0x30,
    0x0, 0x47, 0x7, 0xbb, 0xef, 0x30, 0x1b, 0x84,
    0x2, 0xcf, 0xbb, 0xa0, 0x0, 0x1, 0xb0, 0x0,
    0x74, 0x2a, 0x0, 0x9, 0x40, 0x0, 0x0, 0xa,
    0x30, 0x0, 0xc0, 0xa, 0x20, 0x0, 0xc0, 0x0,
    0x0, 0x39, 0x0, 0x5, 0x70, 0x4, 0x80, 0x0,
    0x58, 0x0, 0x0, 0xa1, 0x0, 0xb, 0x10, 0x0,
    0xc0, 0x0, 0xc, 0x10, 0x1, 0xda, 0xa0, 0x2a,
    0x0, 0x0, 0x65, 0x9, 0xcc, 0x60, 0x2, 0x51,
    0x74, 0x84, 0x0, 0x0, 0x1b, 0x1b, 0x3, 0x40,
    0x0, 0x0, 0xa, 0xc0, 0x0, 0x0, 0xa, 0xa4,
    0x0, 0x0, 0x0, 0x0, 0x8, 0x80, 0x0, 0x0,
    0x4, 0xc0, 0x0, 0x0, 0x0, 0x0, 0x1, 0x20,
    0x0, 0x0, 0x0, 0x30, 0x0, 0x0,

    /* U+1F381 "🎁" */
    0x0, 0x4, 0x30, 0x0, 0x0, 0x0, 0x34, 0x10,
    0x0, 0x0, 0xb7, 0x7b, 0x20, 0x0, 0x2b, 0x86,
    0xc0, 0x0, 0x1, 0xa0, 0x1, 0xbb, 0xab, 0xc1,
    0x0, 0x65, 0x0, 0x3, 0x90, 0x0, 0x57, 0x5,
    0x70, 0x0, 0x46, 0x0, 0x6, 0x80, 0x0, 0x73,
    0x2, 0x80, 0x0, 0x4a, 0x0, 0xff, 0xa0, 0x59,
    0xf8, 0x57, 0xf9, 0x70, 0x5f, 0xf1, 0xc7, 0xf1,
    0x7, 0xff, 0xff, 0xf9, 0x10, 0xda, 0xa2, 0xb0,
    0x4f, 0xdf, 0xa0, 0x0, 0x9f, 0xff, 0x90, 0x82,
    0xe3, 0x1a, 0xd, 0x8b, 0x8b, 0x9b, 0x16, 0x51,
    0xd2, 0xbc, 0xcc, 0xb, 0x0, 0xf0, 0x9, 0x18,
    0xea, 0xf0, 0x83, 0xf, 0xbf, 0x10, 0xb0, 0x1d,
    0xdf, 0x10, 0xb0, 0x83, 0xa, 0xd, 0xca, 0xfa,
    0xbf, 0xb, 0x0, 0xb0, 0x83, 0xa, 0x9, 0x21,
    0xf2, 0xb, 0xb, 0x0, 0xb0, 0x83, 0xa, 0x9,
    0x20, 0xb0, 0xb, 0xb, 0x0, 0xb0, 0x84, 0xa,
    0x9, 0x20, 0xb0, 0xb, 0xb, 0x1, 0xb0, 0x2a,
    0xad, 0x9, 0x20, 0xb0, 0xb, 0xd, 0x9b, 0x30,
    0x0, 0x2a, 0xac, 0x20, 0xb0, 0xe, 0xab, 0x30,
    0x0, 0x0, 0x0, 0x19, 0xb4, 0xb3, 0xab, 0x20,
    0x0, 0x0, 0x0, 0x0, 0x0, 0x17, 0xf8, 0x10,
    0x0, 0x0, 0x0,

    /* U+1F382 "🎂" */
    0x0, 0x0, 0x0, 0x0, 0x0, 0x0, 0x0, 0x0,
    0x0, 0x8, 0x0, 0x0, 0x16, 0x0, 0x0, 0x0,
    0x0, 0xf2, 0x9, 0x6, 0xb0, 0x0, 0x0, 0x0,
    0x6, 0x2, 0xf0, 0x24, 0x0, 0x0, 0x0, 0x0,
    0xc1, 0x5, 0x4, 0x90, 0x0, 0x0, 0x0, 0xf,
    0x21, 0xc0, 0x6b, 0x0, 0x0, 0x0, 0x0, 0xf9,
    0xaf, 0x7d, 0xe0, 0x0, 0x0, 0x8, 0x9f, 0x42,
    0xf0, 0x8f, 0x97, 0x0, 0x1b, 0x20, 0x81, 0x2f,
    0x3, 0x60, 0x3a, 0xa, 0x23, 0xc1, 0x0, 0x80,
    0x3, 0xc1, 0x48, 0xb0, 0x9c, 0x60, 0x2a, 0x0,
    0x9c, 0x70, 0xbb, 0x6, 0xc4, 0x9, 0xc7, 0x6,
    0xc4, 0xb, 0xb0, 0x0, 0x0, 0x7e, 0x60, 0x0,
    0x0, 0xbe, 0x80, 0x0, 0x0, 0x0, 0x0, 0x0,
    0xac, 0xde, 0x0, 0x4a, 0x0, 0xb, 0x20, 0x1f,
    0xaa, 0xfb, 0x6e, 0xf5, 0x7, 0xfd, 0x6c, 0xf7,
    0x4f, 0xff, 0xff, 0xfb, 0xff, 0xff, 0xff, 0x20,
    0x6f, 0xff, 0xff, 0xff, 0xff, 0xfe, 0x40, 0x0,
    0x17, 0xbd, 0xef, 0xed, 0xa6, 0x0, 0x0,

    /* U+1F383 "🎃" */
    0x0, 0x0, 0x0, 0x0, 0x0, 0x0, 0x0, 0x0,
    0x0, 0x0, 0x0, 0x0, 0x7, 0xbb, 0x50, 0x0,
    0x0, 0x0, 0x0, 0x0, 0x0, 0x0, 0x77, 0xb,
    0x30, 0x0, 0x0, 0x0, 0x0, 0x0, 0x0, 0x0,
    0x7c, 0x1c, 0x20, 0x0, 0x0, 0x0, 0x0, 0x1,
    0x7c, 0xce, 0xf0, 0xfe, 0xcb, 0x60, 0x0, 0x0,
    0x4, 0xc5, 0x69, 0x8f, 0xbf, 0x69, 0x76, 0xc3,
    0x0, 0x4, 0xb0, 0x95, 0xb, 0x0, 0x1b, 0x5,
    0x81, 0xc2, 0x0, 0xc1, 0x66, 0x7, 0x40, 0x0,
    0x74, 0x6, 0x62, 0xc0, 0x58, 0xb, 0x2, 0x20,
    0x0, 0x0, 0x21, 0xb, 0xa, 0x29, 0x35, 0x51,
    0xe9, 0x0, 0x0, 0xb, 0xd1, 0x55, 0x67, 0xb1,
    0x81, 0x9e, 0xf3, 0x6, 0x5, 0xfe, 0x81, 0x84,
    0x8c, 0x9, 0x0, 0x0, 0x9, 0xf6, 0x0, 0x0,
    0x9, 0x39, 0xb2, 0x90, 0x20, 0x21, 0x2, 0x1,
    0x20, 0x20, 0x94, 0x88, 0x58, 0x28, 0xce, 0xfb,
    0xfb, 0xfe, 0xc8, 0x27, 0x85, 0x2b, 0x55, 0x2f,
    0xff, 0xff, 0xff, 0xff, 0x36, 0x4d, 0x0, 0x97,
    0xa0, 0x61, 0x79, 0x1a, 0x71, 0x60, 0xa9, 0x70,
    0x0, 0xbe, 0x20, 0x33, 0x0, 0x5, 0x10, 0x3f,
    0x90, 0x0, 0x0, 0x8f, 0x63, 0xb0, 0x0, 0xc2,
    0x7f, 0x60, 0x0, 0x0, 0x0, 0x16, 0xaf, 0xdc,
    0xef, 0xa5, 0x0, 0x0, 0x0,

    /* U+1F384 "🎄" */
    0x0, 0x0, 0x0, 0x0, 0x70, 0x0, 0x0, 0x0,
    0x0, 0x0, 0x0, 0x3, 0x7c, 0x83, 0x0, 0x0,
    0x0, 0x0, 0x0, 0x0, 0x3a, 0xc, 0x40, 0x0,
    0x0, 0x0, 0x0, 0x0, 0x0, 0xca, 0xe0, 0x0,
    0x0, 0x0, 0x0, 0x0, 0x1, 0xa8, 0x1a, 0xa1,
    0x0, 0x0, 0x0, 0x0, 0x4, 0xa6, 0xd, 0x83,
    0xf6, 0x0, 0x0, 0x0, 0x5, 0x80, 0x4, 0x63,
    0x30, 0x95, 0x0, 0x0, 0x0, 0x2d, 0xfd, 0x73,
    0x9c, 0xff, 0x20, 0x0, 0x0, 0x3, 0xdf, 0x69,
    0xa9, 0x2e, 0xf3, 0x0, 0x0, 0x1a, 0xc1, 0x44,
    0x28, 0x3, 0x35, 0x9a, 0x20, 0x8, 0x30, 0x42,
    0x7, 0xe4, 0x11, 0x10, 0x1c, 0x0, 0x3c, 0xdc,
    0xfb, 0x0, 0x2d, 0xff, 0xbc, 0x70, 0x0, 0x6c,
    0x7f, 0xba, 0x7d, 0x35, 0xae, 0x50, 0x3, 0xb7,
    0x30, 0x30, 0x35, 0x10, 0x2, 0x18, 0xb3, 0xc1,
    0x1, 0x33, 0x54, 0x24, 0x3f, 0x62, 0x14, 0xc4,
    0xa9, 0x90, 0xd, 0x80, 0x21, 0x62, 0x99, 0xa5,
    0x0, 0x6, 0xbb, 0x9f, 0xfd, 0xab, 0xb4, 0x0,
    0x0, 0x0, 0x0, 0x0, 0xcf, 0x70, 0x0, 0x0,
    0x0, 0x0, 0x0, 0x0, 0xa, 0xd6, 0x0, 0x0,
    0x0, 0x0,

    /* U+1F385 "🎅" */
    0x0, 0x0, 0x0, 0x1, 0x0, 0x0, 0x0, 0x0,
    0x0, 0x6, 0xdf, 0xff, 0xb4, 0x0, 0x0, 0x0,
    0xc, 0xff, 0xff, 0xff, 0xf8, 0x0, 0x0, 0xa,
    0xff, 0xff, 0xff, 0xff, 0xf6, 0x0, 0x2, 0xfe,
    0xca, 0xaa, 0xce, 0xff, 0xf1, 0x4, 0xb3, 0x0,
    0x0, 0x0, 0x3, 0xbf, 0x60, 0xb0, 0x0, 0x0,
    0x0, 0x0, 0x0, 0xc9, 0xc, 0x79, 0xaa, 0xaa,
    0xab, 0xaa, 0x8f, 0xa0, 0x4c, 0x0, 0x0, 0x0,
    0x0, 0x6, 0xf9, 0x1, 0x90, 0x1e, 0x20, 0x5,
    0xd0, 0x5f, 0xf5, 0x1a, 0x0, 0x91, 0x0, 0x28,
    0x8, 0x20, 0xb0, 0xa0, 0x0, 0x0, 0x0, 0x0,
    0x87, 0x1b, 0xa, 0x0, 0x47, 0x12, 0x92, 0x3,
    0xfa, 0x20, 0xb0, 0x0, 0x38, 0x82, 0x0, 0x38,
    0x0, 0xb, 0x0, 0x0, 0x0, 0x0, 0x1, 0x90,
    0x0, 0xb0, 0x0, 0x0, 0x0, 0x0, 0xa, 0x0,
    0xa, 0x10, 0x0, 0x0, 0x0, 0x0, 0xb0, 0x0,
    0x2b, 0x40, 0x0, 0x0, 0x4, 0xb5, 0x0, 0x0,
    0x7, 0xbb, 0xbb, 0xbb, 0x71, 0x0, 0x0,

    /* U+1F386 "🎆" */
    0x6, 0x77, 0x77, 0x77, 0x77, 0x77, 0x77, 0x77,
    0x73, 0xa, 0xff, 0xdf, 0xff, 0x8f, 0xfa, 0xff,
    0xe9, 0xff, 0xf1, 0xcf, 0xfd, 0xab, 0xfc, 0xdf,
    0x7f, 0x87, 0xee, 0xdf, 0x4c, 0xff, 0xef, 0xb7,
    0xe7, 0xbb, 0x9a, 0xa5, 0xae, 0xf4, 0xcf, 0xfc,
    0xab, 0xb9, 0xc9, 0xf6, 0x7a, 0xff, 0xff, 0x4c,
    0xeb, 0xdf, 0x78, 0xcf, 0xaf, 0xeb, 0xb5, 0xbf,
    0xf4, 0xce, 0xa8, 0x4e, 0x9e, 0x7f, 0xba, 0xd7,
    0xca, 0xcf, 0x4a, 0x67, 0x7f, 0xd7, 0x78, 0xb7,
    0x99, 0xa8, 0x9c, 0xf4, 0xcf, 0xea, 0xff, 0xdd,
    0xeb, 0xbc, 0xcf, 0x88, 0xbf, 0x4c, 0xc7, 0xae,
    0x79, 0xbc, 0x4f, 0x89, 0xc7, 0x8e, 0xf4, 0xcc,
    0xa6, 0xdf, 0x59, 0x9c, 0xc7, 0xb9, 0xec, 0x7f,
    0x4c, 0xb8, 0x7b, 0xed, 0x6a, 0x98, 0xb9, 0xfe,
    0x5d, 0xf4, 0xcb, 0xa8, 0xda, 0xaa, 0x7d, 0x77,
    0xca, 0xba, 0x5d, 0x4c, 0xf6, 0x7d, 0x5f, 0xbf,
    0xfa, 0xf6, 0x8d, 0x7d, 0xe4, 0xcc, 0xbc, 0x8d,
    0xe7, 0xdf, 0xaf, 0x8d, 0x7f, 0xcf, 0x4c, 0xcf,
    0xd6, 0xfa, 0xa9, 0xff, 0x6b, 0xc7, 0xff, 0xf4,
    0xcf, 0xff, 0xaf, 0x9c, 0xdf, 0xf6, 0xcf, 0xad,
    0xff, 0x4c, 0xff, 0xfa, 0xfd, 0xdc, 0xff, 0xdf,
    0xfc, 0xcf, 0xf3, 0x5e, 0xff, 0xff, 0xff, 0xff,
    0xff, 0xff, 0xff, 0xfb, 0x0,

    /* U+1F387 "🎇" */
    0x0, 0x11, 0x11, 0x11, 0x11, 0x11, 0x11, 0x11,
    0x10, 0x7, 0xff, 0xff, 0xdf, 0xcf, 0xcf, 0xdf,
    0xff, 0xff, 0xe3, 0xef, 0xfe, 0xa8, 0x3d, 0x94,
    0x8b, 0xba, 0xdf, 0xef, 0x8e, 0xff, 0xfc, 0xb0,
    0x7d, 0x36, 0xfb, 0x28, 0x6d, 0xf9, 0xef, 0xff,
    0xec, 0x5b, 0xe6, 0xbe, 0xa2, 0x59, 0xff, 0x9e,
    0xfa, 0xf6, 0xbe, 0x7f, 0x5e, 0xfa, 0xbf, 0xff,
    0xf9, 0xd7, 0x48, 0xf6, 0xd8, 0xe5, 0xee, 0x8e,
    0xcf, 0xff, 0x9e, 0x73, 0x6c, 0xf6, 0xc8, 0x4f,
    0x8b, 0x6c, 0xfa, 0xb9, 0xed, 0xbe, 0xa7, 0xb5,
    0x54, 0xb5, 0x7f, 0xa3, 0x2b, 0x9e, 0xfd, 0x4a,
    0xfa, 0x60, 0x2, 0x69, 0x9b, 0x79, 0xb9, 0xec,
    0x93, 0x69, 0x96, 0x0, 0x6, 0x79, 0xbc, 0x7f,
    0x9e, 0xff, 0xed, 0x86, 0x85, 0x3, 0x6d, 0xec,
    0xa2, 0x49, 0xef, 0x96, 0x9e, 0xf6, 0xd0, 0xaa,
    0x88, 0xfc, 0xcc, 0x9e, 0xfd, 0xff, 0xf6, 0xee,
    0xf, 0x7e, 0xde, 0xff, 0xf9, 0xef, 0x9f, 0x86,
    0xef, 0xe0, 0xff, 0x6f, 0xfa, 0xff, 0x9e, 0xfd,
    0x51, 0x8d, 0xfe, 0xf, 0xfc, 0x9c, 0xbf, 0xf9,
    0xef, 0xf6, 0x3b, 0xff, 0xe0, 0xff, 0xf8, 0x5e,
    0xff, 0x9e, 0xfb, 0xe9, 0xdf, 0xfe, 0xf, 0xfb,
    0xa1, 0x9a, 0xf8, 0x6f, 0xff, 0xff, 0xff, 0xe0,
    0xff, 0xff, 0x9c, 0xfd, 0x20,

    /* U+1F388 "🎈" */
    0x0, 0x0, 0x0, 0x0, 0x0, 0x0, 0x0, 0x0,
    0x7b, 0xaa, 0xb7, 0x0, 0x0, 0x1, 0xb5, 0x0,
    0x10, 0x5b, 0x0, 0x0, 0xa3, 0x0, 0xa, 0x10,
    0x39, 0x0, 0x29, 0x0, 0x0, 0x0, 0x90, 0x92,
    0x7, 0x30, 0x0, 0x0, 0x6, 0x63, 0x70, 0x91,
    0x0, 0x0, 0x0, 0x19, 0x19, 0x9, 0x20, 0x0,
    0x0, 0x0, 0x0, 0xa0, 0x65, 0x0, 0x0, 0x0,
    0x0, 0x1a, 0x1, 0xa0, 0x0, 0x0, 0x0, 0x3,
    0x70, 0x9, 0x30, 0x0, 0x0, 0x0, 0x74, 0x0,
    0x1b, 0x10, 0x0, 0x0, 0xb, 0x0, 0x0, 0x2b,
    0x10, 0x0, 0x5, 0x80, 0x0, 0x0, 0x2b, 0x72,
    0x5, 0xb0, 0x0, 0x0, 0x0, 0x4, 0xde, 0xf0,
    0x0, 0x0, 0x0, 0x0, 0xa, 0x5c, 0x20, 0x0,
    0x0, 0x0, 0x0, 0x5e, 0x60, 0x0, 0x0, 0x0,
    0x0, 0x0, 0x91, 0x59, 0x50, 0x0, 0x0, 0x0,
    0x7, 0xb7, 0x19, 0x10,

    /* U+1F389 "🎉" */
    0x0, 0x0, 0x0, 0x0, 0x0, 0x0, 0x2, 0x0,
    0x0, 0x0, 0x0, 0x0, 0x0, 0x7a, 0x0, 0x0,
    0xb0, 0x1, 0x0, 0x0, 0x76, 0x1, 0xc4, 0x0,
    0x7, 0x0, 0x0, 0xb1, 0x0, 0x1, 0x10, 0x74,
    0x0, 0x0, 0x80, 0x0, 0x4, 0x70, 0x2a, 0x0,
    0x9, 0x3c, 0xb9, 0x0, 0x0, 0x0, 0x1a, 0x0,
    0x20, 0x0, 0x4f, 0x70, 0xb0, 0x3c, 0xb6, 0x1,
    0x90, 0x0, 0x9, 0x50, 0xff, 0xb7, 0x9, 0x20,
    0x6a, 0xb3, 0x0, 0x0, 0x1, 0x6f, 0xf3, 0x0,
    0x56, 0x1, 0x0, 0x0, 0x0, 0x0, 0x86, 0x1c,
    0x89, 0x2, 0x90, 0x66, 0x0, 0x0, 0x0, 0xf,
    0x2, 0x90, 0x9f, 0x91, 0x0, 0x0, 0x0, 0x0,
    0x7, 0xf0, 0xb3, 0x57, 0x94, 0x6, 0x0, 0x7b,
    0x20, 0x0, 0xbb, 0x15, 0x7, 0x1, 0xa0, 0x50,
    0x29, 0x0, 0x0, 0x59, 0x75, 0x0, 0x0, 0x5f,
    0x40, 0x8, 0x20, 0x0, 0xc, 0xb0, 0xb2, 0xb,
    0xa5, 0xdb, 0x82, 0xb0, 0x0, 0x3, 0x88, 0x51,
    0xb7, 0x10, 0x4a, 0x6, 0x92, 0x1, 0x0, 0xca,
    0x9, 0x70, 0x6f, 0xfa, 0x0, 0x0, 0x1, 0xa1,
    0x2a, 0xa7, 0x9, 0xfc, 0x40, 0x0, 0x9, 0x0,
    0x0, 0x8, 0x31, 0xdf, 0x71, 0x0, 0x0, 0x0,
    0x21, 0x3, 0x90, 0x6b, 0xa4, 0x0, 0x0, 0x0,
    0x0, 0x0, 0x0, 0x2, 0x0,

    /* U+1F38A "🎊" */
    0x0, 0x0, 0x0, 0x0, 0x0, 0x0, 0x0, 0x0,
    0x0, 0x0, 0x0, 0x9b, 0x99, 0x60, 0x0, 0x3a,
    0xba, 0xb6, 0x0, 0x0, 0xb4, 0x3, 0x63, 0x80,
    0x5b, 0x28, 0xb0, 0x78, 0x0, 0x47, 0x0, 0x2,
    0x9e, 0x2c, 0xd8, 0x10, 0x0, 0xa1, 0x7, 0x30,
    0x9, 0xff, 0xb1, 0x6f, 0xff, 0x60, 0x6, 0x40,
    0x74, 0xc, 0xff, 0xc0, 0x83, 0x6f, 0xff, 0x90,
    0x73, 0x3, 0xa8, 0xff, 0x91, 0x30, 0x0, 0x6d,
    0xff, 0x5b, 0x0, 0x9, 0xfc, 0x41, 0x1b, 0x30,
    0x39, 0x8, 0xff, 0x50, 0x0, 0x1, 0x71, 0xc0,
    0x29, 0x1, 0xc8, 0x30, 0x10, 0x0, 0x1, 0xa9,
    0xc, 0x1, 0x90, 0x8, 0xf1, 0x3, 0x50, 0x0,
    0x76, 0x2, 0xa0, 0x66, 0x67, 0xf, 0x80, 0x14,
    0x0, 0x3, 0xa0, 0x58, 0xc, 0x0, 0x10, 0xd9,
    0x90, 0x0, 0x0, 0x3b, 0xa, 0x30, 0xd0, 0x0,
    0xc, 0x8, 0x80, 0x0, 0xc, 0x11, 0xc0, 0xb,
    0x20, 0xa5, 0xa2, 0xd, 0x0, 0x0, 0x10, 0x95,
    0x85, 0x59, 0x2, 0x6, 0x70, 0x90, 0x0, 0xc0,
    0x4b, 0x0, 0x0, 0xd0, 0x0, 0x1d, 0x0, 0x0,
    0x0, 0x3c, 0x12, 0x40, 0xd, 0x0, 0x0, 0x78,
    0x0, 0x0, 0x4c, 0x10, 0x18, 0x2, 0x60, 0x60,
    0x0, 0xa7, 0x0, 0x3, 0x10, 0x0, 0x0, 0x0,
    0xa, 0x10, 0x0, 0x10, 0x0,

    /* U+1F38B "🎋" */
    0x0, 0x0, 0x0, 0x33, 0x10, 0x0, 0x0, 0x0,
    0x0, 0x0, 0x0, 0x0, 0x2f, 0xf2, 0x0, 0x0,
    0x0, 0x0, 0x0, 0x0, 0x0, 0x0, 0xff, 0x10,
    0x0, 0x0, 0x6b, 0xe1, 0x0, 0x0, 0x0, 0xf,
    0xf0, 0x0, 0x5, 0xef, 0xf5, 0x0, 0x0, 0x0,
    0x0, 0xff, 0x0, 0x8, 0xff, 0xf6, 0x0, 0x0,
    0x0, 0x0, 0x1f, 0xf2, 0x5, 0xff, 0xf5, 0x0,
    0x0, 0x0, 0x0, 0x1, 0x44, 0x10, 0xed, 0x92,
    0x0, 0x0, 0x0, 0x0, 0x0, 0x2c, 0xc2, 0x74,
    0x14, 0x30, 0x0, 0x0, 0x0, 0x0, 0x0, 0xff,
    0x2f, 0x9f, 0xff, 0xfa, 0x30, 0x5, 0xb5, 0x0,
    0xf, 0xf8, 0x54, 0x3a, 0xff, 0xff, 0x90, 0xa,
    0xfc, 0x10, 0xff, 0xa5, 0xf9, 0x50, 0x35, 0x65,
    0x10, 0x8, 0xfd, 0x1f, 0xf9, 0x81, 0x9, 0x10,
    0x0, 0x0, 0x0, 0x2, 0x62, 0x9c, 0x52, 0x80,
    0x19, 0x0, 0x0, 0x0, 0x8, 0xe4, 0x19, 0x92,
    0x8, 0x10, 0x39, 0x0, 0x0, 0xc, 0xe5, 0x1,
    0xff, 0x10, 0x19, 0x2, 0xa0, 0x0, 0x3, 0x30,
    0x0, 0xf, 0xf0, 0x0, 0x59, 0x90, 0x0, 0x0,
    0x0, 0x0, 0x0, 0xff, 0x0, 0x0, 0x40, 0x0,
    0x0, 0x0, 0x0, 0x0, 0xf, 0xf1, 0x0, 0x0,
    0x0, 0x0, 0x0, 0x0, 0x0, 0x2, 0xee, 0x30,
    0x0, 0x0, 0x0, 0x0, 0x0,

    /* U+1F38C "🎌" */
    0x0, 0x0, 0x0, 0x2, 0x0, 0x0, 0x1, 0x0,
    0x0, 0x0, 0x0, 0x0, 0x4, 0xab, 0xf5, 0x0,
    0x8, 0xfb, 0xa3, 0x0, 0x0, 0x0, 0x1a, 0x81,
    0x6, 0xa0, 0x0, 0xd4, 0x1, 0x89, 0x10, 0x2,
    0x8b, 0x20, 0x0, 0xd, 0x0, 0x2c, 0x0, 0x0,
    0x3b, 0x82, 0xb4, 0x5, 0xfd, 0x10, 0x86, 0x8,
    0x60, 0x1e, 0xf5, 0x4, 0xb5, 0x50, 0xcf, 0xf5,
    0x3, 0xb0, 0xd1, 0x6, 0xff, 0xb0, 0x65, 0x1a,
    0x6, 0xfe, 0x10, 0xd, 0x4b, 0x0, 0x2e, 0xf6,
    0xa, 0x0, 0xb0, 0x1, 0x4, 0xab, 0xff, 0xfb,
    0xa4, 0x1, 0x0, 0xb0, 0x8, 0x20, 0x1a, 0x70,
    0x2, 0xf0, 0x0, 0x8a, 0x0, 0x37, 0x0, 0x47,
    0x4b, 0x30, 0x0, 0x4f, 0x10, 0x0, 0x3b, 0x38,
    0x30, 0x0, 0xc8, 0x0, 0x0, 0x9, 0xd7, 0x0,
    0x0, 0x8, 0xc0, 0x0, 0x0, 0x0, 0x0, 0x0,
    0xe2, 0xc0, 0x0, 0x0, 0x0, 0x0, 0x0, 0x0,
    0x0, 0x0, 0x4a, 0xc, 0x20, 0x0, 0x0, 0x0,
    0x0, 0x0, 0x0, 0x0, 0xa, 0x40, 0x77, 0x0,
    0x0, 0x0, 0x0, 0x0, 0x0, 0x0, 0x0, 0xe0,
    0x1, 0xd0, 0x0, 0x0, 0x0, 0x0, 0x0, 0x0,
    0x0, 0x59, 0x0, 0xc, 0x20, 0x0, 0x0, 0x0,
    0x0, 0x0, 0x0, 0xa, 0x40, 0x0, 0x68, 0x0,
    0x0, 0x0, 0x0, 0x0, 0x0, 0x0, 0xd0, 0x0,
    0x1, 0xd0, 0x0, 0x0, 0x0, 0x0, 0x0, 0x0,
    0x48, 0x0, 0x0, 0xa, 0x10, 0x0, 0x0, 0x0,

    /* U+1F38D "🎍" */
    0x0, 0x0, 0x4, 0x60, 0x0, 0x0, 0x0, 0x0,
    0x29, 0x46, 0x0, 0x0, 0x0, 0x0, 0x79, 0x1e,
    0x0, 0x0, 0x0, 0x0, 0x5f, 0xcf, 0x60, 0x0,
    0x0, 0x0, 0x55, 0x80, 0x90, 0x0, 0x0, 0x0,
    0x8c, 0xf0, 0xf0, 0x0, 0x0, 0x0, 0xb0, 0xf8,
    0xe0, 0x0, 0x0, 0x2, 0xf0, 0xf5, 0x90, 0x0,
    0x0, 0x6, 0xf8, 0xd7, 0xaa, 0x0, 0x1, 0xff,
    0x84, 0x97, 0xfe, 0x70, 0x5, 0xff, 0x87, 0x97,
    0xff, 0xf8, 0xc, 0xff, 0xa2, 0x91, 0xff, 0xf8,
    0xe, 0xff, 0xff, 0xfe, 0xff, 0xf5, 0x3, 0xdf,
    0xff, 0xff, 0xff, 0xb1, 0x0, 0xf, 0xff, 0xff,
    0xfe, 0x0, 0x0, 0xf, 0x88, 0x88, 0x8e, 0x0,
    0x6, 0xff, 0x0, 0x0, 0xf, 0xf5, 0x9, 0xff,
    0xff, 0xff, 0xff, 0xf8, 0x0, 0x7b, 0xde, 0xfe,
    0xdb, 0x60,

    /* U+1F38E "🎎" */
    0x0, 0x0, 0x0, 0x22, 0x0, 0x0, 0x0, 0x1,
    0x0, 0x0, 0x0, 0x0, 0x0, 0x2, 0xff, 0x10,
    0x0, 0x0, 0x6f, 0x80, 0x0, 0x0, 0x0, 0x4,
    0x8d, 0xff, 0xa8, 0x20, 0x0, 0xcc, 0xe0, 0x0,
    0x0, 0x0, 0x2, 0xdf, 0xff, 0xf8, 0x0, 0x8,
    0xf0, 0xea, 0x0, 0x0, 0x0, 0x2, 0xfc, 0xcc,
    0xeb, 0x0, 0x9f, 0x68, 0x6e, 0xc0, 0x0, 0x0,
    0x3, 0xb2, 0x23, 0x4c, 0x4, 0xf9, 0x31, 0x47,
    0xf6, 0x0, 0x0, 0xa, 0x77, 0x35, 0x3f, 0x37,
    0xf7, 0x82, 0x85, 0xfa, 0x0, 0x0, 0x1, 0x90,
    0x64, 0x2a, 0x4, 0xf8, 0x7, 0x5, 0xf7, 0x0,
    0x0, 0x0, 0x95, 0x2, 0xb3, 0x0, 0x7e, 0x20,
    0x1d, 0x90, 0x0, 0x0, 0x0, 0x3f, 0xff, 0xd0,
    0x0, 0x5, 0xff, 0xf8, 0x0, 0x0, 0x0, 0x1,
    0xe5, 0x8f, 0xfb, 0x0, 0x2d, 0x30, 0x2d, 0x40,
    0x0, 0x0, 0x7, 0xf5, 0x8f, 0xff, 0x50, 0xd5,
    0x0, 0x3, 0xe0, 0x0, 0x0, 0xe, 0xfb, 0xdf,
    0xff, 0xd5, 0xfd, 0x20, 0x1b, 0xf7, 0x0, 0x0,
    0x8f, 0xf2, 0xa7, 0x8f, 0xfe, 0xff, 0xe6, 0xdf,
    0xfe, 0x10, 0x6, 0xff, 0xdb, 0xcb, 0xaf, 0xff,
    0xe8, 0x84, 0x94, 0x9e, 0xc0, 0xf, 0xff, 0x10,
    0x0, 0x8, 0xfd, 0x4, 0x70, 0x3a, 0x10, 0x96,
    0xc, 0xff, 0xdc, 0xdc, 0xcd, 0xfd, 0xbf, 0xee,
    0xdf, 0xfb, 0xd4, 0x0, 0xd4, 0xe3, 0xe4, 0xaa,
    0x81, 0xf3, 0xec, 0x4e, 0x3f, 0x10, 0x0, 0xbd,
    0xfd, 0xfd, 0xff, 0x60, 0xfd, 0xff, 0xdf, 0xdf,
    0x0,

    /* U+1F38F "🎏" */
    0x2, 0x10, 0x0, 0x0, 0x0, 0x0, 0x0, 0x0,
    0x3, 0x10, 0x5, 0x8e, 0x10, 0x0, 0x6, 0xab,
    0xaa, 0xaa, 0xaa, 0x7b, 0x0, 0x97, 0xf3, 0x0,
    0x4b, 0x52, 0x0, 0x6, 0x6, 0x3, 0x80, 0x2,
    0xff, 0x0, 0x49, 0x7, 0x68, 0x7, 0x37, 0x30,
    0xb2, 0x0, 0x5, 0x80, 0x2d, 0x92, 0x76, 0x80,
    0x36, 0x15, 0x33, 0xa7, 0x0, 0x3a, 0x9, 0xb3,
    0x95, 0x62, 0x62, 0x25, 0x27, 0x7, 0x70, 0x1,
    0xd0, 0xb3, 0x90, 0xb0, 0xc, 0x20, 0x12, 0x5b,
    0x80, 0x0, 0x5f, 0x8f, 0xca, 0x8, 0x4a, 0xfc,
    0xaa, 0x86, 0x10, 0x0, 0x0, 0xf3, 0x1d, 0xe9,
    0xeb, 0x50, 0x0, 0x0, 0x0, 0x42, 0x0, 0xa,
    0x30, 0x14, 0x31, 0x7b, 0xba, 0xaa, 0xab, 0xa7,
    0xc0, 0x0, 0x85, 0x0, 0x6, 0xb6, 0x71, 0x2,
    0x62, 0x70, 0x49, 0x0, 0x6, 0x70, 0x8, 0x80,
    0x85, 0x80, 0x44, 0x53, 0x1c, 0x50, 0x0, 0x49,
    0x4, 0xdc, 0x68, 0x48, 0x6, 0x32, 0x51, 0x38,
    0x80, 0x2, 0xb0, 0xbc, 0x17, 0x86, 0x19, 0x2,
    0x40, 0x70, 0x85, 0x0, 0x1d, 0xc, 0x59, 0xb,
    0x0, 0xe3, 0x33, 0x58, 0xa4, 0x0, 0x6, 0xfa,
    0xfa, 0xa0, 0xb7, 0xff, 0x86, 0x64, 0x20, 0x0,
    0x0, 0xc, 0x10, 0xad, 0xa9, 0x40, 0x0, 0x0,
    0x0, 0x0, 0x0, 0x0, 0xa4, 0x0, 0x0, 0x0,
    0x0, 0x0, 0x0, 0x0, 0x0, 0x0, 0x7, 0x50,
    0x0, 0x0, 0x0, 0x0, 0x0, 0x0, 0x0, 0x0,

    /* U+1F600 "😀" */
    0x0, 0x0, 0x0, 0x0, 0x0, 0x0, 0x0, 0x0,
    0x0, 0x0, 0x0, 0x0, 0x28, 0xaa, 0xaa, 0xa8,
    0x20, 0x0, 0x0, 0x0, 0x0, 0x99, 0x20, 0x0,
    0x0, 0x29, 0x90, 0x0, 0x0, 0x1, 0xb3, 0x0,
    0x0, 0x0, 0x0, 0x3, 0xb1, 0x0, 0x0, 0xb2,
    0x0, 0x0, 0x0, 0x0, 0x0, 0x2, 0xb0, 0x0,
    0x84, 0x0, 0x0, 0x0, 0x0, 0x0, 0x0, 0x4,
    0x70, 0xb, 0x0, 0x2, 0x60, 0x0, 0x0, 0x62,
    0x0, 0xb, 0x5, 0x60, 0x0, 0xbf, 0x50, 0x0,
    0x6f, 0xa0, 0x0, 0x65, 0x92, 0x0, 0x8, 0xf3,
    0x0, 0x3, 0xf8, 0x0, 0x2, 0x8a, 0x0, 0x0,
    0x1, 0x0, 0x0, 0x1, 0x0, 0x0, 0xa, 0xa0,
    0x0, 0x0, 0x0, 0x0, 0x0, 0x0, 0x0, 0x0,
    0xa9, 0x20, 0x58, 0x86, 0x43, 0x23, 0x46, 0x88,
    0x60, 0x28, 0x56, 0x7, 0x74, 0x44, 0x45, 0x44,
    0x44, 0x77, 0x6, 0x40, 0xb0, 0x1d, 0xff, 0xff,
    0xff, 0xff, 0xfd, 0x10, 0xb0, 0x7, 0x50, 0x1c,
    0xfe, 0x98, 0x9e, 0xfc, 0x10, 0x57, 0x0, 0xb,
    0x20, 0x4, 0x87, 0x77, 0x84, 0x0, 0x2b, 0x0,
    0x0, 0x1b, 0x40, 0x0, 0x0, 0x0, 0x0, 0x4b,
    0x10, 0x0, 0x0, 0x8, 0xa3, 0x0, 0x0, 0x4,
    0xa8, 0x0, 0x0, 0x0, 0x0, 0x1, 0x7a, 0xaa,
    0xaa, 0x71, 0x0, 0x0, 0x0,

    /* U+1F601 "😁" */
    0x0, 0x0, 0x0, 0x0, 0x0, 0x0, 0x0, 0x0,
    0x0, 0x0, 0x0, 0x0, 0x28, 0xbb, 0xab, 0xb8,
    0x20, 0x0, 0x0, 0x0, 0x0, 0x9a, 0x30, 0x0,
    0x0, 0x3a, 0x90, 0x0, 0x0, 0x1, 0xb4, 0x0,
    0x0, 0x0, 0x0, 0x4, 0xb1, 0x0, 0x0, 0xb2,
    0x0, 0x0, 0x0, 0x0, 0x0, 0x3, 0xb0, 0x0,
    0x75, 0x0, 0x0, 0x0, 0x0, 0x0, 0x0, 0x5,
    0x70, 0xb, 0x0, 0x0, 0x0, 0x0, 0x0, 0x0,
    0x0, 0xb, 0x5, 0x60, 0x0, 0x8a, 0x50, 0x0,
    0x6a, 0x70, 0x0, 0x65, 0x92, 0x0, 0x56, 0xa,
    0x0, 0x29, 0x7, 0x30, 0x2, 0x8a, 0x0, 0x0,
    0x0, 0x0, 0x0, 0x0, 0x0, 0x0, 0xa, 0xa0,
    0x0, 0x20, 0x0, 0x0, 0x0, 0x0, 0x20, 0x0,
    0xa8, 0x20, 0xa8, 0xaf, 0xba, 0xaa, 0xbf, 0xa8,
    0xa0, 0x28, 0x46, 0xe, 0x30, 0x80, 0x2b, 0x20,
    0x80, 0x4e, 0x7, 0x40, 0xb0, 0x5b, 0x8f, 0x75,
    0xd5, 0x7f, 0x8b, 0x40, 0xb0, 0x6, 0x60, 0x67,
    0x90, 0x2b, 0x20, 0x98, 0x60, 0x66, 0x0, 0xa,
    0x30, 0x3f, 0x73, 0xb3, 0x8f, 0x30, 0x4a, 0x0,
    0x0, 0xb, 0x50, 0x1, 0x57, 0x51, 0x0, 0x5b,
    0x0, 0x0, 0x0, 0x8, 0xb4, 0x0, 0x0, 0x4,
    0xb7, 0x0, 0x0, 0x0, 0x0, 0x1, 0x7b, 0xbb,
    0xbb, 0x71, 0x0, 0x0, 0x0,

    /* U+1F602 "😂" */
    0x0, 0x0, 0x0, 0x0, 0x0, 0x0, 0x0, 0x0,
    0x0, 0x0, 0x0, 0x0, 0x0, 0x0, 0x3, 0x9b,
    0xba, 0xbb, 0x81, 0x0, 0x0, 0x0, 0x0, 0x0,
    0x1, 0xa9, 0x20, 0x0, 0x0, 0x3b, 0x80, 0x0,
    0x0, 0x0, 0x0, 0x2c, 0x20, 0x0, 0x0, 0x0,
    0x0, 0x5b, 0x0, 0x0, 0x0, 0x1, 0xc1, 0x1,
    0x0, 0x0, 0x0, 0x1, 0x4, 0xa0, 0x0, 0x0,
    0xa, 0x25, 0xa2, 0x0, 0x0, 0x0, 0x18, 0x80,
    0x66, 0x0, 0x0, 0x39, 0x28, 0x0, 0x0, 0x0,
    0x0, 0x0, 0x38, 0xb, 0x0, 0x0, 0x83, 0x0,
    0x8b, 0x90, 0x0, 0x7, 0xba, 0x10, 0x7, 0x30,
    0x0, 0xb0, 0x2, 0x40, 0x24, 0x0, 0x15, 0x2,
    0x40, 0x3, 0x70, 0x1, 0xfa, 0xc0, 0x0, 0x0,
    0x0, 0x0, 0x0, 0x8, 0xba, 0x90, 0x1b, 0x31,
    0x90, 0x0, 0x0, 0x0, 0x0, 0x0, 0x4, 0x81,
    0x95, 0x82, 0x5, 0x46, 0x87, 0x43, 0x22, 0x34,
    0x68, 0x90, 0xb0, 0xb, 0x91, 0x9, 0x8, 0x64,
    0x44, 0x55, 0x44, 0x45, 0xb0, 0xa2, 0xa, 0x2a,
    0xbe, 0x2, 0xff, 0xff, 0xff, 0xff, 0xff, 0x60,
    0x2f, 0xa6, 0x0, 0x9, 0x40, 0x3d, 0xfd, 0x88,
    0xbf, 0xf6, 0x0, 0x84, 0x0, 0x0, 0x0, 0xb2,
    0x0, 0x68, 0x77, 0x77, 0x10, 0x5, 0x90, 0x0,
    0x0, 0x0, 0x1b, 0x40, 0x0, 0x0, 0x0, 0x0,
    0x79, 0x0, 0x0, 0x0, 0x0, 0x0, 0x9a, 0x30,
    0x0, 0x0, 0x5b, 0x60, 0x0, 0x0, 0x0, 0x0,
    0x0, 0x2, 0x7b, 0xbb, 0xba, 0x60, 0x0, 0x0,
    0x0,

    /* U+1F603 "😃" */
    0x0, 0x0, 0x0, 0x0, 0x0, 0x0, 0x0, 0x0,
    0x0, 0x0, 0x0, 0x0, 0x28, 0xaa, 0xaa, 0xa8,
    0x20, 0x0, 0x0, 0x0, 0x0, 0x99, 0x20, 0x0,
    0x0, 0x29, 0x90, 0x0, 0x0, 0x1, 0xb3, 0x0,
    0x0, 0x0, 0x0, 0x3, 0xb1, 0x0, 0x0, 0xb2,
    0x0, 0x0, 0x0, 0x0, 0x0, 0x2, 0xb0, 0x0,
    0x84, 0x0, 0x4, 0x0, 0x0, 0x4, 0x0, 0x4,
    0x70, 0xb, 0x0, 0x3, 0xf8, 0x0, 0x8, 0xf3,
    0x0, 0xb, 0x5, 0x60, 0x0, 0x6f, 0xb0, 0x0,
    0xbf, 0x60, 0x0, 0x65, 0x92, 0x0, 0x5, 0xfa,
    0x0, 0xa, 0xf5, 0x0, 0x2, 0x8a, 0x0, 0x0,
    0xc, 0x40, 0x0, 0x4c, 0x0, 0x0, 0xa, 0xa0,
    0x0, 0x0, 0x0, 0x0, 0x0, 0x0, 0x0, 0x0,
    0xa9, 0x20, 0x58, 0x75, 0x32, 0x22, 0x35, 0x78,
    0x50, 0x28, 0x56, 0x7, 0x74, 0x44, 0x55, 0x54,
    0x44, 0x77, 0x6, 0x40, 0xb0, 0x1d, 0xff, 0xff,
    0xff, 0xff, 0xfd, 0x10, 0xb0, 0x7, 0x50, 0x1c,
    0xff, 0xa8, 0xaf, 0xfc, 0x10, 0x57, 0x0, 0xb,
    0x20, 0x4, 0x88, 0x78, 0x84, 0x0, 0x2b, 0x0,
    0x0, 0x1b, 0x40, 0x0, 0x0, 0x0, 0x0, 0x4b,
    0x10, 0x0, 0x0, 0x8, 0xa3, 0x0, 0x0, 0x4,
    0xa8, 0x0, 0x0, 0x0, 0x0, 0x1, 0x7a, 0xaa,
    0xaa, 0x71, 0x0, 0x0, 0x0,

    /* U+1F604 "😄" */
    0x0, 0x0, 0x0, 0x0, 0x0, 0x0, 0x0, 0x0,
    0x0, 0x0, 0x0, 0x0, 0x28, 0xbb, 0xab, 0xb8,
    0x20, 0x0, 0x0, 0x0, 0x0, 0x9a, 0x30, 0x0,
    0x0, 0x3a, 0x90, 0x0, 0x0, 0x1, 0xb4, 0x0,
    0x0, 0x0, 0x0, 0x4, 0xb1, 0x0, 0x0, 0xb2,
    0x0, 0x0, 0x0, 0x0, 0x0, 0x3, 0xb0, 0x0,
    0x75, 0x0, 0x0, 0x0, 0x0, 0x0, 0x0, 0x5,
    0x70, 0xb, 0x0, 0x0, 0x0, 0x0, 0x0, 0x0,
    0x0, 0xb, 0x5, 0x60, 0x0, 0x69, 0x50, 0x0,
    0x59, 0x60, 0x0, 0x65, 0x92, 0x0, 0x46, 0x18,
    0x30, 0x38, 0x16, 0x40, 0x2, 0x8a, 0x0, 0x0,
    0x0, 0x0, 0x0, 0x0, 0x0, 0x0, 0xa, 0xa0,
    0x0, 0x0, 0x0, 0x0, 0x0, 0x0, 0x0, 0x0,
    0xa8, 0x20, 0x58, 0x85, 0x43, 0x23, 0x45, 0x88,
    0x60, 0x28, 0x46, 0x7, 0x74, 0x44, 0x45, 0x44,
    0x44, 0x77, 0x7, 0x40, 0xb0, 0x1d, 0xff, 0xff,
    0xff, 0xff, 0xfd, 0x10, 0xb0, 0x6, 0x60, 0x1c,
    0xfe, 0x98, 0x9e, 0xfc, 0x10, 0x66, 0x0, 0xa,
    0x30, 0x4, 0x87, 0x77, 0x84, 0x0, 0x4a, 0x0,
    0x0, 0xb, 0x50, 0x0, 0x0, 0x0, 0x0, 0x5b,
    0x0, 0x0, 0x0, 0x8, 0xb4, 0x0, 0x0, 0x4,
    0xb7, 0x0, 0x0, 0x0, 0x0, 0x1, 0x7b, 0xbb,
    0xbb, 0x71, 0x0, 0x0, 0x0,

    /* U+1F605 "😅" */
    0x0, 0x0, 0x0, 0x0, 0x0, 0x0, 0x0, 0x0,
    0x0, 0x0, 0x0, 0x0, 0x0, 0x5, 0xab, 0xaa,
    0xba, 0x50, 0x0, 0x30, 0x0, 0x0, 0x0, 0x3b,
    0x61, 0x0, 0x0, 0x6, 0xb3, 0x1c, 0x60, 0x0,
    0x0, 0x5b, 0x10, 0x0, 0x0, 0x0, 0x0, 0x9e,
    0x19, 0x10, 0x0, 0x3a, 0x0, 0x0, 0x0, 0x0,
    0x0, 0x3, 0x80, 0x19, 0x0, 0xb, 0x0, 0x0,
    0x0, 0x0, 0x0, 0x0, 0x90, 0x0, 0x90, 0x5,
    0x60, 0x0, 0x0, 0x0, 0x0, 0x0, 0x9, 0x0,
    0x7, 0x10, 0xa0, 0x0, 0x6, 0x71, 0x0, 0x6,
    0x71, 0x66, 0x2, 0xa0, 0xb, 0x0, 0x9, 0x43,
    0xa0, 0x8, 0x43, 0xa0, 0x59, 0xf1, 0x0, 0xa0,
    0x0, 0x0, 0x0, 0x0, 0x0, 0x0, 0x0, 0xb,
    0x0, 0xa, 0x0, 0x0, 0x0, 0x0, 0x0, 0x0,
    0x0, 0x0, 0xb0, 0x0, 0xb0, 0x8, 0x87, 0x43,
    0x22, 0x34, 0x68, 0x90, 0xb, 0x0, 0xa, 0x10,
    0xa6, 0x44, 0x45, 0x54, 0x44, 0x5b, 0x2, 0x90,
    0x0, 0x57, 0x4, 0xff, 0xff, 0xff, 0xff, 0xff,
    0x60, 0x93, 0x0, 0x0, 0xb1, 0x5, 0xef, 0xc8,
    0x8c, 0xff, 0x60, 0x2a, 0x0, 0x0, 0x3, 0xb0,
    0x0, 0x68, 0x77, 0x77, 0x10, 0x1b, 0x10, 0x0,
    0x0, 0x4, 0xb1, 0x0, 0x0, 0x0, 0x0, 0x2c,
    0x30, 0x0, 0x0, 0x0, 0x2, 0xb8, 0x20, 0x0,
    0x2, 0x9a, 0x10, 0x0, 0x0, 0x0, 0x0, 0x0,
    0x49, 0xbb, 0xbb, 0x93, 0x0, 0x0, 0x0, 0x0,

    /* U+1F606 "😆" */
    0x0, 0x0, 0x0, 0x0, 0x0, 0x0, 0x0, 0x0,
    0x0, 0x0, 0x0, 0x0, 0x28, 0xbb, 0xab, 0xb8,
    0x20, 0x0, 0x0, 0x0, 0x0, 0x9a, 0x30, 0x0,
    0x0, 0x3a, 0x90, 0x0, 0x0, 0x1, 0xb4, 0x0,
    0x0, 0x0, 0x0, 0x4, 0xb1, 0x0, 0x0, 0xb2,
    0x0, 0x0, 0x0, 0x0, 0x0, 0x3, 0xb0, 0x0,
    0x75, 0x0, 0x0, 0x0, 0x0, 0x0, 0x0, 0x5,
    0x70, 0xb, 0x0, 0x60, 0x0, 0x0, 0x0, 0x0,
    0x60, 0xb, 0x5, 0x60, 0x5, 0xb6, 0x0, 0x0,
    0x6, 0xb5, 0x0, 0x65, 0x92, 0x0, 0x1, 0xad,
    0x10, 0x1d, 0xa1, 0x0, 0x2, 0x8a, 0x0, 0xa,
    0x95, 0x0, 0x0, 0x5, 0x9a, 0x10, 0xa, 0xa0,
    0x0, 0x0, 0x0, 0x0, 0x0, 0x0, 0x0, 0x0,
    0xa8, 0x20, 0x57, 0x75, 0x32, 0x12, 0x35, 0x77,
    0x50, 0x28, 0x46, 0x7, 0x74, 0x44, 0x55, 0x54,
    0x44, 0x77, 0x7, 0x40, 0xb0, 0x1e, 0xff, 0xff,
    0xff, 0xff, 0xfe, 0x10, 0xb0, 0x6, 0x60, 0x1c,
    0xfe, 0x98, 0x9e, 0xfc, 0x20, 0x66, 0x0, 0xa,
    0x30, 0x4, 0x87, 0x77, 0x84, 0x0, 0x4a, 0x0,
    0x0, 0xb, 0x50, 0x0, 0x0, 0x0, 0x0, 0x5b,
    0x0, 0x0, 0x0, 0x8, 0xb4, 0x0, 0x0, 0x4,
    0xb7, 0x0, 0x0, 0x0, 0x0, 0x1, 0x7b, 0xbb,
    0xbb, 0x71, 0x0, 0x0, 0x0,

    /* U+1F607 "😇" */
    0x0, 0x0, 0x0, 0x2, 0x23, 0x21, 0x0, 0x0,
    0x0, 0x0, 0x27, 0xbd, 0xca, 0x98, 0x9a, 0xcd,
    0xb7, 0x10, 0x9, 0xfa, 0x20, 0x49, 0xbb, 0xb8,
    0x30, 0x3b, 0xf7, 0x1f, 0xf1, 0x4b, 0x72, 0x0,
    0x2, 0x7b, 0x33, 0xfe, 0x7, 0xff, 0xf7, 0x43,
    0x22, 0x23, 0x48, 0xff, 0xf6, 0x0, 0x7f, 0xdf,
    0xff, 0xff, 0xff, 0xff, 0xcf, 0x40, 0x0, 0xb0,
    0x0, 0x24, 0x55, 0x53, 0x20, 0x1, 0xb0, 0x6,
    0x50, 0x0, 0x0, 0x0, 0x0, 0x0, 0x0, 0x83,
    0xa, 0x0, 0x5, 0xa5, 0x0, 0x6, 0xa4, 0x0,
    0x28, 0xb, 0x0, 0x27, 0x18, 0x10, 0x36, 0x18,
    0x0, 0xb, 0xb, 0x0, 0x0, 0x0, 0x0, 0x0,
    0x0, 0x0, 0xb, 0xb, 0x0, 0x0, 0x0, 0x0,
    0x0, 0x0, 0x0, 0xb, 0xb, 0x0, 0x0, 0x0,
    0x0, 0x0, 0x0, 0x0, 0x29, 0x7, 0x40, 0x0,
    0xb5, 0x0, 0x16, 0xa0, 0x0, 0x74, 0x1, 0xb0,
    0x0, 0x6, 0xaa, 0x95, 0x0, 0x0, 0xb0, 0x0,
    0x76, 0x0, 0x0, 0x0, 0x0, 0x0, 0x9, 0x40,
    0x0, 0x9, 0x60, 0x0, 0x0, 0x0, 0x0, 0x87,
    0x0, 0x0, 0x0, 0x7b, 0x40, 0x0, 0x0, 0x5b,
    0x50, 0x0, 0x0, 0x0, 0x1, 0x7b, 0xbb, 0xba,
    0x60, 0x0, 0x0,

    /* U+1F608 "😈" */
    0x6, 0x10, 0x0, 0x0, 0x0, 0x0, 0x0, 0x0,
    0x0, 0x6, 0x10, 0xbb, 0x20, 0x1, 0x8b, 0xba,
    0xbb, 0x93, 0x0, 0xa, 0x95, 0xa, 0x1a, 0x77,
    0xa3, 0x0, 0x0, 0x2, 0x9a, 0x5b, 0x35, 0x50,
    0xb0, 0x4, 0x50, 0x0, 0x0, 0x0, 0x0, 0x26,
    0x0, 0x83, 0xa, 0x10, 0x0, 0x0, 0x0, 0x0,
    0x0, 0x0, 0x0, 0xb, 0x0, 0x66, 0x0, 0x0,
    0x0, 0x0, 0x0, 0x0, 0x0, 0x1, 0xa0, 0x0,
    0xb0, 0x0, 0x0, 0x0, 0x0, 0x0, 0x0, 0x0,
    0x75, 0x0, 0x29, 0x0, 0x0, 0x0, 0x0, 0x0,
    0x0, 0x0, 0x4, 0x60, 0x6, 0x50, 0x0, 0x71,
    0x0, 0x0, 0x0, 0x63, 0x0, 0x1a, 0x0, 0x73,
    0x0, 0x3, 0xe8, 0x0, 0x5, 0xe6, 0x0, 0x0,
    0xb0, 0x7, 0x40, 0x0, 0x2f, 0xf2, 0x0, 0xdf,
    0x70, 0x0, 0xb, 0x0, 0x56, 0x0, 0x0, 0xa8,
    0x0, 0x4, 0xc2, 0x0, 0x1, 0x90, 0x1, 0xa0,
    0x0, 0x0, 0x0, 0x0, 0x0, 0x0, 0x0, 0x65,
    0x0, 0xb, 0x10, 0x0, 0x54, 0x0, 0x2, 0x70,
    0x0, 0xb, 0x0, 0x0, 0x39, 0x0, 0x0, 0x8b,
    0x9b, 0xa1, 0x0, 0x5, 0x70, 0x0, 0x0, 0x86,
    0x0, 0x0, 0x1, 0x0, 0x0, 0x2, 0xb0, 0x0,
    0x0, 0x0, 0x98, 0x0, 0x0, 0x0, 0x0, 0x4,
    0xb1, 0x0, 0x0, 0x0, 0x0, 0x5b, 0x50, 0x0,
    0x0, 0x4a, 0x80, 0x0, 0x0, 0x0, 0x0, 0x0,
    0x6, 0xab, 0xbb, 0xb7, 0x10, 0x0, 0x0, 0x0,

    /* U+1F609 "😉" */
    0x0, 0x0, 0x0, 0x0, 0x0, 0x0, 0x0, 0x0,
    0x0, 0x0, 0x0, 0x0, 0x28, 0xbb, 0xab, 0xb8,
    0x20, 0x0, 0x0, 0x0, 0x0, 0x9a, 0x30, 0x0,
    0x0, 0x3a, 0x90, 0x0, 0x0, 0x1, 0xb4, 0x0,
    0x0, 0x0, 0x0, 0x4, 0xb1, 0x0, 0x0, 0xb2,
    0x2, 0x40, 0x0, 0x0, 0x0, 0x3, 0xb0, 0x0,
    0x75, 0x7, 0x92, 0x0, 0x0, 0x0, 0x0, 0x5,
    0x70, 0xb, 0x1, 0x70, 0x0, 0x0, 0x0, 0x0,
    0x0, 0xb, 0x5, 0x60, 0x0, 0x27, 0x0, 0x0,
    0x1, 0x85, 0x0, 0x65, 0x92, 0x0, 0xb, 0xf5,
    0x0, 0x3, 0xb3, 0x0, 0x2, 0x8a, 0x0, 0x0,
    0x8f, 0x30, 0x0, 0x9b, 0xb5, 0x0, 0xa, 0xa0,
    0x0, 0x0, 0x0, 0x0, 0x0, 0x0, 0x10, 0x0,
    0xa8, 0x20, 0x0, 0x0, 0x0, 0x0, 0x0, 0x0,
    0x0, 0x28, 0x46, 0x0, 0x1, 0x0, 0x0, 0x0,
    0x1, 0x0, 0x7, 0x40, 0xb0, 0x0, 0x3c, 0x61,
    0x2, 0x7c, 0x30, 0x0, 0xb0, 0x6, 0x60, 0x0,
    0x5, 0x9a, 0x95, 0x0, 0x0, 0x66, 0x0, 0xa,
    0x30, 0x0, 0x0, 0x0, 0x0, 0x0, 0x4a, 0x0,
    0x0, 0xb, 0x50, 0x0, 0x0, 0x0, 0x0, 0x5b,
    0x0, 0x0, 0x0, 0x8, 0xb4, 0x0, 0x0, 0x4,
    0xb7, 0x0, 0x0, 0x0, 0x0, 0x1, 0x7b, 0xbb,
    0xbb, 0x71, 0x0, 0x0, 0x0,

    /* U+1F60A "😊" */
    0x0, 0x0, 0x0, 0x0, 0x0, 0x0, 0x0, 0x0,
    0x0, 0x0, 0x0, 0x0, 0x28, 0xbb, 0xab, 0xb8,
    0x20, 0x0, 0x0, 0x0, 0x0, 0x9a, 0x30, 0x0,
    0x0, 0x3a, 0x90, 0x0, 0x0, 0x1, 0xb4, 0x0,
    0x0, 0x0, 0x0, 0x4, 0xb1, 0x0, 0x0, 0xb2,
    0x0, 0x0, 0x0, 0x0, 0x0, 0x3, 0xb0, 0x0,
    0x75, 0x0, 0x0, 0x0, 0x0, 0x0, 0x0, 0x5,
    0x70, 0xb, 0x0, 0x0, 0x0, 0x0, 0x0, 0x0,
    0x0, 0xb, 0x5, 0x60, 0x0, 0x8b, 0x60, 0x0,
    0x6b, 0x80, 0x0, 0x65, 0x92, 0x0, 0x47, 0xa,
    0x10, 0x1a, 0x7, 0x40, 0x2, 0x8a, 0x0, 0x0,
    0x0, 0x0, 0x0, 0x0, 0x0, 0x0, 0xa, 0xa0,
    0x1, 0x35, 0x40, 0x0, 0x0, 0x23, 0x53, 0x0,
    0xa8, 0x20, 0x57, 0x52, 0x0, 0x0, 0x6, 0x75,
    0x0, 0x28, 0x46, 0x0, 0x0, 0x0, 0x0, 0x0,
    0x0, 0x0, 0x7, 0x40, 0xb0, 0x0, 0x8, 0x61,
    0x1, 0x68, 0x0, 0x0, 0xb0, 0x6, 0x60, 0x0,
    0x5, 0x9b, 0x95, 0x0, 0x0, 0x66, 0x0, 0xa,
    0x30, 0x0, 0x0, 0x0, 0x0, 0x0, 0x4a, 0x0,
    0x0, 0xb, 0x50, 0x0, 0x0, 0x0, 0x0, 0x5b,
    0x0, 0x0, 0x0, 0x8, 0xb4, 0x0, 0x0, 0x4,
    0xb7, 0x0, 0x0, 0x0, 0x0, 0x1, 0x7b, 0xbb,
    0xbb, 0x71, 0x0, 0x0, 0x0,

    /* U+1F60B "😋" */
    0x0, 0x0, 0x0, 0x0, 0x0, 0x0, 0x0, 0x0,
    0x0, 0x0, 0x0, 0x0, 0x29, 0xbb, 0xab, 0xb8,
    0x10, 0x0, 0x0, 0x0, 0x0, 0x99, 0x20, 0x0,
    0x0, 0x3a, 0x80, 0x0, 0x0, 0x1, 0xb3, 0x0,
    0x0, 0x0, 0x0, 0x5, 0xa0, 0x0, 0x0, 0xb2,
    0x0, 0x0, 0x0, 0x0, 0x0, 0x4, 0xa0, 0x0,
    0x75, 0x0, 0x0, 0x0, 0x0, 0x0, 0x0, 0x7,
    0x50, 0xb, 0x0, 0x0, 0x0, 0x0, 0x0, 0x0,
    0x0, 0xb, 0x5, 0x60, 0x5, 0xcc, 0x40, 0x0,
    0x6c, 0xb3, 0x0, 0x82, 0x92, 0x0, 0x70, 0x7,
    0x0, 0x7, 0x0, 0x60, 0x4, 0x6a, 0x0, 0x0,
    0x0, 0x0, 0x0, 0x0, 0x0, 0x0, 0x28, 0xa0,
    0x10, 0x0, 0x0, 0x0, 0x0, 0x0, 0x0, 0x2,
    0x89, 0x27, 0x50, 0x0, 0x0, 0x0, 0x0, 0x0,
    0x84, 0x46, 0x56, 0xb, 0x10, 0x0, 0x0, 0x0,
    0x0, 0x3f, 0x19, 0x20, 0xb0, 0x2b, 0x20, 0x0,
    0x0, 0x0, 0x3b, 0x4c, 0xc0, 0x7, 0x60, 0x1b,
    0x71, 0x0, 0x2, 0x9f, 0x20, 0x4b, 0x0, 0xb,
    0x30, 0x4, 0x9b, 0xbf, 0xb3, 0x28, 0x0, 0xb0,
    0x0, 0x1b, 0x50, 0x0, 0x0, 0x1c, 0x20, 0x0,
    0xb, 0x0, 0x0, 0x8, 0xb4, 0x0, 0x0, 0x2f,
    0x40, 0x8, 0x60, 0x0, 0x0, 0x1, 0x7b, 0xbb,
    0xba, 0x7a, 0xbb, 0x70, 0x0,

    /* U+1F60C "😌" */
    0x0, 0x0, 0x0, 0x0, 0x0, 0x0, 0x0, 0x0,
    0x0, 0x0, 0x0, 0x0, 0x28, 0xbb, 0xab, 0xb8,
    0x20, 0x0, 0x0, 0x0, 0x0, 0x9a, 0x30, 0x0,
    0x0, 0x3a, 0x90, 0x0, 0x0, 0x1, 0xb4, 0x0,
    0x0, 0x0, 0x0, 0x4, 0xb1, 0x0, 0x0, 0xb2,
    0x0, 0x0, 0x0, 0x0, 0x0, 0x3, 0xb0, 0x0,
    0x75, 0x6, 0x94, 0x0, 0x0, 0x4, 0x96, 0x5,
    0x70, 0xb, 0x6, 0x40, 0x0, 0x0, 0x0, 0x0,
    0x46, 0xb, 0x5, 0x60, 0x0, 0x0, 0x0, 0x0,
    0x0, 0x0, 0x0, 0x65, 0x92, 0x0, 0x20, 0x2,
    0x0, 0x2, 0x0, 0x20, 0x2, 0x8a, 0x0, 0x7,
    0x99, 0x60, 0x0, 0x69, 0x97, 0x0, 0xa, 0xa0,
    0x0, 0x0, 0x0, 0x0, 0x0, 0x0, 0x0, 0x0,
    0xa8, 0x20, 0x0, 0x0, 0x0, 0x0, 0x0, 0x0,
    0x0, 0x28, 0x46, 0x0, 0x0, 0x0, 0x0, 0x0,
    0x0, 0x0, 0x7, 0x40, 0xb0, 0x0, 0x0, 0x0,
    0x0, 0x0, 0x0, 0x0, 0xb0, 0x6, 0x60, 0x0,
    0x3c, 0x30, 0x3c, 0x20, 0x0, 0x66, 0x0, 0xa,
    0x30, 0x0, 0x17, 0x97, 0x10, 0x0, 0x4a, 0x0,
    0x0, 0xb, 0x50, 0x0, 0x0, 0x0, 0x0, 0x5b,
    0x0, 0x0, 0x0, 0x8, 0xb4, 0x0, 0x0, 0x4,
    0xb7, 0x0, 0x0, 0x0, 0x0, 0x1, 0x7b, 0xbb,
    0xbb, 0x71, 0x0, 0x0, 0x0,

    /* U+1F60D "😍" */
    0x0, 0x0, 0x0, 0x0, 0x0, 0x0, 0x0, 0x0,
    0x0, 0x0, 0x0, 0x0, 0x28, 0xbb, 0xab, 0xb8,
    0x20, 0x0, 0x0, 0x0, 0x0, 0x9a, 0x30, 0x0,
    0x0, 0x3a, 0x90, 0x0, 0x0, 0x1, 0xb4, 0x0,
    0x0, 0x0, 0x0, 0x4, 0xb1, 0x0, 0x0, 0xb2,
    0x0, 0x0, 0x0, 0x0, 0x0, 0x3, 0xb0, 0x0,
    0x75, 0x0, 0x39, 0x50, 0x0, 0x59, 0x30, 0x5,
    0x70, 0xb, 0x3e, 0xff, 0xff, 0x10, 0x1f, 0xff,
    0xfe, 0x3b, 0x5, 0x68, 0xff, 0xff, 0xf2, 0x3,
    0xff, 0xff, 0xf8, 0x65, 0x92, 0x5f, 0xff, 0xfe,
    0x0, 0xe, 0xff, 0xff, 0x52, 0x8a, 0x0, 0xaf,
    0xff, 0x50, 0x0, 0x5f, 0xff, 0x90, 0xa, 0xa0,
    0x0, 0x4a, 0x70, 0x0, 0x0, 0x79, 0x40, 0x0,
    0xa8, 0x20, 0x0, 0x0, 0x0, 0x0, 0x0, 0x0,
    0x0, 0x28, 0x46, 0x0, 0x0, 0x5, 0x53, 0x46,
    0x0, 0x0, 0x7, 0x40, 0xb0, 0x0, 0x1, 0xff,
    0xff, 0xf5, 0x0, 0x0, 0xb0, 0x6, 0x60, 0x0,
    0xb, 0xff, 0xfd, 0x10, 0x0, 0x66, 0x0, 0xa,
    0x30, 0x0, 0x5, 0x87, 0x0, 0x0, 0x4a, 0x0,
    0x0, 0xb, 0x50, 0x0, 0x0, 0x0, 0x0, 0x5b,
    0x0, 0x0, 0x0, 0x8, 0xb4, 0x0, 0x0, 0x4,
    0xb7, 0x0, 0x0, 0x0, 0x0, 0x1, 0x7b, 0xbb,
    0xbb, 0x71, 0x0, 0x0, 0x0,

    /* U+1F60E "😎" */
    0x0, 0x0, 0x0, 0x0, 0x0, 0x0, 0x0, 0x0,
    0x0, 0x0, 0x0, 0x0, 0x29, 0xbb, 0xab, 0xb8,
    0x10, 0x0, 0x0, 0x0, 0x0, 0x99, 0x20, 0x0,
    0x0, 0x3a, 0x80, 0x0, 0x0, 0x1, 0xb3, 0x0,
    0x0, 0x0, 0x0, 0x5, 0xa0, 0x0, 0x0, 0xb2,
    0x0, 0x0, 0x0, 0x0, 0x0, 0x4, 0xa0, 0x2,
    0xba, 0x54, 0x43, 0x21, 0x11, 0x23, 0x44, 0x5c,
    0x92, 0xff, 0xfd, 0xff, 0xff, 0xff, 0xff, 0xef,
    0xff, 0xff, 0xdc, 0xfc, 0x7f, 0xff, 0xfc, 0x5e,
    0xf4, 0xff, 0xff, 0xf7, 0xdf, 0xcf, 0xff, 0xff,
    0x40, 0x6f, 0xcf, 0xff, 0xff, 0x8c, 0xff, 0xff,
    0xff, 0xe0, 0x1, 0xff, 0xff, 0xff, 0xf8, 0xab,
    0xff, 0xff, 0xf6, 0x0, 0x8, 0xff, 0xff, 0xfc,
    0x89, 0x27, 0xab, 0x93, 0x0, 0x0, 0x5, 0xab,
    0xa6, 0x56, 0x56, 0x0, 0x1, 0x0, 0x0, 0x0,
    0x10, 0x0, 0x9, 0x20, 0xb0, 0x0, 0x3c, 0x61,
    0x2, 0x7b, 0x20, 0x0, 0xb0, 0x7, 0x60, 0x0,
    0x5, 0x9a, 0x94, 0x0, 0x0, 0x84, 0x0, 0xb,
    0x30, 0x0, 0x0, 0x0, 0x0, 0x0, 0x59, 0x0,
    0x0, 0x1b, 0x50, 0x0, 0x0, 0x0, 0x0, 0x7a,
    0x0, 0x0, 0x0, 0x8, 0xb4, 0x0, 0x0, 0x5,
    0xb6, 0x0, 0x0, 0x0, 0x0, 0x1, 0x7b, 0xbb,
    0xba, 0x61, 0x0, 0x0, 0x0,

    /* U+1F60F "😏" */
    0x0, 0x0, 0x0, 0x0, 0x0, 0x0, 0x0, 0x0,
    0x0, 0x0, 0x0, 0x0, 0x28, 0xbb, 0xab, 0xb8,
    0x20, 0x0, 0x0, 0x0, 0x0, 0x9a, 0x30, 0x0,
    0x0, 0x3a, 0x90, 0x0, 0x0, 0x1, 0xb4, 0x0,
    0x0, 0x0, 0x0, 0x4, 0xb1, 0x0, 0x0, 0xb2,
    0x0, 0x0, 0x0, 0x0, 0x0, 0x3, 0xb0, 0x0,
    0x75, 0x0, 0x0, 0x0, 0x0, 0x0, 0x0, 0x5,
    0x70, 0xb, 0x2, 0x97, 0x0, 0x0, 0x0, 0x9,
    0x81, 0xb, 0x5, 0x62, 0x80, 0x0, 0x0, 0x0,
    0x0, 0x1, 0x91, 0x65, 0x92, 0x0, 0x4, 0x30,
    0x0, 0x0, 0x24, 0x10, 0x2, 0x8a, 0x0, 0x9,
    0xdf, 0x40, 0x0, 0x49, 0xfd, 0x0, 0xa, 0xa0,
    0x0, 0x6, 0xc1, 0x0, 0x0, 0xb, 0x90, 0x0,
    0xa8, 0x20, 0x0, 0x0, 0x0, 0x0, 0x0, 0x0,
    0x0, 0x28, 0x46, 0x0, 0x0, 0x0, 0x0, 0x0,
    0x0, 0x0, 0x7, 0x40, 0xb0, 0x0, 0x0, 0x0,
    0x0, 0x9, 0x10, 0x0, 0xb0, 0x6, 0x60, 0x0,
    0x0, 0x0, 0x5, 0xa0, 0x0, 0x66, 0x0, 0xa,
    0x30, 0x4, 0xbb, 0xba, 0x70, 0x0, 0x4a, 0x0,
    0x0, 0xb, 0x50, 0x0, 0x0, 0x0, 0x0, 0x5b,
    0x0, 0x0, 0x0, 0x8, 0xb4, 0x0, 0x0, 0x4,
    0xb7, 0x0, 0x0, 0x0, 0x0, 0x1, 0x7b, 0xbb,
    0xbb, 0x71, 0x0, 0x0, 0x0,

    /* U+1F610 "😐" */
    0x0, 0x0, 0x0, 0x0, 0x0, 0x0, 0x0, 0x0,
    0x0, 0x0, 0x0, 0x0, 0x28, 0xbb, 0xab, 0xb8,
    0x20, 0x0, 0x0, 0x0, 0x0, 0x9a, 0x30, 0x0,
    0x0, 0x3a, 0x90, 0x0, 0x0, 0x1, 0xb4, 0x0,
    0x0, 0x0, 0x0, 0x4, 0xb1, 0x0, 0x0, 0xb2,
    0x0, 0x0, 0x0, 0x0, 0x0, 0x3, 0xb0, 0x0,
    0x75, 0x0, 0x0, 0x0, 0x0, 0x0, 0x0, 0x5,
    0x70, 0xb, 0x0, 0x0, 0x0, 0x0, 0x0, 0x0,
    0x0, 0xb, 0x5, 0x60, 0x0, 0x28, 0x0, 0x0,
    0x8, 0x20, 0x0, 0x65, 0x92, 0x0, 0xb, 0xf6,
    0x0, 0x6, 0xfb, 0x0, 0x2, 0x8a, 0x0, 0x0,
    0x7e, 0x20, 0x0, 0x2e, 0x70, 0x0, 0xa, 0xa0,
    0x0, 0x0, 0x0, 0x0, 0x0, 0x0, 0x0, 0x0,
    0xa8, 0x20, 0x0, 0x0, 0x0, 0x0, 0x0, 0x0,
    0x0, 0x28, 0x46, 0x0, 0x0, 0x0, 0x0, 0x0,
    0x0, 0x0, 0x7, 0x40, 0xb0, 0x0, 0x7b, 0xbb,
    0xbb, 0xbb, 0x70, 0x0, 0xb0, 0x6, 0x60, 0x0,
    0x0, 0x0, 0x0, 0x0, 0x0, 0x66, 0x0, 0xa,
    0x30, 0x0, 0x0, 0x0, 0x0, 0x0, 0x4a, 0x0,
    0x0, 0xb, 0x50, 0x0, 0x0, 0x0, 0x0, 0x5b,
    0x0, 0x0, 0x0, 0x8, 0xb4, 0x0, 0x0, 0x4,
    0xb7, 0x0, 0x0, 0x0, 0x0, 0x1, 0x7b, 0xbb,
    0xbb, 0x71, 0x0, 0x0, 0x0,

    /* U+1F611 "😑" */
    0x0, 0x0, 0x0, 0x0, 0x0, 0x0, 0x0, 0x0,
    0x0, 0x0, 0x0, 0x0, 0x28, 0xbb, 0xab, 0xb8,
    0x20, 0x0, 0x0, 0x0, 0x0, 0x9a, 0x30, 0x0,
    0x0, 0x3a, 0x90, 0x0, 0x0, 0x1, 0xb4, 0x0,
    0x0, 0x0, 0x0, 0x4, 0xb1, 0x0, 0x0, 0xb2,
    0x0, 0x0, 0x0, 0x0, 0x0, 0x3, 0xb0, 0x0,
    0x75, 0x0, 0x0, 0x0, 0x0, 0x0, 0x0, 0x5,
    0x70, 0xb, 0x0, 0x0, 0x0, 0x0, 0x0, 0x0,
    0x0, 0xb, 0x5, 0x60, 0x0, 0x0, 0x0, 0x0,
    0x0, 0x0, 0x0, 0x65, 0x92, 0x0, 0x3b, 0xba,
    0x0, 0xa, 0xbb, 0x30, 0x2, 0x8a, 0x0, 0x0,
    0x0, 0x0, 0x0, 0x0, 0x0, 0x0, 0xa, 0xa0,
    0x0, 0x0, 0x0, 0x0, 0x0, 0x0, 0x0, 0x0,
    0xa8, 0x20, 0x0, 0x0, 0x0, 0x0, 0x0, 0x0,
    0x0, 0x28, 0x46, 0x0, 0x0, 0x0, 0x0, 0x0,
    0x0, 0x0, 0x7, 0x40, 0xb0, 0x0, 0xbb, 0xbb,
    0xbb, 0xbb, 0xa0, 0x0, 0xb0, 0x6, 0x60, 0x0,
    0x0, 0x0, 0x0, 0x0, 0x0, 0x66, 0x0, 0xa,
    0x30, 0x0, 0x0, 0x0, 0x0, 0x0, 0x4a, 0x0,
    0x0, 0xb, 0x50, 0x0, 0x0, 0x0, 0x0, 0x5b,
    0x0, 0x0, 0x0, 0x8, 0xb4, 0x0, 0x0, 0x4,
    0xb7, 0x0, 0x0, 0x0, 0x0, 0x1, 0x7b, 0xbb,
    0xbb, 0x71, 0x0, 0x0, 0x0,

    /* U+1F612 "😒" */
    0x0, 0x0, 0x0, 0x0, 0x0, 0x0, 0x0, 0x0,
    0x0, 0x0, 0x0, 0x0, 0x28, 0xbb, 0xab, 0xb8,
    0x20, 0x0, 0x0, 0x0, 0x0, 0x9a, 0x30, 0x0,
    0x0, 0x3a, 0x90, 0x0, 0x0, 0x1, 0xb4, 0x0,
    0x0, 0x0, 0x0, 0x4, 0xb1, 0x0, 0x0, 0xb2,
    0x0, 0x0, 0x0, 0x0, 0x0, 0x3, 0xb0, 0x0,
    0x75, 0x0, 0x0, 0x0, 0x0, 0x0, 0x0, 0x5,
    0x70, 0xb, 0x1, 0x69, 0x10, 0x0, 0x0, 0x28,
    0x60, 0xb, 0x5, 0x60, 0xa3, 0x0, 0x0, 0x0,
    0x0, 0x4, 0x90, 0x65, 0x92, 0x0, 0x25, 0x30,
    0x0, 0x0, 0x35, 0x20, 0x2, 0x8a, 0x0, 0x17,
    0xcf, 0x40, 0x0, 0x46, 0xff, 0x0, 0xa, 0xa0,
    0x0, 0x5, 0xc2, 0x0, 0x0, 0x9, 0xb0, 0x0,
    0xa8, 0x20, 0x0, 0x0, 0x0, 0x0, 0x0, 0x0,
    0x0, 0x28, 0x46, 0x0, 0x0, 0x0, 0x0, 0x0,
    0x0, 0x0, 0x7, 0x40, 0xb0, 0x0, 0x0, 0x38,
    0xa7, 0x20, 0x0, 0x0, 0xb0, 0x6, 0x60, 0x0,
    0x49, 0x20, 0x3a, 0x20, 0x0, 0x66, 0x0, 0xa,
    0x30, 0x0, 0x0, 0x0, 0x0, 0x0, 0x4a, 0x0,
    0x0, 0xb, 0x50, 0x0, 0x0, 0x0, 0x0, 0x5b,
    0x0, 0x0, 0x0, 0x8, 0xb4, 0x0, 0x0, 0x4,
    0xb7, 0x0, 0x0, 0x0, 0x0, 0x1, 0x7b, 0xbb,
    0xbb, 0x71, 0x0, 0x0, 0x0,

    /* U+1F613 "😓" */
    0x0, 0x0, 0x0, 0x0, 0x0, 0x0, 0x0, 0x0,
    0x0, 0x0, 0x0, 0x64, 0x29, 0xbb, 0xab, 0xb8,
    0x20, 0x0, 0x0, 0x0, 0x2b, 0xfa, 0x20, 0x0,
    0x0, 0x3a, 0x90, 0x0, 0x0, 0xb, 0x23, 0xa0,
    0x0, 0x0, 0x0, 0x4, 0xb1, 0x0, 0x4, 0x80,
    0x9, 0x30, 0x0, 0x0, 0x0, 0x3, 0xb0, 0x0,
    0xf1, 0x0, 0x29, 0x0, 0x0, 0x0, 0x0, 0x5,
    0x70, 0x1f, 0x0, 0x0, 0xa0, 0x0, 0x0, 0x0,
    0x0, 0xb, 0x6, 0xe4, 0x0, 0x66, 0x0, 0x0,
    0x0, 0x0, 0x0, 0x65, 0x92, 0x9b, 0xb8, 0x0,
    0x0, 0x0, 0x0, 0x0, 0x2, 0x8b, 0x0, 0x0,
    0x0, 0x0, 0x0, 0x0, 0x0, 0x0, 0xa, 0xa0,
    0x0, 0x0, 0x0, 0x0, 0x0, 0x0, 0x0, 0x0,
    0xa8, 0x20, 0x1b, 0xbb, 0xa0, 0x0, 0xab, 0xbb,
    0x10, 0x28, 0x47, 0x0, 0x0, 0x0, 0x0, 0x0,
    0x0, 0x0, 0x7, 0x40, 0xb0, 0x0, 0x0, 0x0,
    0x0, 0x0, 0x0, 0x0, 0xb0, 0x6, 0x60, 0x0,
    0x6, 0xbb, 0xb6, 0x0, 0x0, 0x66, 0x0, 0xa,
    0x40, 0x3, 0x60, 0x0, 0x63, 0x0, 0x4a, 0x0,
    0x0, 0xb, 0x50, 0x0, 0x0, 0x0, 0x0, 0x5b,
    0x0, 0x0, 0x0, 0x7, 0xb4, 0x0, 0x0, 0x4,
    0xb7, 0x0, 0x0, 0x0, 0x0, 0x1, 0x7b, 0xbb,
    0xbb, 0x71, 0x0, 0x0, 0x0,

    /* U+1F614 "😔" */
    0x0, 0x0, 0x0, 0x0, 0x0, 0x0, 0x0, 0x0,
    0x0, 0x0, 0x0, 0x0, 0x28, 0xbb, 0xab, 0xb8,
    0x20, 0x0, 0x0, 0x0, 0x0, 0x9a, 0x30, 0x0,
    0x0, 0x3a, 0x90, 0x0, 0x0, 0x1, 0xb4, 0x0,
    0x0, 0x0, 0x0, 0x4, 0xb1, 0x0, 0x0, 0xb2,
    0x0, 0x0, 0x0, 0x0, 0x0, 0x3, 0xb0, 0x0,
    0x75, 0x0, 0x0, 0x0, 0x0, 0x0, 0x0, 0x5,
    0x70, 0xb, 0x0, 0x5a, 0x0, 0x0, 0x0, 0xc,
    0x30, 0xb, 0x5, 0x60, 0xb8, 0x0, 0x0, 0x0,
    0x0, 0x19, 0xa0, 0x65, 0x92, 0x0, 0x0, 0x0,
    0x0, 0x0, 0x0, 0x0, 0x2, 0x8a, 0x0, 0x0,
    0x0, 0x0, 0x0, 0x0, 0x0, 0x0, 0xa, 0xa0,
    0x1, 0x81, 0x37, 0x0, 0x8, 0x21, 0x80, 0x0,
    0xa8, 0x20, 0x4, 0xa9, 0x10, 0x0, 0x29, 0xa3,
    0x0, 0x28, 0x46, 0x0, 0x0, 0x0, 0x0, 0x0,
    0x0, 0x0, 0x7, 0x40, 0xb0, 0x0, 0x0, 0x0,
    0x0, 0x0, 0x0, 0x0, 0xb0, 0x6, 0x60, 0x0,
    0x8, 0x99, 0x96, 0x0, 0x0, 0x66, 0x0, 0xa,
    0x30, 0x0, 0x12, 0x22, 0x10, 0x0, 0x4a, 0x0,
    0x0, 0xb, 0x50, 0x0, 0x0, 0x0, 0x0, 0x5b,
    0x0, 0x0, 0x0, 0x8, 0xb4, 0x0, 0x0, 0x4,
    0xb7, 0x0, 0x0, 0x0, 0x0, 0x1, 0x7b, 0xbb,
    0xbb, 0x71, 0x0, 0x0, 0x0,

    /* U+1F615 "😕" */
    0x0, 0x0, 0x0, 0x0, 0x0, 0x0, 0x0, 0x0,
    0x0, 0x0, 0x0, 0x0, 0x28, 0xbb, 0xab, 0xb8,
    0x20, 0x0, 0x0, 0x0, 0x0, 0x9a, 0x30, 0x0,
    0x0, 0x3a, 0x90, 0x0, 0x0, 0x1, 0xb4, 0x0,
    0x0, 0x0, 0x0, 0x4, 0xb1, 0x0, 0x0, 0xb2,
    0x0, 0x0, 0x0, 0x0, 0x0, 0x3, 0xb0, 0x0,
    0x75, 0x0, 0x0, 0x0, 0x0, 0x0, 0x0, 0x5,
    0x70, 0xb, 0x0, 0x2, 0x60, 0x0, 0x0, 0x62,
    0x0, 0xb, 0x5, 0x60, 0x0, 0xaf, 0x50, 0x0,
    0x5f, 0xa0, 0x0, 0x65, 0x92, 0x0, 0x8, 0xf3,
    0x0, 0x3, 0xf8, 0x0, 0x2, 0x8a, 0x0, 0x0,
    0x1, 0x0, 0x0, 0x1, 0x0, 0x0, 0xa, 0xa0,
    0x0, 0x0, 0x0, 0x0, 0x0, 0x0, 0x0, 0x0,
    0xa8, 0x20, 0x0, 0x0, 0x0, 0x0, 0x0, 0x0,
    0x0, 0x28, 0x46, 0x0, 0x0, 0x5, 0xab, 0xbb,
    0xa4, 0x0, 0x7, 0x40, 0xb0, 0x0, 0x1b, 0x70,
    0x0, 0x0, 0x20, 0x0, 0xb0, 0x6, 0x60, 0x4,
    0x30, 0x0, 0x0, 0x0, 0x0, 0x66, 0x0, 0xa,
    0x30, 0x0, 0x0, 0x0, 0x0, 0x0, 0x4a, 0x0,
    0x0, 0xb, 0x50, 0x0, 0x0, 0x0, 0x0, 0x5b,
    0x0, 0x0, 0x0, 0x8, 0xb4, 0x0, 0x0, 0x4,
    0xb7, 0x0, 0x0, 0x0, 0x0, 0x1, 0x7b, 0xbb,
    0xbb, 0x71, 0x0, 0x0, 0x0,

    /* U+1F616 "😖" */
    0x0, 0x0, 0x0, 0x0, 0x0, 0x0, 0x0, 0x0,
    0x0, 0x0, 0x0, 0x0, 0x28, 0xbb, 0xab, 0xb8,
    0x20, 0x0, 0x0, 0x0, 0x0, 0x9a, 0x30, 0x0,
    0x0, 0x3a, 0x90, 0x0, 0x0, 0x1, 0xb4, 0x0,
    0x0, 0x0, 0x0, 0x4, 0xb1, 0x0, 0x0, 0xb2,
    0x0, 0x0, 0x0, 0x0, 0x0, 0x3, 0xb0, 0x0,
    0x75, 0x0, 0x0, 0x0, 0x0, 0x0, 0x0, 0x5,
    0x70, 0xb, 0x0, 0x0, 0x0, 0x0, 0x0, 0x0,
    0x0, 0xb, 0x5, 0x60, 0x0, 0x0, 0x0, 0x0,
    0x0, 0x0, 0x0, 0x65, 0x92, 0x0, 0x50, 0x0,
    0x0, 0x0, 0x0, 0x50, 0x2, 0x8a, 0x0, 0x5,
    0xb6, 0x0, 0x0, 0x6, 0xb4, 0x0, 0xa, 0xa0,
    0x0, 0x1, 0xbd, 0x20, 0x2d, 0xb0, 0x0, 0x0,
    0xa8, 0x20, 0xa, 0xa6, 0x10, 0x0, 0x16, 0xba,
    0x0, 0x28, 0x46, 0x0, 0x0, 0x0, 0x0, 0x0,
    0x0, 0x0, 0x7, 0x40, 0xb0, 0x0, 0x0, 0x22,
    0x2, 0x10, 0x0, 0x0, 0xb0, 0x6, 0x60, 0xa,
    0x4b, 0xb5, 0xbb, 0x4a, 0x0, 0x66, 0x0, 0xa,
    0x30, 0x3a, 0x11, 0xa1, 0x1a, 0x20, 0x4a, 0x0,
    0x0, 0xb, 0x50, 0x0, 0x0, 0x0, 0x0, 0x5b,
    0x0, 0x0, 0x0, 0x8, 0xb4, 0x0, 0x0, 0x4,
    0xb7, 0x0, 0x0, 0x0, 0x0, 0x1, 0x7b, 0xbb,
    0xbb, 0x71, 0x0, 0x0, 0x0,

    /* U+1F617 "😗" */
    0x0, 0x0, 0x0, 0x0, 0x0, 0x0, 0x0, 0x0,
    0x0, 0x0, 0x0, 0x0, 0x28, 0xbb, 0xab, 0xb8,
    0x20, 0x0, 0x0, 0x0, 0x0, 0x9a, 0x30, 0x0,
    0x0, 0x3a, 0x90, 0x0, 0x0, 0x1, 0xb4, 0x0,
    0x0, 0x0, 0x0, 0x4, 0xb1, 0x0, 0x0, 0xb2,
    0x0, 0x0, 0x0, 0x0, 0x0, 0x3, 0xb0, 0x0,
    0x75, 0x0, 0x0, 0x0, 0x0, 0x0, 0x0, 0x5,
    0x70, 0xb, 0x0, 0x2, 0x60, 0x0, 0x1, 0x71,
    0x0, 0xb, 0x5, 0x60, 0x0, 0xcf, 0x40, 0x0,
    0x8f, 0x90, 0x0, 0x65, 0x92, 0x0, 0xa, 0xf2,
    0x0, 0x6, 0xf6, 0x0, 0x2, 0x8a, 0x0, 0x0,
    0x1, 0x0, 0x0, 0x1, 0x0, 0x0, 0xa, 0xa0,
    0x0, 0x0, 0x0, 0x0, 0x0, 0x0, 0x0, 0x0,
    0xa8, 0x20, 0x0, 0x0, 0x0, 0x88, 0x0, 0x0,
    0x0, 0x28, 0x46, 0x0, 0x0, 0x0, 0x0, 0xc0,
    0x0, 0x0, 0x7, 0x40, 0xb0, 0x0, 0x0, 0x0,
    0x3c, 0x0, 0x0, 0x0, 0xb0, 0x6, 0x60, 0x0,
    0x0, 0x1, 0xc0, 0x0, 0x0, 0x66, 0x0, 0xa,
    0x30, 0x0, 0x0, 0x74, 0x0, 0x0, 0x4a, 0x0,
    0x0, 0xb, 0x50, 0x0, 0x0, 0x0, 0x0, 0x5b,
    0x0, 0x0, 0x0, 0x8, 0xb4, 0x0, 0x0, 0x4,
    0xb7, 0x0, 0x0, 0x0, 0x0, 0x1, 0x7b, 0xbb,
    0xbb, 0x71, 0x0, 0x0, 0x0,

    /* U+1F618 "😘" */
    0x0, 0x0, 0x0, 0x0, 0x0, 0x0, 0x0, 0x0,
    0x0, 0x0, 0x0, 0x0, 0x28, 0xbb, 0xab, 0xb8,
    0x20, 0x0, 0x0, 0x0, 0x0, 0x9a, 0x30, 0x0,
    0x0, 0x2a, 0x90, 0x0, 0x0, 0x1, 0xb4, 0x0,
    0x0, 0x0, 0x0, 0x4, 0xb1, 0x0, 0x0, 0xb2,
    0x18, 0x30, 0x0, 0x0, 0x0, 0x2, 0xb0, 0x0,
    0x75, 0x1b, 0x30, 0x0, 0x0, 0x0, 0x0, 0x5,
    0x70, 0xb, 0x2, 0x12, 0x60, 0x0, 0x0, 0x29,
    0x20, 0xb, 0x5, 0x60, 0x0, 0xcf, 0x40, 0x0,
    0x6b, 0x20, 0x0, 0x65, 0x92, 0x0, 0xa, 0xf2,
    0x0, 0x1c, 0xba, 0x30, 0x2, 0x9a, 0x0, 0x0,
    0x1, 0x0, 0x0, 0x0, 0x11, 0x0, 0xa, 0xa0,
    0x0, 0x0, 0x0, 0x0, 0x0, 0x2, 0x95, 0x0,
    0xa9, 0x20, 0x0, 0x0, 0x0, 0x98, 0x0, 0xbf,
    0xf4, 0x23, 0x56, 0x0, 0x0, 0x0, 0x0, 0xc0,
    0xd, 0xff, 0xff, 0x30, 0xb0, 0x0, 0x0, 0x0,
    0x4c, 0x0, 0xbf, 0xff, 0xf6, 0x7, 0x60, 0x0,
    0x0, 0x1, 0xc0, 0xb, 0xff, 0xfe, 0x10, 0xb,
    0x30, 0x0, 0x0, 0x84, 0x0, 0x7a, 0xa7, 0x10,
    0x0, 0x1b, 0x50, 0x0, 0x0, 0x0, 0x0, 0x64,
    0x0, 0x0, 0x0, 0x8, 0xb4, 0x0, 0x0, 0x5,
    0xb6, 0x0, 0x0, 0x0, 0x0, 0x1, 0x7b, 0xbb,
    0xba, 0x60, 0x0, 0x0, 0x0,

    /* U+1F619 "😙" */
    0x0, 0x0, 0x0, 0x0, 0x0, 0x0, 0x0, 0x0,
    0x0, 0x0, 0x0, 0x0, 0x28, 0xbb, 0xab, 0xb8,
    0x20, 0x0, 0x0, 0x0, 0x0, 0x9a, 0x30, 0x0,
    0x0, 0x3a, 0x90, 0x0, 0x0, 0x1, 0xb4, 0x0,
    0x0, 0x0, 0x0, 0x4, 0xb1, 0x0, 0x0, 0xb2,
    0x0, 0x0, 0x0, 0x0, 0x0, 0x3, 0xb0, 0x0,
    0x75, 0x0, 0x0, 0x0, 0x0, 0x0, 0x0, 0x5,
    0x70, 0xb, 0x0, 0x0, 0x0, 0x0, 0x0, 0x0,
    0x0, 0xb, 0x5, 0x60, 0x0, 0x6a, 0x40, 0x0,
    0x5a, 0x50, 0x0, 0x65, 0x92, 0x0, 0x39, 0xb,
    0x20, 0x3a, 0xa, 0x20, 0x2, 0x8a, 0x0, 0x0,
    0x0, 0x10, 0x0, 0x0, 0x10, 0x0, 0xa, 0xa0,
    0x0, 0x0, 0x0, 0x0, 0x0, 0x0, 0x0, 0x0,
    0xa8, 0x20, 0x0, 0x0, 0x0, 0x86, 0x0, 0x0,
    0x0, 0x28, 0x46, 0x0, 0x0, 0x0, 0x0, 0xc0,
    0x0, 0x0, 0x7, 0x40, 0xb0, 0x0, 0x0, 0x0,
    0x4c, 0x0, 0x0, 0x0, 0xb0, 0x6, 0x60, 0x0,
    0x0, 0x0, 0xb0, 0x0, 0x0, 0x66, 0x0, 0xa,
    0x30, 0x0, 0x0, 0x96, 0x0, 0x0, 0x4a, 0x0,
    0x0, 0xb, 0x50, 0x0, 0x0, 0x0, 0x0, 0x5b,
    0x0, 0x0, 0x0, 0x8, 0xb4, 0x0, 0x0, 0x4,
    0xb7, 0x0, 0x0, 0x0, 0x0, 0x1, 0x7b, 0xbb,
    0xbb, 0x71, 0x0, 0x0, 0x0,

    /* U+1F61A "😚" */
    0x0, 0x0, 0x0, 0x0, 0x0, 0x0, 0x0, 0x0,
    0x0, 0x0, 0x0, 0x0, 0x28, 0xbb, 0xab, 0xb8,
    0x20, 0x0, 0x0, 0x0, 0x0, 0x9a, 0x30, 0x0,
    0x0, 0x3a, 0x90, 0x0, 0x0, 0x1, 0xb4, 0x0,
    0x0, 0x0, 0x0, 0x4, 0xb1, 0x0, 0x0, 0xb2,
    0x38, 0xa1, 0x0, 0x2, 0xa8, 0x23, 0xb0, 0x0,
    0x75, 0x19, 0x30, 0x0, 0x0, 0x0, 0x3a, 0x5,
    0x70, 0xb, 0x0, 0x0, 0x0, 0x0, 0x0, 0x0,
    0x0, 0xb, 0x5, 0x60, 0x1, 0x89, 0x30, 0x0,
    0x49, 0x81, 0x0, 0x65, 0x92, 0x0, 0x93, 0x2a,
    0x10, 0x29, 0x24, 0x80, 0x2, 0x8a, 0x0, 0x0,
    0x0, 0x0, 0x0, 0x0, 0x0, 0x0, 0xa, 0xa0,
    0x1, 0x35, 0x40, 0x0, 0x0, 0x23, 0x53, 0x0,
    0xa8, 0x20, 0x57, 0x52, 0x0, 0x86, 0x6, 0x75,
    0x0, 0x28, 0x46, 0x0, 0x0, 0x0, 0x0, 0xc0,
    0x0, 0x0, 0x7, 0x40, 0xb0, 0x0, 0x0, 0x0,
    0x4c, 0x0, 0x0, 0x0, 0xb0, 0x6, 0x60, 0x0,
    0x0, 0x0, 0xb0, 0x0, 0x0, 0x66, 0x0, 0xa,
    0x30, 0x0, 0x0, 0x96, 0x0, 0x0, 0x4a, 0x0,
    0x0, 0xb, 0x50, 0x0, 0x0, 0x0, 0x0, 0x5b,
    0x0, 0x0, 0x0, 0x8, 0xb4, 0x0, 0x0, 0x4,
    0xb7, 0x0, 0x0, 0x0, 0x0, 0x1, 0x7b, 0xbb,
    0xbb, 0x71, 0x0, 0x0, 0x0,

    /* U+1F61B "😛" */
    0x0, 0x0, 0x0, 0x0, 0x0, 0x0, 0x0, 0x0,
    0x0, 0x0, 0x0, 0x0, 0x28, 0xbb, 0xab, 0xb8,
    0x20, 0x0, 0x0, 0x0, 0x0, 0x9a, 0x30, 0x0,
    0x0, 0x3a, 0x90, 0x0, 0x0, 0x1, 0xb4, 0x0,
    0x0, 0x0, 0x0, 0x4, 0xb1, 0x0, 0x0, 0xb3,
    0x0, 0x0, 0x0, 0x0, 0x0, 0x3, 0xb0, 0x0,
    0x76, 0x0, 0x0, 0x0, 0x0, 0x0, 0x0, 0x6,
    0x60, 0xb, 0x0, 0x0, 0x0, 0x0, 0x0, 0x0,
    0x0, 0xb, 0x4, 0x60, 0x0, 0x27, 0x0, 0x0,
    0x7, 0x20, 0x0, 0x74, 0x82, 0x0, 0xb, 0xf5,
    0x0, 0x5, 0xfb, 0x0, 0x2, 0x8a, 0x0, 0x0,
    0x8f, 0x30, 0x0, 0x3f, 0x80, 0x0, 0xa, 0xa0,
    0x0, 0x0, 0x0, 0x0, 0x0, 0x0, 0x0, 0x0,
    0xa9, 0x10, 0x0, 0x0, 0x0, 0x0, 0x0, 0x0,
    0x0, 0x29, 0x55, 0x7, 0xfd, 0xfc, 0xa9, 0xac,
    0xfe, 0xf5, 0x6, 0x51, 0xb0, 0x6f, 0xff, 0x23,
    0xa3, 0x1f, 0xff, 0x40, 0xb0, 0x8, 0x40, 0xcf,
    0xf0, 0x8, 0x0, 0xff, 0xa0, 0x48, 0x0, 0xb,
    0x10, 0xaf, 0x0, 0x80, 0xf, 0x80, 0x2b, 0x0,
    0x0, 0x2b, 0x20, 0xc0, 0x5, 0x0, 0xd0, 0x2b,
    0x10, 0x0, 0x0, 0x1b, 0x7c, 0x0, 0x0, 0x1d,
    0x8a, 0x10, 0x0, 0x0, 0x0, 0x4, 0xfb, 0x31,
    0x4d, 0xd3, 0x0, 0x0, 0x0, 0x0, 0x0, 0x0,
    0x27, 0x97, 0x10, 0x0, 0x0, 0x0,

    /* U+1F61C "😜" */
    0x0, 0x0, 0x0, 0x0, 0x0, 0x0, 0x0, 0x0,
    0x0, 0x0, 0x0, 0x0, 0x28, 0xbb, 0xab, 0xb8,
    0x20, 0x0, 0x0, 0x0, 0x0, 0x9a, 0x30, 0x0,
    0x0, 0x3a, 0x90, 0x0, 0x0, 0x1, 0xb4, 0x0,
    0x0, 0x0, 0x0, 0x4, 0xb1, 0x0, 0x0, 0xb3,
    0x0, 0x0, 0x0, 0x0, 0x0, 0x3, 0xb0, 0x0,
    0x76, 0x0, 0x0, 0x0, 0x0, 0x47, 0x30, 0x6,
    0x60, 0xb, 0x1, 0x30, 0x0, 0x0, 0x65, 0x6,
    0x60, 0xb, 0x4, 0x60, 0x18, 0xa2, 0x0, 0x8,
    0x19, 0x28, 0x0, 0x74, 0x82, 0x0, 0x38, 0xe4,
    0x0, 0x83, 0xf6, 0x80, 0x2, 0x8a, 0x0, 0x78,
    0x33, 0x20, 0x8, 0x11, 0x18, 0x0, 0xa, 0xa0,
    0x0, 0x0, 0x0, 0x0, 0x19, 0x88, 0x0, 0x0,
    0xa9, 0x10, 0x0, 0x0, 0x0, 0x0, 0x0, 0x0,
    0x0, 0x29, 0x55, 0x7, 0xfd, 0xfc, 0xa9, 0xac,
    0xfe, 0xf5, 0x6, 0x51, 0xb0, 0x6f, 0xff, 0x23,
    0xa3, 0x1f, 0xff, 0x40, 0xb0, 0x8, 0x40, 0xcf,
    0xf0, 0x8, 0x0, 0xff, 0xa0, 0x57, 0x0, 0xb,
    0x10, 0xaf, 0x0, 0x80, 0xf, 0x80, 0x2b, 0x0,
    0x0, 0x2b, 0x20, 0xc0, 0x5, 0x0, 0xc0, 0x3b,
    0x10, 0x0, 0x0, 0x1b, 0x7c, 0x0, 0x0, 0x1c,
    0x9a, 0x0, 0x0, 0x0, 0x0, 0x4, 0xfb, 0x31,
    0x4d, 0xc3, 0x0, 0x0, 0x0, 0x0, 0x0, 0x0,
    0x27, 0x97, 0x10, 0x0, 0x0, 0x0,

    /* U+1F61D "😝" */
    0x0, 0x0, 0x0, 0x0, 0x0, 0x0, 0x0, 0x0,
    0x0, 0x0, 0x0, 0x0, 0x28, 0xbb, 0xab, 0xb8,
    0x20, 0x0, 0x0, 0x0, 0x0, 0x9a, 0x30, 0x0,
    0x0, 0x3a, 0x90, 0x0, 0x0, 0x1, 0xb4, 0x0,
    0x0, 0x0, 0x0, 0x4, 0xb1, 0x0, 0x0, 0xb3,
    0x0, 0x0, 0x0, 0x0, 0x0, 0x3, 0xb0, 0x0,
    0x76, 0x0, 0x0, 0x0, 0x0, 0x0, 0x0, 0x6,
    0x60, 0xb, 0x0, 0x0, 0x0, 0x0, 0x0, 0x0,
    0x0, 0xb, 0x4, 0x60, 0xa, 0x60, 0x0, 0x0,
    0x0, 0x79, 0x0, 0x74, 0x82, 0x0, 0x6, 0xb5,
    0x0, 0x6, 0xb5, 0x0, 0x2, 0x8a, 0x0, 0x3,
    0x8b, 0x92, 0x3, 0xab, 0x72, 0x0, 0xa, 0xa0,
    0x0, 0x83, 0x0, 0x0, 0x0, 0x4, 0x80, 0x0,
    0xa9, 0x10, 0x0, 0x0, 0x0, 0x0, 0x0, 0x0,
    0x0, 0x29, 0x55, 0x7, 0xfd, 0xfc, 0xa9, 0xac,
    0xfd, 0xf5, 0x6, 0x51, 0xb0, 0x6f, 0xff, 0x23,
    0xa3, 0x1f, 0xff, 0x40, 0xb0, 0x8, 0x40, 0xcf,
    0xf0, 0x8, 0x0, 0xff, 0xa0, 0x57, 0x0, 0xb,
    0x10, 0xaf, 0x0, 0x80, 0xf, 0x80, 0x2b, 0x0,
    0x0, 0x2b, 0x20, 0xc0, 0x5, 0x0, 0xc0, 0x3b,
    0x10, 0x0, 0x0, 0x1b, 0x7c, 0x0, 0x0, 0x1c,
    0x9a, 0x0, 0x0, 0x0, 0x0, 0x4, 0xfb, 0x31,
    0x4d, 0xc3, 0x0, 0x0, 0x0, 0x0, 0x0, 0x0,
    0x27, 0x97, 0x10, 0x0, 0x0, 0x0,

    /* U+1F61E "😞" */
    0x0, 0x0, 0x0, 0x0, 0x0, 0x0, 0x0, 0x0,
    0x0, 0x0, 0x0, 0x0, 0x28, 0xbb, 0xab, 0xb8,
    0x20, 0x0, 0x0, 0x0, 0x0, 0x9a, 0x30, 0x0,
    0x0, 0x3a, 0x90, 0x0, 0x0, 0x1, 0xb4, 0x0,
    0x0, 0x0, 0x0, 0x4, 0xb1, 0x0, 0x0, 0xb2,
    0x0, 0x0, 0x0, 0x0, 0x0, 0x3, 0xb0, 0x0,
    0x75, 0x0, 0x0, 0x0, 0x0, 0x0, 0x0, 0x5,
    0x70, 0xb, 0x0, 0x0, 0x0, 0x0, 0x0, 0x0,
    0x0, 0xb, 0x5, 0x60, 0x0, 0x0, 0x0, 0x0,
    0x0, 0x0, 0x0, 0x65, 0x92, 0x0, 0x0, 0x0,
    0x0, 0x0, 0x0, 0x0, 0x2, 0x8a, 0x0, 0x0,
    0x0, 0x0, 0x0, 0x0, 0x0, 0x0, 0xa, 0xa0,
    0x0, 0x0, 0x27, 0x0, 0x7, 0x10, 0x0, 0x0,
    0xa8, 0x20, 0x1b, 0xb9, 0x20, 0x0, 0x3a, 0xbb,
    0x0, 0x28, 0x46, 0x0, 0x0, 0x0, 0x0, 0x0,
    0x0, 0x0, 0x7, 0x40, 0xb0, 0x0, 0x0, 0x0,
    0x0, 0x0, 0x0, 0x0, 0xb0, 0x6, 0x60, 0x0,
    0x6, 0xbb, 0xb5, 0x0, 0x0, 0x66, 0x0, 0xa,
    0x30, 0x4, 0x60, 0x0, 0x72, 0x0, 0x4a, 0x0,
    0x0, 0xb, 0x50, 0x0, 0x0, 0x0, 0x0, 0x5b,
    0x0, 0x0, 0x0, 0x8, 0xb4, 0x0, 0x0, 0x4,
    0xb7, 0x0, 0x0, 0x0, 0x0, 0x1, 0x7b, 0xbb,
    0xbb, 0x71, 0x0, 0x0, 0x0,

    /* U+1F61F "😟" */
    0x0, 0x0, 0x0, 0x0, 0x0, 0x0, 0x0, 0x0,
    0x0, 0x0, 0x0, 0x0, 0x28, 0xbb, 0xab, 0xb8,
    0x20, 0x0, 0x0, 0x0, 0x0, 0x9a, 0x30, 0x0,
    0x0, 0x3a, 0x90, 0x0, 0x0, 0x1, 0xb4, 0x0,
    0x0, 0x0, 0x0, 0x4, 0xb1, 0x0, 0x0, 0xb2,
    0x1, 0x60, 0x0, 0x0, 0x61, 0x3, 0xb0, 0x0,
    0x75, 0x17, 0xa1, 0x0, 0x0, 0x1, 0xa7, 0x15,
    0x70, 0xb, 0x1, 0x20, 0x0, 0x0, 0x0, 0x0,
    0x21, 0xb, 0x5, 0x60, 0x0, 0x0, 0x0, 0x0,
    0x0, 0x0, 0x0, 0x65, 0x92, 0x0, 0x2, 0xd6,
    0x0, 0x6, 0xd2, 0x0, 0x2, 0x8a, 0x0, 0x0,
    0x6f, 0xb0, 0x0, 0xbf, 0x60, 0x0, 0xa, 0xa0,
    0x0, 0x1, 0xa4, 0x0, 0x4, 0xa1, 0x0, 0x0,
    0xa8, 0x20, 0x0, 0x0, 0x0, 0x0, 0x0, 0x0,
    0x0, 0x28, 0x46, 0x0, 0x0, 0x0, 0x0, 0x0,
    0x0, 0x0, 0x7, 0x40, 0xb0, 0x0, 0x0, 0x3a,
    0xaa, 0x40, 0x0, 0x0, 0xb0, 0x6, 0x60, 0x0,
    0x68, 0x0, 0x8, 0x70, 0x0, 0x66, 0x0, 0xa,
    0x30, 0x0, 0x0, 0x0, 0x0, 0x0, 0x4a, 0x0,
    0x0, 0xb, 0x50, 0x0, 0x0, 0x0, 0x0, 0x5b,
    0x0, 0x0, 0x0, 0x8, 0xb4, 0x0, 0x0, 0x4,
    0xb7, 0x0, 0x0, 0x0, 0x0, 0x1, 0x7b, 0xbb,
    0xbb, 0x71, 0x0, 0x0, 0x0,

    /* U+1F620 "😠" */
    0x0, 0x0, 0x0, 0x0, 0x0, 0x0, 0x0, 0x0,
    0x0, 0x0, 0x0, 0x0, 0x28, 0xbb, 0xab, 0xb8,
    0x20, 0x0, 0x0, 0x0, 0x0, 0x9a, 0x30, 0x0,
    0x0, 0x3a, 0x90, 0x0, 0x0, 0x1, 0xb4, 0x0,
    0x0, 0x0, 0x0, 0x4, 0xb1, 0x0, 0x0, 0xb2,
    0x0, 0x0, 0x0, 0x0, 0x0, 0x3, 0xb0, 0x0,
    0x75, 0x0, 0x0, 0x0, 0x0, 0x0, 0x0, 0x5,
    0x70, 0xb, 0x0, 0x0, 0x0, 0x0, 0x0, 0x0,
    0x0, 0xb, 0x5, 0x60, 0x0, 0x0, 0x0, 0x0,
    0x0, 0x0, 0x0, 0x65, 0x92, 0x0, 0x0, 0x0,
    0x0, 0x0, 0x0, 0x0, 0x2, 0x8a, 0x0, 0x3,
    0x60, 0x0, 0x0, 0x1, 0x80, 0x0, 0xa, 0xa0,
    0x0, 0x6, 0xe5, 0x0, 0x8, 0xe3, 0x0, 0x0,
    0xa8, 0x20, 0x0, 0x7f, 0xd0, 0x3, 0xff, 0x20,
    0x0, 0x28, 0x46, 0x0, 0x2, 0xc4, 0x0, 0x8,
    0xb0, 0x0, 0x7, 0x40, 0xb0, 0x0, 0x0, 0x0,
    0x0, 0x0, 0x0, 0x0, 0xb0, 0x6, 0x60, 0x0,
    0x8, 0xbb, 0xb5, 0x0, 0x0, 0x66, 0x0, 0xa,
    0x30, 0x9, 0x40, 0x0, 0x76, 0x0, 0x4a, 0x0,
    0x0, 0xb, 0x50, 0x0, 0x0, 0x0, 0x0, 0x5b,
    0x0, 0x0, 0x0, 0x8, 0xb4, 0x0, 0x0, 0x4,
    0xb7, 0x0, 0x0, 0x0, 0x0, 0x1, 0x7b, 0xbb,
    0xbb, 0x71, 0x0, 0x0, 0x0,

    /* U+1F621 "😡" */
    0x0, 0x0, 0x0, 0x0, 0x0, 0x0, 0x0, 0x0,
    0x0, 0x0, 0x0, 0x0, 0x28, 0xbb, 0xab, 0xb8,
    0x20, 0x0, 0x0, 0x0, 0x1, 0xca, 0x60, 0x0,
    0x0, 0x3a, 0x90, 0x0, 0x0, 0x2, 0xfd, 0xb8,
    0x40, 0x0, 0x0, 0x4, 0xb1, 0x0, 0x0, 0xce,
    0x0, 0xb, 0x0, 0x0, 0x0, 0x3, 0xb0, 0x0,
    0x75, 0xb0, 0x0, 0xb0, 0x0, 0x0, 0x0, 0x5,
    0x70, 0xb, 0x15, 0x48, 0x46, 0x10, 0x0, 0x0,
    0x0, 0xb, 0x5, 0x60, 0x27, 0x28, 0x10, 0x0,
    0x0, 0x0, 0x0, 0x65, 0x92, 0x0, 0x0, 0x0,
    0x0, 0x0, 0x0, 0x0, 0x2, 0x8a, 0x0, 0x4,
    0x92, 0x0, 0x0, 0x4, 0xb0, 0x0, 0xa, 0xa0,
    0x0, 0x5, 0xf7, 0x0, 0x1a, 0xf1, 0x0, 0x0,
    0xa8, 0x20, 0x0, 0x7f, 0xd0, 0x2, 0xff, 0x20,
    0x0, 0x28, 0x46, 0x0, 0x2, 0xb4, 0x0, 0x7,
    0xa0, 0x0, 0x7, 0x40, 0xb0, 0x0, 0x0, 0x0,
    0x0, 0x0, 0x0, 0x0, 0xb0, 0x6, 0x60, 0x0,
    0x8, 0xbb, 0xb5, 0x0, 0x0, 0x66, 0x0, 0xa,
    0x30, 0x9, 0x40, 0x0, 0x76, 0x0, 0x4a, 0x0,
    0x0, 0xb, 0x50, 0x0, 0x0, 0x0, 0x0, 0x5b,
    0x0, 0x0, 0x0, 0x8, 0xb4, 0x0, 0x0, 0x4,
    0xb7, 0x0, 0x0, 0x0, 0x0, 0x1, 0x7b, 0xbb,
    0xbb, 0x71, 0x0, 0x0, 0x0,

    /* U+1F622 "😢" */
    0x0, 0x0, 0x0, 0x0, 0x0, 0x0, 0x0, 0x0,
    0x0, 0x0, 0x0, 0x0, 0x28, 0xbb, 0xab, 0xb8,
    0x20, 0x0, 0x0, 0x0, 0x0, 0x9a, 0x30, 0x0,
    0x0, 0x3a, 0x90, 0x0, 0x0, 0x1, 0xb4, 0x0,
    0x0, 0x0, 0x0, 0x4, 0xb1, 0x0, 0x0, 0xb2,
    0x0, 0x0, 0x0, 0x0, 0x0, 0x3, 0xb0, 0x0,
    0x75, 0x4, 0xc2, 0x0, 0x0, 0x2, 0xc4, 0x5,
    0x70, 0xb, 0x4, 0xa0, 0x0, 0x0, 0x0, 0x0,
    0xa4, 0xb, 0x5, 0x60, 0x20, 0x28, 0x0, 0x0,
    0x8, 0x20, 0x20, 0x65, 0x92, 0x0, 0xb, 0xf6,
    0x0, 0x6, 0xfb, 0x0, 0x2, 0x8a, 0x0, 0x0,
    0x7e, 0x20, 0x0, 0x2e, 0x70, 0x0, 0xa, 0xa0,
    0x0, 0x2, 0x0, 0x0, 0x0, 0x0, 0x0, 0x0,
    0xa8, 0x20, 0x2, 0xe0, 0x0, 0x0, 0x0, 0x0,
    0x0, 0x28, 0x47, 0x0, 0xa4, 0x80, 0x0, 0x0,
    0x0, 0x0, 0x7, 0x40, 0xc0, 0x38, 0xb, 0xab,
    0xbc, 0x92, 0x0, 0x0, 0xb0, 0x6, 0x69, 0x10,
    0x4a, 0x0, 0x2, 0x90, 0x0, 0x66, 0x0, 0xa,
    0xe0, 0x0, 0xb0, 0x0, 0x0, 0x0, 0x4a, 0x0,
    0x0, 0xe, 0x0, 0xa, 0x0, 0x0, 0x0, 0x5b,
    0x0, 0x0, 0x0, 0x59, 0x5d, 0x40, 0x0, 0x4,
    0xb7, 0x0, 0x0, 0x0, 0x0, 0x37, 0x9b, 0xab,
    0xbb, 0x71, 0x0, 0x0, 0x0,

    /* U+1F623 "😣" */
    0x0, 0x0, 0x0, 0x0, 0x0, 0x0, 0x0, 0x0,
    0x0, 0x0, 0x0, 0x0, 0x28, 0xbb, 0xab, 0xb8,
    0x20, 0x0, 0x0, 0x0, 0x0, 0x9a, 0x30, 0x0,
    0x0, 0x3a, 0x90, 0x0, 0x0, 0x1, 0xb4, 0x0,
    0x0, 0x0, 0x0, 0x4, 0xb1, 0x0, 0x0, 0xb2,
    0x0, 0x0, 0x0, 0x0, 0x0, 0x3, 0xb0, 0x0,
    0x75, 0x0, 0x15, 0x0, 0x0, 0x5, 0x10, 0x5,
    0x70, 0xb, 0x1, 0x6a, 0x10, 0x0, 0x0, 0x1a,
    0x61, 0xb, 0x5, 0x60, 0x23, 0x0, 0x0, 0x0,
    0x0, 0x3, 0x20, 0x65, 0x92, 0x0, 0x0, 0x0,
    0x0, 0x0, 0x0, 0x0, 0x2, 0x8a, 0x0, 0x2,
    0x98, 0x0, 0x0, 0x8, 0x92, 0x0, 0xa, 0xa0,
    0x0, 0x1, 0x8d, 0x10, 0x1d, 0x71, 0x0, 0x0,
    0xa8, 0x20, 0x19, 0x94, 0x20, 0x0, 0x24, 0x99,
    0x10, 0x28, 0x46, 0x0, 0x10, 0x0, 0x0, 0x0,
    0x0, 0x10, 0x7, 0x40, 0xb0, 0x0, 0x0, 0x17,
    0xa7, 0x10, 0x0, 0x0, 0xb0, 0x6, 0x60, 0x0,
    0x3a, 0x30, 0x3a, 0x30, 0x0, 0x66, 0x0, 0xa,
    0x30, 0x0, 0x0, 0x0, 0x0, 0x0, 0x4a, 0x0,
    0x0, 0xb, 0x50, 0x0, 0x0, 0x0, 0x0, 0x5b,
    0x0, 0x0, 0x0, 0x8, 0xb4, 0x0, 0x0, 0x4,
    0xb7, 0x0, 0x0, 0x0, 0x0, 0x1, 0x7b, 0xbb,
    0xbb, 0x71, 0x0, 0x0, 0x0,

    /* U+1F624 "😤" */
    0x0, 0x0, 0x0, 0x0, 0x0, 0x0, 0x0, 0x0,
    0x0, 0x0, 0x0, 0x0, 0x0, 0x1, 0x7b, 0xba,
    0xbb, 0x93, 0x0, 0x0, 0x0, 0x0, 0x0, 0x7,
    0xb3, 0x0, 0x0, 0x2, 0x9a, 0x10, 0x0, 0x0,
    0x0, 0xa, 0x63, 0x10, 0x0, 0x0, 0x4, 0x3b,
    0x20, 0x0, 0x0, 0x9, 0x40, 0x3a, 0x70, 0x0,
    0x4b, 0x50, 0x1b, 0x0, 0x0, 0x4, 0x80, 0x0,
    0x7, 0x30, 0xa, 0x0, 0x0, 0x39, 0x0, 0x0,
    0xb0, 0x0, 0x0, 0x0, 0x0, 0x0, 0x0, 0x0,
    0xa1, 0x0, 0x29, 0x0, 0x0, 0x0, 0x0, 0x0,
    0x0, 0x0, 0x4, 0x60, 0x5, 0x50, 0x4, 0xbb,
    0xb4, 0x1, 0xbb, 0xb7, 0x0, 0xa, 0x0, 0x73,
    0x0, 0x0, 0x0, 0x0, 0x0, 0x0, 0x0, 0x0,
    0xb0, 0x7, 0x40, 0x0, 0x5, 0x0, 0x0, 0x4,
    0x10, 0x0, 0xb, 0x0, 0x6f, 0xa4, 0x9c, 0xb0,
    0x0, 0x0, 0x6d, 0xa5, 0x8c, 0xd0, 0xa, 0x21,
    0x82, 0x74, 0x18, 0xa9, 0x30, 0xb1, 0x64, 0xc,
    0x0, 0xb1, 0x0, 0xb, 0x1b, 0x40, 0x29, 0x49,
    0x20, 0x0, 0xb0, 0xb, 0x20, 0x2, 0xb0, 0x0,
    0x0, 0x0, 0x76, 0x0, 0xb, 0x10, 0xb0, 0x0,
    0xb, 0x0, 0x0, 0x0, 0xa, 0x0, 0x10, 0x64,
    0x9, 0x9c, 0xba, 0x90, 0x0, 0x0, 0x0, 0x5c,
    0x9d, 0x8b, 0x0, 0x2, 0x12, 0x9b, 0x50, 0x0,
    0x0, 0x4a, 0xb3, 0x2, 0x0, 0x0, 0x0, 0x0,
    0x6, 0xab, 0xbb, 0xb7, 0x10, 0x0, 0x0, 0x0,

    /* U+1F625 "😥" */
    0x0, 0x0, 0x0, 0x0, 0x0, 0x0, 0x0, 0x0,
    0x0, 0x0, 0x0, 0x0, 0x18, 0xbb, 0xab, 0xb9,
    0x20, 0x0, 0x0, 0x0, 0x0, 0x8b, 0x30, 0x0,
    0x0, 0x29, 0x90, 0x0, 0x0, 0x0, 0xb5, 0x0,
    0x0, 0x0, 0x0, 0x3, 0xb1, 0x0, 0x0, 0xa4,
    0x0, 0x0, 0x0, 0x0, 0x0, 0x2, 0xb0, 0x0,
    0x57, 0x0, 0x58, 0x0, 0x0, 0x4, 0x91, 0x4,
    0x80, 0xb, 0x3, 0xb6, 0x0, 0x0, 0x0, 0x4,
    0xa6, 0xb, 0x12, 0x90, 0x0, 0x0, 0x0, 0x0,
    0x0, 0x0, 0x0, 0x55, 0x65, 0x10, 0x0, 0x10,
    0x0, 0x0, 0x10, 0x0, 0x1, 0x97, 0x3b, 0x90,
    0x4f, 0x70, 0x0, 0x3f, 0x90, 0x0, 0xb, 0x7a,
    0x69, 0x36, 0xf9, 0x0, 0x5, 0xfb, 0x0, 0x0,
    0xa7, 0xf0, 0xc, 0x6, 0x10, 0x0, 0x6, 0x20,
    0x0, 0x19, 0x93, 0x0, 0x65, 0x0, 0x0, 0x0,
    0x0, 0x0, 0x6, 0x5b, 0x0, 0x1, 0xa0, 0x0,
    0x0, 0x0, 0x0, 0x0, 0xb0, 0xb0, 0x0, 0x19,
    0x2, 0xab, 0xb5, 0x0, 0x0, 0x57, 0x7, 0x70,
    0x1a, 0x42, 0xb1, 0x0, 0x86, 0x0, 0x3b, 0x0,
    0x5, 0xaf, 0xc0, 0x0, 0x0, 0x0, 0x0, 0x4b,
    0x10, 0x0, 0x0, 0x5, 0xb5, 0x0, 0x0, 0x4,
    0xa8, 0x0, 0x0, 0x0, 0x0, 0x0, 0x6a, 0xbb,
    0xbb, 0x72, 0x0, 0x0, 0x0,

    /* U+1F626 "😦" */
    0x0, 0x0, 0x0, 0x0, 0x0, 0x0, 0x0, 0x0,
    0x0, 0x0, 0x0, 0x0, 0x28, 0xbb, 0xab, 0xb8,
    0x20, 0x0, 0x0, 0x0, 0x0, 0x9a, 0x30, 0x0,
    0x0, 0x3a, 0x90, 0x0, 0x0, 0x1, 0xb4, 0x0,
    0x0, 0x0, 0x0, 0x4, 0xb1, 0x0, 0x0, 0xb2,
    0x0, 0x0, 0x0, 0x0, 0x0, 0x3, 0xb0, 0x0,
    0x75, 0x0, 0x0, 0x0, 0x0, 0x0, 0x0, 0x5,
    0x70, 0xb, 0x0, 0x0, 0x0, 0x0, 0x0, 0x0,
    0x0, 0xb, 0x5, 0x60, 0x0, 0x0, 0x0, 0x0,
    0x0, 0x0, 0x0, 0x65, 0x92, 0x0, 0x7, 0xe2,
    0x0, 0x2, 0xe7, 0x0, 0x2, 0x8a, 0x0, 0x0,
    0xbf, 0x60, 0x0, 0x6f, 0xb0, 0x0, 0xa, 0xa0,
    0x0, 0x3, 0x80, 0x0, 0x0, 0x83, 0x0, 0x0,
    0xa8, 0x20, 0x0, 0x0, 0x0, 0x0, 0x0, 0x0,
    0x0, 0x28, 0x46, 0x0, 0x0, 0x0, 0x1, 0x0,
    0x0, 0x0, 0x7, 0x40, 0xb0, 0x0, 0x1, 0xbf,
    0xff, 0xb1, 0x0, 0x0, 0xb0, 0x6, 0x60, 0x0,
    0xaf, 0xff, 0xff, 0xa0, 0x0, 0x66, 0x0, 0xa,
    0x30, 0x9, 0xfe, 0xbe, 0xf9, 0x0, 0x4a, 0x0,
    0x0, 0xb, 0x50, 0x1, 0x0, 0x1, 0x0, 0x5b,
    0x0, 0x0, 0x0, 0x8, 0xb4, 0x0, 0x0, 0x4,
    0xb7, 0x0, 0x0, 0x0, 0x0, 0x1, 0x7b, 0xbb,
    0xbb, 0x71, 0x0, 0x0, 0x0,

    /* U+1F627 "😧" */
    0x0, 0x0, 0x0, 0x0, 0x0, 0x0, 0x0, 0x0,
    0x0, 0x0, 0x0, 0x0, 0x28, 0xbb, 0xab, 0xb8,
    0x20, 0x0, 0x0, 0x0, 0x0, 0x9a, 0x30, 0x0,
    0x0, 0x3a, 0x90, 0x0, 0x0, 0x1, 0xb4, 0x0,
    0x0, 0x0, 0x0, 0x4, 0xb1, 0x0, 0x0, 0xb3,
    0x7b, 0x60, 0x0, 0x0, 0x6c, 0x73, 0xb0, 0x0,
    0x75, 0x54, 0x0, 0x0, 0x0, 0x0, 0x4, 0x55,
    0x70, 0xb, 0x0, 0x0, 0x0, 0x0, 0x0, 0x0,
    0x0, 0xb, 0x5, 0x60, 0x0, 0x0, 0x0, 0x0,
    0x0, 0x0, 0x0, 0x65, 0x92, 0x0, 0x8, 0xf3,
    0x0, 0x3, 0xf8, 0x0, 0x2, 0x8a, 0x0, 0x0,
    0xbf, 0x50, 0x0, 0x5f, 0xb0, 0x0, 0xa, 0xa0,
    0x0, 0x2, 0x70, 0x0, 0x0, 0x72, 0x0, 0x0,
    0xa8, 0x20, 0x0, 0x0, 0x0, 0x0, 0x0, 0x0,
    0x0, 0x28, 0x46, 0x0, 0x0, 0x0, 0x2, 0x0,
    0x0, 0x0, 0x7, 0x40, 0xb0, 0x0, 0x0, 0x9f,
    0xff, 0x90, 0x0, 0x0, 0xb0, 0x6, 0x60, 0x0,
    0x7f, 0xff, 0xff, 0x70, 0x0, 0x66, 0x0, 0xa,
    0x30, 0x6, 0xff, 0xef, 0xf6, 0x0, 0x4a, 0x0,
    0x0, 0xb, 0x50, 0x3, 0x10, 0x13, 0x0, 0x5b,
    0x0, 0x0, 0x0, 0x8, 0xb4, 0x0, 0x0, 0x4,
    0xb7, 0x0, 0x0, 0x0, 0x0, 0x1, 0x7b, 0xbb,
    0xbb, 0x71, 0x0, 0x0, 0x0,

    /* U+1F628 "😨" */
    0x0, 0x0, 0x0, 0x1, 0x34, 0x31, 0x0, 0x0,
    0x0, 0x0, 0x0, 0x0, 0x7d, 0xcd, 0xce, 0xbc,
    0x70, 0x0, 0x0, 0x0, 0x1, 0xee, 0x52, 0x67,
    0x72, 0x3e, 0xe1, 0x0, 0x0, 0x2, 0xd8, 0x75,
    0x26, 0x77, 0x23, 0x78, 0xd2, 0x0, 0x1, 0xb8,
    0x9f, 0xb2, 0x67, 0x72, 0xbf, 0x98, 0xb0, 0x0,
    0xc4, 0xbe, 0x95, 0x26, 0x77, 0x23, 0xaf, 0xa5,
    0xb0, 0x1f, 0x16, 0x56, 0x52, 0x56, 0x62, 0x37,
    0x66, 0x1f, 0x16, 0x50, 0x0, 0x0, 0x0, 0x0,
    0x0, 0x0, 0x0, 0x65, 0x91, 0x0, 0x8, 0xf3,
    0x0, 0x3, 0xf8, 0x0, 0x2, 0x9a, 0x0, 0x0,
    0xbf, 0x50, 0x0, 0x5f, 0xb0, 0x0, 0xa, 0xa0,
    0x0, 0x2, 0x70, 0x0, 0x0, 0x72, 0x0, 0x1,
    0xa8, 0x20, 0x0, 0x0, 0x0, 0x0, 0x0, 0x0,
    0x0, 0x38, 0x47, 0x0, 0x0, 0x0, 0x12, 0x0,
    0x0, 0x0, 0x7, 0x40, 0xb0, 0x0, 0x0, 0x9f,
    0xff, 0x90, 0x0, 0x0, 0xc0, 0x6, 0x70, 0x0,
    0x7f, 0xff, 0xff, 0x50, 0x0, 0x75, 0x0, 0xa,
    0x40, 0x5, 0xff, 0xef, 0xf3, 0x0, 0x4a, 0x0,
    0x0, 0xb, 0x60, 0x0, 0x0, 0x0, 0x0, 0x6a,
    0x0, 0x0, 0x0, 0x7, 0xb4, 0x0, 0x0, 0x4,
    0xb7, 0x0, 0x0, 0x0, 0x0, 0x1, 0x7b, 0xbb,
    0xbb, 0x71, 0x0, 0x0, 0x0,

    /* U+1F629 "😩" */
    0x0, 0x0, 0x0, 0x0, 0x0, 0x0, 0x0, 0x0,
    0x0, 0x0, 0x0, 0x0, 0x28, 0xbb, 0xab, 0xb8,
    0x20, 0x0, 0x0, 0x0, 0x0, 0x9a, 0x30, 0x0,
    0x0, 0x3a, 0x90, 0x0, 0x0, 0x1, 0xb4, 0x0,
    0x40, 0x0, 0x40, 0x4, 0xb1, 0x0, 0x0, 0xb2,
    0x0, 0x66, 0x0, 0x8, 0x40, 0x3, 0xb0, 0x0,
    0x75, 0x0, 0x85, 0x0, 0x0, 0x7, 0x60, 0x5,
    0x70, 0xb, 0x0, 0x0, 0x1, 0x0, 0x1, 0x0,
    0x0, 0xb, 0x5, 0x60, 0x0, 0x0, 0xa0, 0x0,
    0xb0, 0x0, 0x0, 0x65, 0x92, 0x0, 0x49, 0xb3,
    0x0, 0x5, 0xb9, 0x30, 0x2, 0x8a, 0x0, 0x0,
    0x0, 0x0, 0x0, 0x0, 0x0, 0x0, 0xa, 0xa0,
    0x0, 0x0, 0x2, 0x68, 0x61, 0x0, 0x0, 0x0,
    0xa8, 0x20, 0x0, 0x8, 0x61, 0x2, 0x77, 0x0,
    0x0, 0x28, 0x46, 0x0, 0x8, 0x63, 0x33, 0x33,
    0x76, 0x0, 0x7, 0x40, 0xb0, 0x0, 0xff, 0xff,
    0xff, 0xff, 0xe0, 0x0, 0xb0, 0x6, 0x60, 0x3f,
    0xff, 0xff, 0xff, 0xff, 0x0, 0x66, 0x0, 0xa,
    0x30, 0xba, 0x51, 0x2, 0x6b, 0xa0, 0x4a, 0x0,
    0x0, 0xb, 0x50, 0x0, 0x0, 0x0, 0x0, 0x5b,
    0x0, 0x0, 0x0, 0x8, 0xb4, 0x0, 0x0, 0x4,
    0xb7, 0x0, 0x0, 0x0, 0x0, 0x1, 0x7b, 0xbb,
    0xbb, 0x71, 0x0, 0x0, 0x0,

    /* U+1F62A "😪" */
    0x0, 0x0, 0x0, 0x0, 0x0, 0x0, 0x0, 0x0,
    0x0, 0x0, 0x0, 0x0, 0x4a, 0xba, 0xab, 0xa5,
    0x0, 0x0, 0x0, 0x0, 0x2, 0xb7, 0x10, 0x0,
    0x0, 0x6b, 0x30, 0x0, 0x0, 0x3, 0xb1, 0x0,
    0x0, 0x0, 0x0, 0xa, 0x50, 0x0, 0x2, 0xb0,
    0x0, 0x0, 0x0, 0x0, 0x0, 0xa, 0x30, 0x0,
    0xa2, 0x3, 0x10, 0x0, 0x0, 0x0, 0x40, 0xb,
    0x0, 0x38, 0x1a, 0x71, 0x0, 0x0, 0x0, 0x5,
    0xa3, 0x66, 0x9, 0x25, 0x10, 0x0, 0x0, 0x0,
    0x0, 0x0, 0x70, 0xb0, 0xb0, 0x0, 0x0, 0x0,
    0x0, 0x0, 0x0, 0x0, 0xb, 0xb, 0x0, 0x3a,
    0x69, 0x50, 0x0, 0xb6, 0x87, 0x0, 0xa1, 0xb0,
    0x0, 0x3, 0x10, 0x0, 0x0, 0x31, 0x0, 0x9,
    0x1b, 0x0, 0x0, 0x0, 0x0, 0x0, 0x19, 0xa9,
    0xa8, 0xc0, 0x83, 0x0, 0x0, 0x0, 0x0, 0xc,
    0x50, 0x0, 0x2f, 0x3, 0x90, 0x0, 0x0, 0x2b,
    0xc7, 0x9, 0x20, 0x0, 0x36, 0xa, 0x20, 0x0,
    0xf, 0xff, 0xf6, 0xa, 0x0, 0x1, 0x80, 0x1c,
    0x10, 0x0, 0xbb, 0xac, 0x40, 0x3a, 0x11, 0x93,
    0x0, 0x2c, 0x20, 0x0, 0x0, 0x0, 0x0, 0xbd,
    0x83, 0x0, 0x0, 0x1a, 0x92, 0x0, 0x0, 0x17,
    0xb4, 0x0, 0x0, 0x0, 0x0, 0x3, 0x8b, 0xbb,
    0xba, 0x50, 0x0, 0x0, 0x0,

    /* U+1F62B "😫" */
    0x0, 0x0, 0x0, 0x0, 0x0, 0x0, 0x0, 0x0,
    0x0, 0x0, 0x0, 0x0, 0x28, 0xbb, 0xab, 0xb8,
    0x20, 0x0, 0x0, 0x0, 0x0, 0x9a, 0x30, 0x0,
    0x0, 0x3a, 0x90, 0x0, 0x0, 0x1, 0xb4, 0x0,
    0x10, 0x0, 0x10, 0x4, 0xb1, 0x0, 0x0, 0xb2,
    0x3, 0xa4, 0x0, 0x4, 0x93, 0x3, 0xb0, 0x0,
    0x75, 0x4, 0x61, 0x0, 0x0, 0x1, 0x73, 0x5,
    0x70, 0xb, 0x0, 0x0, 0x0, 0x0, 0x0, 0x0,
    0x0, 0xb, 0x5, 0x60, 0x6, 0x98, 0x10, 0x0,
    0x28, 0x95, 0x0, 0x65, 0x92, 0x0, 0x2, 0xbb,
    0x0, 0xc, 0x91, 0x0, 0x2, 0x8a, 0x0, 0x4,
    0x91, 0x0, 0x0, 0x2, 0xa2, 0x0, 0xa, 0xa0,
    0x0, 0x0, 0x2, 0x68, 0x61, 0x0, 0x0, 0x0,
    0xa8, 0x20, 0x0, 0x8, 0x61, 0x2, 0x77, 0x0,
    0x0, 0x28, 0x46, 0x0, 0x8, 0x63, 0x33, 0x33,
    0x76, 0x0, 0x7, 0x40, 0xb0, 0x0, 0xff, 0xff,
    0xff, 0xff, 0xe0, 0x0, 0xb0, 0x6, 0x60, 0x3f,
    0xff, 0xff, 0xff, 0xff, 0x0, 0x66, 0x0, 0xa,
    0x30, 0xba, 0x51, 0x2, 0x6b, 0xa0, 0x4a, 0x0,
    0x0, 0xb, 0x50, 0x0, 0x0, 0x0, 0x0, 0x5b,
    0x0, 0x0, 0x0, 0x8, 0xb4, 0x0, 0x0, 0x4,
    0xb7, 0x0, 0x0, 0x0, 0x0, 0x1, 0x7b, 0xbb,
    0xbb, 0x71, 0x0, 0x0, 0x0,

    /* U+1F62C "😬" */
    0x0, 0x0, 0x0, 0x0, 0x0, 0x0, 0x0, 0x0,
    0x0, 0x0, 0x0, 0x0, 0x28, 0xbb, 0xab, 0xb8,
    0x20, 0x0, 0x0, 0x0, 0x0, 0x9a, 0x30, 0x0,
    0x0, 0x3a, 0x90, 0x0, 0x0, 0x1, 0xb4, 0x0,
    0x0, 0x0, 0x0, 0x4, 0xb1, 0x0, 0x0, 0xb2,
    0x0, 0x0, 0x0, 0x0, 0x0, 0x3, 0xb0, 0x0,
    0x75, 0x0, 0x0, 0x0, 0x0, 0x0, 0x0, 0x5,
    0x70, 0xb, 0x0, 0x2, 0x60, 0x0, 0x1, 0x71,
    0x0, 0xb, 0x5, 0x60, 0x0, 0xbf, 0x50, 0x0,
    0x8f, 0x80, 0x0, 0x65, 0x92, 0x0, 0x9, 0xf3,
    0x0, 0x6, 0xf6, 0x0, 0x2, 0x8a, 0x0, 0x0,
    0x1, 0x0, 0x0, 0x1, 0x0, 0x0, 0xa, 0xa0,
    0x0, 0x2, 0x22, 0x22, 0x22, 0x22, 0x0, 0x0,
    0xa8, 0x20, 0x1c, 0xf9, 0xf9, 0xf9, 0xf9, 0xfb,
    0x0, 0x28, 0x46, 0x8, 0x9e, 0x6e, 0x6e, 0x6e,
    0x6e, 0xc5, 0x7, 0x40, 0xb0, 0x65, 0x90, 0x90,
    0x90, 0x90, 0x97, 0x30, 0xb0, 0x6, 0x60, 0x9f,
    0xaf, 0xaf, 0xaf, 0xaf, 0x80, 0x66, 0x0, 0xa,
    0x30, 0x0, 0x0, 0x0, 0x0, 0x0, 0x4a, 0x0,
    0x0, 0xb, 0x50, 0x0, 0x0, 0x0, 0x0, 0x5b,
    0x0, 0x0, 0x0, 0x8, 0xb4, 0x0, 0x0, 0x4,
    0xb7, 0x0, 0x0, 0x0, 0x0, 0x1, 0x7b, 0xbb,
    0xbb, 0x71, 0x0, 0x0, 0x0,

    /* U+1F62D "😭" */
    0x0, 0x0, 0x0, 0x0, 0x0, 0x0, 0x0, 0x0,
    0x0, 0x0, 0x0, 0x0, 0x28, 0xbb, 0xab, 0xb8,
    0x10, 0x0, 0x0, 0x0, 0x0, 0x99, 0x20, 0x0,
    0x0, 0x3a, 0x80, 0x0, 0x0, 0x1, 0xb4, 0x0,
    0x0, 0x0, 0x0, 0x5, 0xa0, 0x0, 0x0, 0xb2,
    0x2, 0x0, 0x0, 0x0, 0x2, 0x4, 0xa0, 0x0,
    0x75, 0x6b, 0x50, 0x0, 0x0, 0x0, 0x7c, 0x38,
    0x50, 0xb, 0x68, 0x0, 0x0, 0x0, 0x0, 0x0,
    0xb, 0x2b, 0x5, 0x60, 0x3f, 0xbf, 0x10, 0x0,
    0x1f, 0xcf, 0x10, 0x92, 0x92, 0x6, 0xb0, 0xd4,
    0x0, 0x5, 0xc1, 0xc4, 0x4, 0x6a, 0x0, 0xb,
    0xa, 0x0, 0x0, 0xb, 0xa, 0x0, 0x38, 0xa0,
    0x0, 0xb0, 0xa0, 0x34, 0x30, 0xb0, 0xa0, 0x3,
    0x89, 0x20, 0xb, 0xf, 0xb7, 0x68, 0xbf, 0xb,
    0x0, 0x46, 0x56, 0x0, 0xb0, 0xf0, 0x0, 0x0,
    0xf0, 0xb0, 0x8, 0x20, 0xb0, 0xb, 0xf, 0xdd,
    0xdd, 0xdf, 0xb, 0x0, 0xb0, 0x8, 0x50, 0xb0,
    0xff, 0xff, 0xff, 0xf0, 0xb0, 0x75, 0x0, 0xb,
    0x2a, 0xf, 0x63, 0x13, 0x7f, 0xb, 0x3a, 0x0,
    0x0, 0x6f, 0x90, 0xb0, 0x0, 0x0, 0xb0, 0xbf,
    0x30, 0x0, 0x1c, 0x10, 0xa, 0x70, 0x0, 0x88,
    0x0, 0x4c, 0x0, 0x0, 0x87, 0x21, 0x2f, 0xb8,
    0xcf, 0x21, 0x2b, 0x20, 0x0, 0x0, 0x59, 0x97,
    0x32, 0x22, 0x38, 0x98, 0x30, 0x0,

    /* U+1F62E "😮" */
    0x0, 0x0, 0x0, 0x0, 0x0, 0x0, 0x0, 0x0,
    0x0, 0x0, 0x0, 0x0, 0x28, 0xbb, 0xab, 0xb8,
    0x20, 0x0, 0x0, 0x0, 0x0, 0x9a, 0x30, 0x0,
    0x0, 0x3a, 0x90, 0x0, 0x0, 0x1, 0xb4, 0x0,
    0x0, 0x0, 0x0, 0x4, 0xb1, 0x0, 0x0, 0xb2,
    0x0, 0x0, 0x0, 0x0, 0x0, 0x3, 0xb0, 0x0,
    0x75, 0x0, 0x0, 0x0, 0x0, 0x0, 0x0, 0x5,
    0x70, 0xb, 0x0, 0x2, 0x60, 0x0, 0x0, 0x62,
    0x0, 0xb, 0x5, 0x60, 0x0, 0xaf, 0x50, 0x0,
    0x5f, 0xa0, 0x0, 0x65, 0x92, 0x0, 0x8, 0xf3,
    0x0, 0x3, 0xf8, 0x0, 0x2, 0x8a, 0x0, 0x0,
    0x1, 0x0, 0x0, 0x1, 0x0, 0x0, 0xa, 0xa0,
    0x0, 0x0, 0x0, 0x0, 0x0, 0x0, 0x0, 0x0,
    0xa8, 0x20, 0x0, 0x0, 0x5, 0x85, 0x0, 0x0,
    0x0, 0x28, 0x46, 0x0, 0x0, 0xb, 0xff, 0xfb,
    0x0, 0x0, 0x7, 0x40, 0xb0, 0x0, 0x5, 0xff,
    0xff, 0xf5, 0x0, 0x0, 0xb0, 0x6, 0x60, 0x0,
    0x5f, 0xff, 0xff, 0x50, 0x0, 0x66, 0x0, 0xa,
    0x30, 0x0, 0x6b, 0xdb, 0x60, 0x0, 0x4a, 0x0,
    0x0, 0xb, 0x50, 0x0, 0x0, 0x0, 0x0, 0x5b,
    0x0, 0x0, 0x0, 0x8, 0xb4, 0x0, 0x0, 0x4,
    0xb7, 0x0, 0x0, 0x0, 0x0, 0x1, 0x7b, 0xbb,
    0xbb, 0x71, 0x0, 0x0, 0x0,

    /* U+1F62F "😯" */
    0x0, 0x0, 0x0, 0x0, 0x0, 0x0, 0x0, 0x0,
    0x0, 0x0, 0x0, 0x0, 0x28, 0xbb, 0xab, 0xb8,
    0x20, 0x0, 0x0, 0x0, 0x0, 0x9a, 0x30, 0x0,
    0x0, 0x3a, 0x90, 0x0, 0x0, 0x1, 0xb4, 0x0,
    0x0, 0x0, 0x0, 0x4, 0xb1, 0x0, 0x0, 0xb3,
    0x6a, 0x60, 0x0, 0x0, 0x7a, 0x53, 0xb0, 0x0,
    0x75, 0x54, 0x0, 0x0, 0x0, 0x0, 0x5, 0x45,
    0x70, 0xb, 0x0, 0x0, 0x0, 0x0, 0x0, 0x0,
    0x0, 0xb, 0x5, 0x60, 0x0, 0x54, 0x0, 0x0,
    0x5, 0x40, 0x0, 0x65, 0x92, 0x0, 0x2f, 0xe0,
    0x0, 0x1, 0xff, 0x0, 0x2, 0x8a, 0x0, 0x1,
    0xec, 0x0, 0x0, 0xe, 0xd0, 0x0, 0xa, 0xa0,
    0x0, 0x0, 0x0, 0x0, 0x0, 0x0, 0x0, 0x0,
    0xa8, 0x20, 0x0, 0x0, 0x0, 0x0, 0x0, 0x0,
    0x0, 0x28, 0x46, 0x0, 0x0, 0x0, 0x1, 0x0,
    0x0, 0x0, 0x7, 0x40, 0xb0, 0x0, 0x0, 0x1d,
    0xfb, 0x0, 0x0, 0x0, 0xb0, 0x6, 0x60, 0x0,
    0x6, 0xff, 0xf4, 0x0, 0x0, 0x66, 0x0, 0xa,
    0x30, 0x0, 0x4f, 0xff, 0x20, 0x0, 0x4a, 0x0,
    0x0, 0xb, 0x50, 0x0, 0x59, 0x40, 0x0, 0x5b,
    0x0, 0x0, 0x0, 0x8, 0xb4, 0x0, 0x0, 0x4,
    0xb7, 0x0, 0x0, 0x0, 0x0, 0x1, 0x7b, 0xbb,
    0xbb, 0x71, 0x0, 0x0, 0x0,

    /* U+1F630 "😰" */
    0x0, 0x0, 0x0, 0x0, 0x24, 0x31, 0x0, 0x0,
    0x0, 0x0, 0x0, 0x0, 0x4b, 0xee, 0xdb, 0xce,
    0x80, 0x0, 0x0, 0x0, 0x0, 0xdf, 0x45, 0x77,
    0x43, 0x7c, 0xe2, 0x0, 0x0, 0x0, 0xdb, 0x52,
    0x57, 0x74, 0x37, 0x78, 0xb4, 0x0, 0x0, 0xab,
    0x75, 0x35, 0x77, 0x43, 0x78, 0x73, 0xf2, 0x0,
    0x5c, 0x69, 0xfa, 0x57, 0x74, 0x3a, 0xfb, 0x36,
    0xe0, 0xc, 0x79, 0xf9, 0x25, 0x66, 0x42, 0x68,
    0xea, 0x4f, 0x21, 0xa0, 0x0, 0x0, 0x0, 0x0,
    0x0, 0x0, 0x0, 0x37, 0x57, 0x20, 0x4, 0xf6,
    0x0, 0x1, 0xf9, 0x0, 0x0, 0xa6, 0x6c, 0x80,
    0x6f, 0x90, 0x0, 0x3f, 0xc0, 0x0, 0xb, 0x6e,
    0x5a, 0x20, 0x71, 0x0, 0x0, 0x63, 0x0, 0x0,
    0xb7, 0xe0, 0x1a, 0x0, 0x0, 0x0, 0x0, 0x0,
    0x0, 0xa, 0xa2, 0x0, 0x92, 0x0, 0x24, 0x30,
    0x0, 0x0, 0x5, 0x6b, 0x0, 0x5, 0x62, 0xdf,
    0xff, 0xf6, 0x0, 0x0, 0xb1, 0xb0, 0x0, 0x46,
    0x8f, 0xff, 0xff, 0xd0, 0x0, 0x48, 0x8, 0x60,
    0x2b, 0x12, 0xdd, 0xbc, 0xe7, 0x0, 0x2b, 0x0,
    0x6, 0xad, 0xc0, 0x0, 0x0, 0x0, 0x0, 0x4b,
    0x10, 0x0, 0x0, 0x4, 0xb6, 0x10, 0x0, 0x3,
    0xa9, 0x0, 0x0, 0x0, 0x0, 0x0, 0x5a, 0xbb,
    0xbb, 0x82, 0x0, 0x0, 0x0,

    /* U+1F631 "😱" */
    0x0, 0x0, 0x0, 0x0, 0x13, 0x43, 0x10, 0x0,
    0x0, 0x0, 0x0, 0x0, 0x0, 0x6, 0xdc, 0xcc,
    0xec, 0xd6, 0x0, 0x0, 0x0, 0x0, 0x0, 0x2d,
    0xd5, 0x25, 0x77, 0x24, 0xed, 0x10, 0x0, 0x0,
    0x0, 0x3c, 0x87, 0x52, 0x57, 0x72, 0x47, 0x9d,
    0x20, 0x0, 0x0, 0x1e, 0x57, 0x75, 0x25, 0x77,
    0x24, 0x77, 0x8c, 0x10, 0x0, 0xc, 0x54, 0x77,
    0x52, 0x57, 0x72, 0x47, 0x76, 0x5c, 0x0, 0x1,
    0xf3, 0x4c, 0xfd, 0x35, 0x66, 0x3c, 0xfb, 0x61,
    0xf1, 0x0, 0x63, 0x6, 0x90, 0x59, 0x0, 0xa,
    0x41, 0xa4, 0x5, 0x50, 0x9, 0x0, 0xc0, 0x0,
    0xb0, 0x0, 0xb0, 0x1, 0xa0, 0x29, 0x0, 0x90,
    0xb, 0x0, 0xc, 0x0, 0xc, 0x0, 0xb, 0x0,
    0xa0, 0xd, 0x20, 0x76, 0x8, 0x60, 0x0, 0x67,
    0x8, 0x50, 0x4d, 0x6, 0xff, 0xb1, 0x6a, 0x50,
    0x1, 0x0, 0x6a, 0x52, 0xdc, 0xf6, 0xb9, 0x84,
    0xa0, 0x0, 0x6, 0xf6, 0x0, 0x0, 0xb6, 0x5a,
    0xbb, 0x93, 0x77, 0x70, 0x0, 0xef, 0xd0, 0x0,
    0xa5, 0xa2, 0x9b, 0xa5, 0x69, 0x27, 0x80, 0x1f,
    0xff, 0x0, 0xa5, 0x47, 0x94, 0xa5, 0x73, 0x0,
    0x6, 0x82, 0xff, 0xf1, 0xa5, 0x0, 0x4, 0x74,
    0xb, 0x10, 0x0, 0xa, 0x28, 0xe8, 0x49, 0x0,
    0x0, 0x2b, 0x0, 0x2b, 0x10, 0x0, 0x64, 0x0,
    0x6, 0x50, 0x0, 0x1b, 0x20, 0x0, 0x2b, 0x62,
    0x3f, 0xda, 0x9a, 0xee, 0x32, 0x6b, 0x20, 0x0,
    0x0, 0x5, 0x98, 0x10, 0x12, 0x10, 0x28, 0x95,
    0x0, 0x0,

    /* U+1F632 "😲" */
    0x0, 0x0, 0x0, 0x0, 0x0, 0x0, 0x0, 0x0,
    0x0, 0x0, 0x0, 0x0, 0x28, 0xbb, 0xab, 0xb8,
    0x20, 0x0, 0x0, 0x0, 0x0, 0x9a, 0x30, 0x0,
    0x0, 0x3a, 0x90, 0x0, 0x0, 0x1, 0xb6, 0x88,
    0x0, 0x0, 0x8, 0x87, 0xb1, 0x0, 0x0, 0xb7,
    0xb3, 0x0, 0x0, 0x0, 0x3, 0xb7, 0xb0, 0x0,
    0x75, 0x0, 0x0, 0x0, 0x0, 0x0, 0x0, 0x5,
    0x70, 0xb, 0x0, 0x0, 0x20, 0x0, 0x0, 0x20,
    0x0, 0xb, 0x5, 0x60, 0x0, 0x9f, 0x30, 0x0,
    0x2f, 0x90, 0x0, 0x65, 0x92, 0x0, 0xb, 0xf6,
    0x0, 0x5, 0xfc, 0x0, 0x2, 0x8a, 0x0, 0x0,
    0x5c, 0x10, 0x0, 0x1c, 0x50, 0x0, 0xa, 0xa0,
    0x0, 0x0, 0x0, 0x0, 0x0, 0x0, 0x0, 0x0,
    0xa8, 0x20, 0x0, 0x0, 0x5, 0xa6, 0x0, 0x0,
    0x0, 0x28, 0x46, 0x0, 0x0, 0x4, 0x70, 0x55,
    0x0, 0x0, 0x7, 0x40, 0xb0, 0x0, 0x0, 0x7e,
    0xee, 0x80, 0x0, 0x0, 0xb0, 0x6, 0x60, 0x0,
    0x7, 0xff, 0xf8, 0x0, 0x0, 0x66, 0x0, 0xa,
    0x30, 0x0, 0x6f, 0xff, 0x70, 0x0, 0x4a, 0x0,
    0x0, 0xb, 0x50, 0x0, 0xaf, 0xb1, 0x0, 0x5b,
    0x0, 0x0, 0x0, 0x8, 0xb4, 0x0, 0x0, 0x4,
    0xb7, 0x0, 0x0, 0x0, 0x0, 0x1, 0x7b, 0xbb,
    0xbb, 0x71, 0x0, 0x0, 0x0,

    /* U+1F633 "😳" */
    0x0, 0x0, 0x0, 0x0, 0x0, 0x0, 0x0, 0x0,
    0x0, 0x0, 0x0, 0x0, 0x28, 0xbb, 0xab, 0xb8,
    0x20, 0x0, 0x0, 0x0, 0x0, 0x9a, 0x30, 0x0,
    0x0, 0x3a, 0x90, 0x0, 0x0, 0x1, 0xb4, 0x0,
    0x0, 0x0, 0x0, 0x4, 0xb1, 0x0, 0x0, 0xb4,
    0xa9, 0x92, 0x0, 0x2, 0x99, 0x83, 0xb0, 0x0,
    0x75, 0x0, 0x0, 0x0, 0x0, 0x0, 0x0, 0x5,
    0x70, 0xb, 0x0, 0x67, 0x20, 0x0, 0x0, 0x47,
    0x40, 0xb, 0x5, 0x60, 0x92, 0x7, 0x40, 0x0,
    0x55, 0x5, 0x50, 0x65, 0x92, 0x62, 0x39, 0x8,
    0x0, 0x8, 0x9, 0x38, 0x2, 0x8a, 0x7, 0x7,
    0xf1, 0x80, 0x0, 0x82, 0xf7, 0x80, 0xa, 0xa0,
    0x28, 0x1, 0x37, 0x0, 0x8, 0x11, 0x18, 0x0,
    0xa8, 0x20, 0x38, 0x87, 0x0, 0x0, 0x8, 0x88,
    0x0, 0x28, 0x46, 0x0, 0x25, 0x30, 0x0, 0x0,
    0x12, 0x42, 0x7, 0x40, 0xb0, 0x56, 0x53, 0x0,
    0x0, 0x6, 0x76, 0x10, 0xb0, 0x6, 0x60, 0x10,
    0x0, 0x0, 0x0, 0x1, 0x0, 0x66, 0x0, 0xa,
    0x30, 0x0, 0xb, 0xbb, 0x0, 0x0, 0x4a, 0x0,
    0x0, 0xb, 0x50, 0x0, 0x0, 0x0, 0x0, 0x5b,
    0x0, 0x0, 0x0, 0x8, 0xb4, 0x0, 0x0, 0x4,
    0xb7, 0x0, 0x0, 0x0, 0x0, 0x1, 0x7b, 0xbb,
    0xbb, 0x71, 0x0, 0x0, 0x0,

    /* U+1F634 "😴" */
    0x0, 0x0, 0x0, 0x0, 0x0, 0x0, 0x0, 0x0,
    0x0, 0x0, 0x0, 0x0, 0x39, 0xbb, 0xab, 0xb7,
    0x0, 0x3, 0xa8, 0x0, 0x0, 0xa9, 0x20, 0x0,
    0x0, 0x21, 0x0, 0x2a, 0x20, 0x1, 0xb3, 0x0,
    0x0, 0x2, 0x0, 0x8b, 0xe, 0x81, 0x0, 0xb2,
    0x0, 0x0, 0x0, 0xa7, 0x2b, 0x0, 0x2, 0x10,
    0x84, 0x0, 0x0, 0x0, 0x87, 0x2, 0x65, 0x3,
    0x80, 0x1b, 0x0, 0x0, 0x0, 0x2, 0x70, 0x0,
    0x0, 0xb, 0x6, 0x50, 0x0, 0x0, 0x0, 0x0,
    0x0, 0x0, 0x0, 0x65, 0x91, 0x0, 0x20, 0x3,
    0x0, 0x3, 0x0, 0x30, 0x2, 0x9b, 0x0, 0x8,
    0x9a, 0x50, 0x0, 0x79, 0xa6, 0x0, 0xa, 0xb0,
    0x0, 0x0, 0x0, 0x0, 0x0, 0x0, 0x0, 0x1,
    0xa9, 0x10, 0x0, 0x0, 0x0, 0x0, 0x0, 0x0,
    0x0, 0x28, 0x56, 0x0, 0x0, 0x0, 0x0, 0x0,
    0x0, 0x0, 0x7, 0x41, 0xb0, 0x0, 0x0, 0x3d,
    0xfb, 0x10, 0x0, 0x0, 0xb0, 0x7, 0x50, 0x0,
    0xe, 0xff, 0xfa, 0x0, 0x0, 0x66, 0x0, 0xb,
    0x30, 0x0, 0xaa, 0x7b, 0x60, 0x0, 0x4a, 0x0,
    0x0, 0x1b, 0x50, 0x0, 0x0, 0x0, 0x0, 0x5a,
    0x0, 0x0, 0x0, 0x8, 0xb4, 0x0, 0x0, 0x4,
    0xb7, 0x0, 0x0, 0x0, 0x0, 0x1, 0x7b, 0xbb,
    0xbb, 0x71, 0x0, 0x0, 0x0,

    /* U+1F635 "😵" */
    0x0, 0x0, 0x0, 0x0, 0x0, 0x0, 0x0, 0x0,
    0x0, 0x0, 0x0, 0x0, 0x28, 0xbb, 0xab, 0xb8,
    0x20, 0x0, 0x0, 0x0, 0x0, 0x9a, 0x30, 0x0,
    0x0, 0x3a, 0x90, 0x0, 0x0, 0x1, 0xb4, 0x0,
    0x0, 0x0, 0x0, 0x4, 0xb1, 0x0, 0x0, 0xb2,
    0x39, 0xb0, 0x0, 0x2, 0xb9, 0x23, 0xb0, 0x0,
    0x75, 0x19, 0x10, 0x0, 0x0, 0x0, 0x29, 0x5,
    0x70, 0xb, 0x0, 0x0, 0x1, 0x0, 0x1, 0x0,
    0x0, 0xb, 0x5, 0x60, 0x1a, 0x13, 0xb0, 0x0,
    0xc1, 0x2a, 0x0, 0x65, 0x92, 0x0, 0x3e, 0xf1,
    0x0, 0x2, 0xfd, 0x20, 0x2, 0x8a, 0x0, 0x1,
    0xcb, 0x90, 0x1, 0xab, 0xc0, 0x0, 0xa, 0xa0,
    0x0, 0x92, 0x4, 0x20, 0x33, 0x4, 0x90, 0x0,
    0xa8, 0x20, 0x0, 0x0, 0x0, 0x10, 0x0, 0x0,
    0x0, 0x28, 0x46, 0x0, 0x0, 0x4, 0xef, 0xd3,
    0x0, 0x0, 0x7, 0x40, 0xb0, 0x0, 0x1, 0xff,
    0xff, 0xe0, 0x0, 0x0, 0xb0, 0x6, 0x60, 0x0,
    0x2f, 0xff, 0xff, 0x0, 0x0, 0x66, 0x0, 0xa,
    0x30, 0x0, 0x4b, 0xdb, 0x30, 0x0, 0x4a, 0x0,
    0x0, 0xb, 0x50, 0x0, 0x0, 0x0, 0x0, 0x5b,
    0x0, 0x0, 0x0, 0x8, 0xb4, 0x0, 0x0, 0x4,
    0xb8, 0x0, 0x0, 0x0, 0x0, 0x1, 0x7b, 0xbb,
    0xbb, 0x71, 0x0, 0x0, 0x0,

    /* U+1F636 "😶" */
    0x0, 0x0, 0x0, 0x0, 0x0, 0x0, 0x0, 0x0,
    0x0, 0x0, 0x0, 0x0, 0x28, 0xbb, 0xab, 0xb8,
    0x20, 0x0, 0x0, 0x0, 0x0, 0x9a, 0x30, 0x0,
    0x0, 0x3a, 0x90, 0x0, 0x0, 0x1, 0xb4, 0x0,
    0x0, 0x0, 0x0, 0x4, 0xb1, 0x0, 0x0, 0xb2,
    0x0, 0x0, 0x0, 0x0, 0x0, 0x3, 0xb0, 0x0,
    0x75, 0x0, 0x0, 0x0, 0x0, 0x0, 0x0, 0x5,
    0x70, 0xb, 0x0, 0x0, 0x0, 0x0, 0x0, 0x0,
    0x0, 0xb, 0x5, 0x60, 0x0, 0x4b, 0x10, 0x0,
    0x1b, 0x40, 0x0, 0x65, 0x92, 0x0, 0xb, 0xf6,
    0x0, 0x6, 0xfb, 0x0, 0x2, 0x8a, 0x0, 0x0,
    0x5c, 0x10, 0x0, 0x1c, 0x50, 0x0, 0xa, 0xa0,
    0x0, 0x0, 0x0, 0x0, 0x0, 0x0, 0x0, 0x0,
    0xa8, 0x20, 0x0, 0x0, 0x0, 0x0, 0x0, 0x0,
    0x0, 0x28, 0x46, 0x0, 0x0, 0x0, 0x0, 0x0,
    0x0, 0x0, 0x7, 0x40, 0xb0, 0x0, 0x0, 0x0,
    0x0, 0x0, 0x0, 0x0, 0xb0, 0x6, 0x60, 0x0,
    0x0, 0x0, 0x0, 0x0, 0x0, 0x66, 0x0, 0xa,
    0x30, 0x0, 0x0, 0x0, 0x0, 0x0, 0x4a, 0x0,
    0x0, 0xb, 0x50, 0x0, 0x0, 0x0, 0x0, 0x5b,
    0x0, 0x0, 0x0, 0x8, 0xb4, 0x0, 0x0, 0x4,
    0xb7, 0x0, 0x0, 0x0, 0x0, 0x1, 0x7b, 0xbb,
    0xbb, 0x71, 0x0, 0x0, 0x0,

    /* U+1F637 "😷" */
    0x0, 0x0, 0x0, 0x0, 0x0, 0x0, 0x0, 0x0,
    0x0, 0x0, 0x0, 0x0, 0x28, 0xbb, 0xab, 0xb8,
    0x20, 0x0, 0x0, 0x0, 0x0, 0x9a, 0x30, 0x0,
    0x0, 0x3a, 0x90, 0x0, 0x0, 0x1, 0xb4, 0x0,
    0x0, 0x0, 0x0, 0x4, 0xb1, 0x0, 0x0, 0xb2,
    0x0, 0x0, 0x0, 0x0, 0x0, 0x3, 0xb0, 0x0,
    0x75, 0x0, 0x0, 0x0, 0x0, 0x0, 0x0, 0x5,
    0x70, 0xb, 0x0, 0x0, 0x61, 0x0, 0x0, 0x61,
    0x0, 0xb, 0x5, 0x60, 0x0, 0x7f, 0x80, 0x0,
    0x5f, 0xb0, 0x0, 0x65, 0x92, 0x0, 0x4, 0xf5,
    0x0, 0x3, 0xf7, 0x0, 0x2, 0x8b, 0x0, 0x0,
    0x3, 0x68, 0x98, 0x63, 0x0, 0x0, 0x1b, 0xed,
    0x51, 0x9b, 0x84, 0x21, 0x24, 0x7b, 0xa2, 0x4d,
    0xe8, 0x36, 0xbe, 0x0, 0x0, 0x0, 0x0, 0x8,
    0xe7, 0x48, 0x46, 0x1, 0x90, 0x0, 0x0, 0x0,
    0x0, 0x65, 0x7, 0x40, 0xb0, 0x1a, 0x0, 0x0,
    0x0, 0x0, 0x7, 0x40, 0xb0, 0x6, 0x60, 0xe0,
    0x0, 0x0, 0x0, 0x0, 0xa4, 0x66, 0x0, 0xb,
    0xfb, 0xb3, 0x0, 0x0, 0x1, 0x9b, 0xfc, 0x0,
    0x0, 0xb, 0x52, 0x9b, 0x98, 0x8b, 0xa3, 0x5b,
    0x0, 0x0, 0x0, 0x8, 0xb4, 0x2, 0x32, 0x4,
    0xb7, 0x0, 0x0, 0x0, 0x0, 0x1, 0x7b, 0xbb,
    0xbb, 0x71, 0x0, 0x0, 0x0,

    /* U+1F638 "😸" */
    0x0, 0x2b, 0xa1, 0x0, 0x0, 0x0, 0x0, 0x1,
    0x9b, 0x20, 0x0, 0x9, 0x22, 0xb2, 0x0, 0x0,
    0x0, 0x2, 0xb2, 0x1a, 0x0, 0x0, 0xb0, 0x41,
    0xb1, 0x0, 0x0, 0x0, 0xb1, 0x30, 0xb0, 0x0,
    0xb, 0x2f, 0x43, 0xde, 0xfd, 0xfe, 0xd3, 0x3f,
    0x3a, 0x0, 0x0, 0xa1, 0xfe, 0x2, 0xff, 0x4f,
    0xf2, 0xe, 0xf2, 0xa0, 0x0, 0xb, 0xe, 0x30,
    0x7, 0xe0, 0xf8, 0x0, 0x3e, 0xb, 0x0, 0x0,
    0x91, 0x20, 0x0, 0x1, 0x1, 0x0, 0x0, 0x20,
    0xa0, 0x0, 0x5, 0x50, 0x0, 0x0, 0x0, 0x0,
    0x0, 0x0, 0x46, 0x0, 0x2a, 0xa3, 0x1, 0xaa,
    0x20, 0x0, 0x1a, 0xb2, 0x3, 0xa9, 0x20, 0x2f,
    0xb0, 0x72, 0x17, 0x0, 0x6, 0x32, 0x70, 0xaf,
    0x20, 0x5a, 0xf7, 0x0, 0x0, 0x5, 0xc5, 0x0,
    0x0, 0x6, 0xfa, 0x50, 0x1c, 0x90, 0x0, 0x0,
    0x4f, 0x20, 0x0, 0x0, 0x8d, 0x10, 0x2, 0xcf,
    0x10, 0xae, 0xbc, 0xfa, 0xce, 0x90, 0xf, 0xd2,
    0x0, 0x95, 0xc0, 0xb, 0x85, 0x36, 0x8, 0x7b,
    0x0, 0xb4, 0x90, 0x0, 0x5, 0x80, 0x2e, 0xc8,
    0xa5, 0xfe, 0x20, 0x86, 0x0, 0x0, 0x0, 0x8,
    0x90, 0x3, 0x67, 0x63, 0x0, 0x98, 0x0, 0x0,
    0x0, 0x0, 0x4, 0xb8, 0x31, 0x1, 0x38, 0xb5,
    0x0, 0x0, 0x0, 0x0, 0x0, 0x0, 0x48, 0xaa,
    0xa8, 0x40, 0x0, 0x0, 0x0,

    /* U+1F639 "😹" */
    0x0, 0x3b, 0x91, 0x0, 0x0, 0x0, 0x0, 0x1,
    0xab, 0x20, 0x0, 0xb, 0x13, 0xb1, 0x0, 0x0,
    0x0, 0x2, 0xb2, 0x1a, 0x0, 0x0, 0xb1, 0x32,
    0xb0, 0x0, 0x0, 0x1, 0xb1, 0x40, 0xb0, 0x0,
    0x19, 0x3f, 0x34, 0xde, 0xfc, 0xfe, 0xc3, 0x4f,
    0x2b, 0x0, 0x0, 0xa3, 0xfd, 0x2, 0xff, 0x3f,
    0xd1, 0xe, 0xf2, 0xa0, 0x0, 0xb, 0x1e, 0x20,
    0x8, 0xd0, 0xf6, 0x0, 0x3e, 0xb, 0x0, 0x0,
    0xa0, 0x20, 0x0, 0x1, 0x1, 0x0, 0x0, 0x21,
    0xa0, 0x0, 0x7, 0x30, 0x0, 0x0, 0x0, 0x0,
    0x0, 0x0, 0x56, 0x0, 0x39, 0xb2, 0x2, 0xaa,
    0x20, 0x0, 0x4b, 0xa1, 0x3, 0xaa, 0x20, 0x2f,
    0x90, 0x71, 0x27, 0x0, 0x9, 0x3, 0x60, 0xbf,
    0x20, 0x69, 0xf4, 0x77, 0x0, 0x5, 0xc2, 0x0,
    0x8, 0x74, 0xfa, 0x50, 0x3f, 0x77, 0x70, 0x0,
    0x4f, 0x0, 0x0, 0x96, 0x8f, 0x20, 0xa, 0x20,
    0x92, 0xae, 0xbc, 0xfd, 0xae, 0x94, 0x70, 0x39,
    0x0, 0xb0, 0xc, 0xb, 0x85, 0x27, 0x70, 0xaa,
    0xb, 0x0, 0xb0, 0x5, 0xbc, 0xe0, 0x2e, 0xe9,
    0xcd, 0xad, 0x10, 0xfc, 0xb4, 0x0, 0x0, 0x5,
    0xa1, 0x2, 0x56, 0x52, 0x1, 0xa4, 0x0, 0x0,
    0x0, 0x0, 0x3, 0xb8, 0x31, 0x1, 0x49, 0xb2,
    0x0, 0x0, 0x0, 0x0, 0x0, 0x0, 0x37, 0x9a,
    0x97, 0x20, 0x0, 0x0, 0x0,

    /* U+1F63A "😺" */
    0x0, 0x2b, 0xa1, 0x0, 0x0, 0x0, 0x0, 0x1,
    0x9b, 0x20, 0x0, 0x9, 0x22, 0xb2, 0x0, 0x0,
    0x0, 0x2, 0xb2, 0x1a, 0x0, 0x0, 0xb0, 0x41,
    0xb1, 0x0, 0x0, 0x0, 0xb1, 0x30, 0xb0, 0x0,
    0xb, 0x2f, 0x43, 0xce, 0xfc, 0xfe, 0xc3, 0x4f,
    0x3a, 0x0, 0x0, 0xa1, 0xfe, 0x1, 0xef, 0x3f,
    0xf2, 0xe, 0xf2, 0xa0, 0x0, 0xb, 0xe, 0x30,
    0x7, 0xe0, 0xe7, 0x0, 0x3e, 0xb, 0x0, 0x0,
    0x91, 0x20, 0x0, 0x1, 0x1, 0x0, 0x0, 0x20,
    0xa0, 0x0, 0x5, 0x50, 0x0, 0x0, 0x0, 0x0,
    0x0, 0x0, 0x46, 0x0, 0x0, 0x73, 0x0, 0x9e,
    0x0, 0x0, 0xe, 0xa0, 0x3, 0x80, 0x5, 0xbf,
    0x90, 0x9, 0xe0, 0x0, 0x0, 0xea, 0x0, 0x8f,
    0xb4, 0x0, 0xa4, 0x0, 0x1, 0x4, 0xb4, 0x1,
    0x0, 0x4, 0xb0, 0x4, 0xbf, 0xe2, 0x0, 0x10,
    0x2f, 0x30, 0x10, 0x2, 0xdf, 0xb4, 0x0, 0x59,
    0x50, 0x8, 0xfb, 0x5a, 0xf8, 0x0, 0x48, 0x50,
    0x0, 0xa, 0xf5, 0x0, 0x4, 0x92, 0x95, 0x0,
    0x5, 0xfb, 0x0, 0x4, 0x45, 0x80, 0x0, 0x4,
    0x94, 0x0, 0x0, 0x86, 0x45, 0x0, 0x0, 0x8,
    0x90, 0x0, 0x0, 0x0, 0x0, 0x98, 0x0, 0x0,
    0x0, 0x0, 0x4, 0xb8, 0x31, 0x1, 0x38, 0xb5,
    0x0, 0x0, 0x0, 0x0, 0x0, 0x0, 0x48, 0xaa,
    0xa8, 0x40, 0x0, 0x0, 0x0,

    /* U+1F63B "😻" */
    0x0, 0x1b, 0xa1, 0x0, 0x0, 0x0, 0x0, 0x1,
    0x9b, 0x20, 0x0, 0xa, 0x22, 0xb2, 0x0, 0x0,
    0x0, 0x2, 0xb2, 0x1a, 0x0, 0x0, 0xb0, 0x41,
    0xb1, 0x0, 0x0, 0x0, 0xb1, 0x30, 0xb0, 0x0,
    0xb, 0x2f, 0x43, 0xcf, 0xfd, 0xff, 0xd3, 0x4f,
    0x3a, 0x0, 0x0, 0xa1, 0xfe, 0x1, 0xbf, 0x1f,
    0xc1, 0xe, 0xf2, 0xa0, 0x0, 0xb, 0xe, 0x30,
    0x2, 0x90, 0x83, 0x0, 0x2e, 0xb, 0x0, 0x0,
    0x91, 0x25, 0x5d, 0xb0, 0x0, 0xbd, 0x55, 0x20,
    0xa0, 0x0, 0x5, 0x57, 0xff, 0xff, 0x30, 0x2f,
    0xff, 0xf7, 0x46, 0x0, 0x0, 0x73, 0x6f, 0xff,
    0xf1, 0x0, 0xff, 0xff, 0x72, 0x80, 0x5, 0xaf,
    0x61, 0xbf, 0xf8, 0x0, 0x7, 0xff, 0xb1, 0x5f,
    0xa4, 0x1, 0xc7, 0x0, 0x47, 0x4, 0xb4, 0x7,
    0x40, 0x6, 0xd1, 0x2, 0x8f, 0xe2, 0x0, 0x10,
    0x2f, 0x30, 0x10, 0x2, 0xdf, 0x82, 0x22, 0x57,
    0x10, 0x8, 0xfb, 0x5b, 0xf8, 0x0, 0x16, 0x53,
    0x20, 0x6, 0xfa, 0x0, 0x4, 0x92, 0x95, 0x0,
    0x9, 0xf7, 0x0, 0x5, 0x96, 0x90, 0x0, 0x4,
    0x94, 0x0, 0x0, 0x86, 0x85, 0x0, 0x0, 0x7,
    0x90, 0x0, 0x0, 0x0, 0x0, 0x98, 0x0, 0x0,
    0x0, 0x0, 0x4, 0xb8, 0x31, 0x1, 0x38, 0xb4,
    0x0, 0x0, 0x0, 0x0, 0x0, 0x0, 0x37, 0xaa,
    0xa8, 0x30, 0x0, 0x0, 0x0,

    /* U+1F63C "😼" */
    0x0, 0x2b, 0xa1, 0x0, 0x0, 0x0, 0x0, 0x1,
    0x9b, 0x20, 0x0, 0x9, 0x22, 0xb2, 0x0, 0x0,
    0x0, 0x2, 0xb2, 0x1a, 0x0, 0x0, 0xb0, 0x41,
    0xb1, 0x0, 0x0, 0x0, 0xb1, 0x30, 0xb0, 0x0,
    0xb, 0x2f, 0x43, 0xce, 0xfc, 0xfe, 0xc3, 0x3f,
    0x3a, 0x0, 0x0, 0xa1, 0xfe, 0x1, 0xef, 0x3f,
    0xf2, 0xe, 0xf2, 0xa0, 0x0, 0xb, 0xe, 0x30,
    0x7, 0xf0, 0xe8, 0x0, 0x3e, 0xb, 0x0, 0x0,
    0x91, 0x20, 0x0, 0x1, 0x1, 0x0, 0x0, 0x20,
    0xa0, 0x0, 0x5, 0x50, 0x1, 0x0, 0x0, 0x0,
    0x1, 0x0, 0x46, 0x0, 0x0, 0x74, 0x0, 0xb9,
    0x0, 0x0, 0x9, 0xc0, 0x3, 0x80, 0x5, 0xbf,
    0x90, 0x8, 0xd0, 0x0, 0x0, 0xd9, 0x0, 0x8f,
    0xb4, 0x0, 0xa4, 0x0, 0x0, 0x4, 0xa4, 0x0,
    0x0, 0x3, 0xb0, 0x4, 0xbf, 0xe3, 0x0, 0x0,
    0x1f, 0x20, 0x20, 0x2, 0xdf, 0xb4, 0x0, 0x57,
    0x30, 0x0, 0x0, 0xb1, 0x1a, 0x0, 0x37, 0x50,
    0x0, 0xa, 0xf6, 0x0, 0x7, 0x9a, 0x98, 0x20,
    0x6, 0xfa, 0x10, 0x3, 0x35, 0x80, 0x0, 0x1,
    0x66, 0x0, 0x0, 0x86, 0x34, 0x0, 0x0, 0x8,
    0x90, 0x0, 0x0, 0x0, 0x0, 0x88, 0x0, 0x0,
    0x0, 0x0, 0x4, 0xb8, 0x31, 0x1, 0x38, 0xb5,
    0x0, 0x0, 0x0, 0x0, 0x0, 0x0, 0x48, 0xaa,
    0xa8, 0x40, 0x0, 0x0, 0x0,

    /* U+1F63D "😽" */
    0x0, 0x2b, 0xa1, 0x0, 0x0, 0x0, 0x0, 0x1,
    0x9b, 0x20, 0x0, 0x9, 0x22, 0xb2, 0x0, 0x0,
    0x0, 0x2, 0xb2, 0x1a, 0x0, 0x0, 0xb0, 0x41,
    0xb1, 0x0, 0x0, 0x0, 0xb1, 0x40, 0xb0, 0x0,
    0xb, 0x2f, 0x43, 0xce, 0xfd, 0xfe, 0xc3, 0x4f,
    0x2a, 0x0, 0x0, 0xa1, 0xfe, 0x1, 0xef, 0x5f,
    0xd1, 0x1e, 0xf2, 0xa0, 0x0, 0xb, 0xe, 0x30,
    0x7, 0xe2, 0xf5, 0x0, 0x4e, 0xb, 0x0, 0x0,
    0x91, 0x20, 0x0, 0x1, 0x1, 0x0, 0x0, 0x20,
    0xa0, 0x0, 0x5, 0x50, 0x0, 0x0, 0x0, 0x0,
    0x0, 0x0, 0x56, 0x0, 0x2a, 0xa3, 0x1, 0xab,
    0x30, 0x0, 0x4b, 0xa1, 0x3, 0xba, 0x20, 0x2f,
    0xc0, 0x62, 0x17, 0x0, 0x8, 0x2, 0x50, 0xbf,
    0x20, 0x5b, 0xf8, 0x0, 0x0, 0x4, 0xd2, 0x0,
    0x0, 0x8, 0xfb, 0x50, 0xa, 0x70, 0x0, 0x0,
    0xc, 0x80, 0x0, 0x0, 0x6b, 0x0, 0x2, 0xdf,
    0x10, 0x0, 0x0, 0xb, 0x0, 0x0, 0x1f, 0xe2,
    0x0, 0x95, 0xc0, 0x0, 0x0, 0x1, 0xb0, 0x0,
    0x0, 0xb5, 0x90, 0x0, 0x5, 0x80, 0x0, 0x0,
    0x47, 0x0, 0x0, 0x86, 0x0, 0x0, 0x0, 0x8,
    0x90, 0x0, 0x0, 0x0, 0x0, 0x98, 0x0, 0x0,
    0x0, 0x0, 0x4, 0xb8, 0x31, 0x1, 0x38, 0xb5,
    0x0, 0x0, 0x0, 0x0, 0x0, 0x0, 0x48, 0xaa,
    0xa8, 0x40, 0x0, 0x0, 0x0,

    /* U+1F63E "😾" */
    0x0, 0x8, 0x80, 0x0, 0x0, 0x0, 0x0, 0x0,
    0x88, 0x0, 0x0, 0x7, 0x9c, 0x80, 0x0, 0x0,
    0x0, 0x0, 0x8c, 0x87, 0x0, 0x0, 0xb4, 0x68,
    0x50, 0x0, 0x0, 0x0, 0x56, 0x91, 0xc0, 0x0,
    0xb, 0x37, 0x9, 0xae, 0xfd, 0xfe, 0xa8, 0xa,
    0xb, 0x0, 0x0, 0xb0, 0xa0, 0x1, 0xef, 0x5f,
    0xe2, 0x0, 0xa0, 0xb0, 0x0, 0xb, 0xc, 0x20,
    0x8, 0xe2, 0xf7, 0x0, 0x39, 0xb, 0x0, 0x0,
    0xa9, 0x70, 0x0, 0x1, 0x2, 0x0, 0x0, 0x78,
    0xa0, 0x0, 0x6, 0xb0, 0x0, 0x0, 0x0, 0x0,
    0x0, 0x0, 0xc6, 0x0, 0x29, 0x95, 0x0, 0xb9,
    0x0, 0x0, 0x9, 0xc0, 0x6, 0x99, 0x10, 0x2f,
    0xc0, 0x8, 0xd0, 0x0, 0x0, 0xd9, 0x1, 0xef,
    0x20, 0x5a, 0xf7, 0x0, 0x0, 0x4, 0xb4, 0x0,
    0x0, 0x18, 0xfa, 0x50, 0x1c, 0x90, 0x0, 0x0,
    0x1f, 0x10, 0x0, 0x1, 0x9c, 0x10, 0x2, 0xdf,
    0x10, 0x0, 0x2, 0xf2, 0x0, 0x0, 0x3f, 0xc2,
    0x0, 0x94, 0xc0, 0x0, 0x2b, 0x86, 0x8b, 0x20,
    0x0, 0xd4, 0x90, 0x0, 0x6, 0x80, 0x1, 0x10,
    0x0, 0x11, 0x0, 0x96, 0x0, 0x0, 0x0, 0x8,
    0x80, 0x0, 0x0, 0x0, 0x0, 0x98, 0x0, 0x0,
    0x0, 0x0, 0x5, 0xb8, 0x31, 0x1, 0x38, 0xb5,
    0x0, 0x0, 0x0, 0x0, 0x0, 0x0, 0x48, 0xaa,
    0xa8, 0x40, 0x0, 0x0, 0x0,

    /* U+1F63F "😿" */
    0x1, 0x97, 0x10, 0x0, 0x0, 0x0, 0x0, 0x0,
    0x69, 0x30, 0x0, 0x93, 0x3a, 0x70, 0x0, 0x0,
    0x0, 0x4, 0xb5, 0x1b, 0x0, 0xa, 0x2, 0x4,
    0xb2, 0x0, 0x0, 0x9, 0x70, 0x10, 0xb0, 0x0,
    0x82, 0xbd, 0x41, 0xcf, 0xfc, 0xff, 0x40, 0x8f,
    0x2b, 0x0, 0x4, 0x75, 0xfc, 0x1, 0xff, 0x3f,
    0xd0, 0x4f, 0xd2, 0x80, 0x0, 0xb, 0x8, 0x0,
    0x9, 0xe0, 0xf6, 0x0, 0x35, 0x73, 0x0, 0x0,
    0x65, 0x0, 0x0, 0x2, 0x2, 0x0, 0x0, 0xa,
    0x0, 0x0, 0x7, 0x40, 0x2, 0x50, 0x0, 0x0,
    0x60, 0x0, 0xb0, 0x0, 0x0, 0xb0, 0x0, 0xfd,
    0x0, 0x0, 0x1f, 0x90, 0x9, 0x0, 0x1, 0x7f,
    0x60, 0x2, 0x20, 0x14, 0x0, 0x31, 0x1, 0xfc,
    0x30, 0x53, 0xc6, 0x0, 0x0, 0x5, 0xf3, 0x0,
    0x0, 0x3a, 0x57, 0x0, 0x4f, 0x40, 0x27, 0x0,
    0xb, 0x0, 0x0, 0x1, 0xfb, 0x0, 0x2b, 0xa7,
    0x4b, 0xf0, 0x5, 0xf3, 0x0, 0x0, 0x8a, 0x76,
    0x0, 0x7, 0xf3, 0xa5, 0x75, 0x81, 0xa2, 0x0,
    0x5, 0xf0, 0x0, 0x0, 0xba, 0xe3, 0xc, 0x0,
    0x0, 0x0, 0x0, 0xb9, 0x20, 0x0, 0x3, 0xf,
    0x0, 0xa0, 0x0, 0x0, 0x2, 0xb3, 0x11, 0x0,
    0x0, 0x0, 0x87, 0x6f, 0x31, 0x1, 0x49, 0xa1,
    0x0, 0x0, 0x0, 0x0, 0x0, 0x56, 0x58, 0xaa,
    0x96, 0x20, 0x0, 0x0, 0x0,

    /* U+1F640 "🙀" */
    0x0, 0xa, 0xa1, 0x0, 0x0, 0x0, 0x0, 0x0,
    0xaa, 0x10, 0x0, 0x8, 0x43, 0xb0, 0x0, 0x0,
    0x0, 0x0, 0xa3, 0x39, 0x0, 0x0, 0xb0, 0x75,
    0xa0, 0x24, 0x54, 0x20, 0x96, 0x70, 0xc0, 0x0,
    0xb, 0x1f, 0x54, 0xcf, 0xf9, 0xff, 0xd5, 0x4f,
    0x2b, 0x0, 0x0, 0xa0, 0xfe, 0x0, 0xdf, 0x3f,
    0xe0, 0xd, 0xf1, 0xa0, 0x0, 0xb, 0xc, 0x10,
    0x15, 0xd0, 0xd5, 0x0, 0x1c, 0xb, 0x0, 0x0,
    0x91, 0x4, 0xcb, 0x60, 0x0, 0x5b, 0xb4, 0x0,
    0xa0, 0x0, 0x5, 0x50, 0xb0, 0xb, 0x0, 0xb,
    0x0, 0xb0, 0x46, 0x0, 0x2a, 0xa3, 0xa, 0x10,
    0xb0, 0x0, 0xb0, 0x1b, 0x2, 0xba, 0x20, 0x2f,
    0xc0, 0x2b, 0xb3, 0x5f, 0x63, 0xbb, 0x20, 0xaf,
    0x20, 0x5a, 0xf7, 0x5, 0x96, 0x0, 0xd0, 0x5,
    0x96, 0x6, 0xfa, 0x50, 0x1b, 0x84, 0x91, 0x77,
    0xf, 0x6, 0x81, 0x84, 0x8c, 0x10, 0x2, 0xbf,
    0x84, 0x0, 0xb3, 0xf3, 0xa0, 0x3, 0x8f, 0xc2,
    0x0, 0x94, 0xc6, 0x50, 0xa, 0xaf, 0xa9, 0x10,
    0x46, 0xc4, 0x90, 0x0, 0x3, 0xe7, 0x4, 0x7a,
    0xfb, 0x65, 0x6, 0xe4, 0x0, 0x0, 0x0, 0xa,
    0x70, 0x82, 0x29, 0x21, 0x90, 0x6b, 0x0, 0x0,
    0x0, 0x0, 0x92, 0xf, 0x75, 0x45, 0x7f, 0x1,
    0xa0, 0x0, 0x0, 0x0, 0x4, 0x0, 0x32, 0x45,
    0x42, 0x30, 0x4, 0x0, 0x0,

    /* U+1F641 "🙁" */
    0x0, 0x0, 0x0, 0x0, 0x0, 0x0, 0x0, 0x0,
    0x0, 0x0, 0x0, 0x0, 0x28, 0xbb, 0xab, 0xb8,
    0x20, 0x0, 0x0, 0x0, 0x0, 0x9a, 0x30, 0x0,
    0x0, 0x3a, 0x90, 0x0, 0x0, 0x1, 0xb4, 0x0,
    0x0, 0x0, 0x0, 0x4, 0xb1, 0x0, 0x0, 0xb2,
    0x0, 0x0, 0x0, 0x0, 0x0, 0x3, 0xb0, 0x0,
    0x75, 0x0, 0x0, 0x0, 0x0, 0x0, 0x0, 0x5,
    0x70, 0xb, 0x0, 0x2, 0x60, 0x0, 0x0, 0x62,
    0x0, 0xb, 0x5, 0x60, 0x0, 0xcf, 0x40, 0x0,
    0x5f, 0xb0, 0x0, 0x65, 0x92, 0x0, 0xa, 0xf2,
    0x0, 0x3, 0xf8, 0x0, 0x2, 0x8a, 0x0, 0x0,
    0x1, 0x0, 0x0, 0x1, 0x0, 0x0, 0xa, 0xa0,
    0x0, 0x0, 0x0, 0x0, 0x0, 0x0, 0x0, 0x0,
    0xa8, 0x20, 0x0, 0x0, 0x0, 0x0, 0x0, 0x0,
    0x0, 0x28, 0x46, 0x0, 0x0, 0x5, 0x9a, 0x95,
    0x0, 0x0, 0x7, 0x40, 0xb0, 0x0, 0x4b, 0x61,
    0x2, 0x6c, 0x30, 0x0, 0xb0, 0x6, 0x60, 0x0,
    0x0, 0x0, 0x0, 0x0, 0x0, 0x66, 0x0, 0xa,
    0x30, 0x0, 0x0, 0x0, 0x0, 0x0, 0x4a, 0x0,
    0x0, 0xb, 0x50, 0x0, 0x0, 0x0, 0x0, 0x5b,
    0x0, 0x0, 0x0, 0x8, 0xb4, 0x0, 0x0, 0x4,
    0xb7, 0x0, 0x0, 0x0, 0x0, 0x1, 0x7b, 0xbb,
    0xbb, 0x71, 0x0, 0x0, 0x0,

    /* U+1F642 "🙂" */
    0x0, 0x0, 0x0, 0x0, 0x0, 0x0, 0x0, 0x0,
    0x0, 0x0, 0x0, 0x0, 0x28, 0xbb, 0xab, 0xb8,
    0x20, 0x0, 0x0, 0x0, 0x0, 0x9a, 0x30, 0x0,
    0x0, 0x3a, 0x90, 0x0, 0x0, 0x1, 0xb4, 0x0,
    0x0, 0x0, 0x0, 0x4, 0xb1, 0x0, 0x0, 0xb2,
    0x0, 0x0, 0x0, 0x0, 0x0, 0x3, 0xb0, 0x0,
    0x75, 0x0, 0x0, 0x0, 0x0, 0x0, 0x0, 0x5,
    0x70, 0xb, 0x0, 0x2, 0x60, 0x0, 0x0, 0x62,
    0x0, 0xb, 0x5, 0x60, 0x0, 0xcf, 0x40, 0x0,
    0x5f, 0xb0, 0x0, 0x65, 0x92, 0x0, 0xa, 0xf2,
    0x0, 0x3, 0xf8, 0x0, 0x2, 0x8a, 0x0, 0x0,
    0x1, 0x0, 0x0, 0x1, 0x0, 0x0, 0xa, 0xa0,
    0x0, 0x0, 0x0, 0x0, 0x0, 0x0, 0x0, 0x0,
    0xa8, 0x20, 0x0, 0x0, 0x0, 0x0, 0x0, 0x0,
    0x0, 0x28, 0x46, 0x0, 0x1, 0x0, 0x0, 0x0,
    0x0, 0x0, 0x7, 0x40, 0xb0, 0x0, 0x3c, 0x72,
    0x13, 0x7c, 0x30, 0x0, 0xb0, 0x6, 0x60, 0x0,
    0x4, 0x89, 0x84, 0x0, 0x0, 0x66, 0x0, 0xa,
    0x30, 0x0, 0x0, 0x0, 0x0, 0x0, 0x4a, 0x0,
    0x0, 0xb, 0x50, 0x0, 0x0, 0x0, 0x0, 0x5b,
    0x0, 0x0, 0x0, 0x8, 0xb4, 0x0, 0x0, 0x4,
    0xb7, 0x0, 0x0, 0x0, 0x0, 0x1, 0x7b, 0xbb,
    0xbb, 0x71, 0x0, 0x0, 0x0,

    /* U+1F643 "🙃" */
    0x0, 0x0, 0x0, 0x0, 0x0, 0x0, 0x0, 0x0,
    0x0, 0x0, 0x0, 0x0, 0x28, 0xbb, 0xab, 0xb8,
    0x20, 0x0, 0x0, 0x0, 0x0, 0x9a, 0x30, 0x0,
    0x0, 0x3a, 0x90, 0x0, 0x0, 0x1, 0xb4, 0x0,
    0x0, 0x0, 0x0, 0x4, 0xb1, 0x0, 0x0, 0xb2,
    0x0, 0x0, 0x0, 0x0, 0x0, 0x3, 0xb0, 0x0,
    0x75, 0x0, 0x0, 0x69, 0xa9, 0x50, 0x0, 0x5,
    0x70, 0xb, 0x0, 0x4, 0xb5, 0x10, 0x16, 0xb3,
    0x0, 0xb, 0x5, 0x60, 0x0, 0x0, 0x0, 0x0,
    0x0, 0x0, 0x0, 0x65, 0x92, 0x0, 0x0, 0x0,
    0x0, 0x0, 0x0, 0x0, 0x2, 0x8a, 0x0, 0x0,
    0x0, 0x0, 0x0, 0x0, 0x0, 0x0, 0xa, 0xa0,
    0x0, 0x2, 0x60, 0x0, 0x0, 0x62, 0x0, 0x0,
    0xa8, 0x20, 0x0, 0xcf, 0x40, 0x0, 0x5f, 0xb0,
    0x0, 0x28, 0x46, 0x0, 0xa, 0xf2, 0x0, 0x3,
    0xf8, 0x0, 0x7, 0x40, 0xb0, 0x0, 0x1, 0x0,
    0x0, 0x1, 0x0, 0x0, 0xb0, 0x6, 0x60, 0x0,
    0x0, 0x0, 0x0, 0x0, 0x0, 0x66, 0x0, 0xa,
    0x30, 0x0, 0x0, 0x0, 0x0, 0x0, 0x4a, 0x0,
    0x0, 0xb, 0x50, 0x0, 0x0, 0x0, 0x0, 0x5b,
    0x0, 0x0, 0x0, 0x8, 0xb4, 0x0, 0x0, 0x4,
    0xb8, 0x0, 0x0, 0x0, 0x0, 0x1, 0x7b, 0xbb,
    0xbb, 0x71, 0x0, 0x0, 0x0,

    /* U+1F644 "🙄" */
    0x0, 0x0, 0x0, 0x0, 0x0, 0x0, 0x0, 0x0,
    0x0, 0x0, 0x0, 0x0, 0x28, 0xbb, 0xab, 0xb8,
    0x20, 0x0, 0x0, 0x0, 0x0, 0x9a, 0x30, 0x0,
    0x0, 0x3a, 0x90, 0x0, 0x0, 0x1, 0xb4, 0x0,
    0x0, 0x0, 0x0, 0x4, 0xb1, 0x0, 0x0, 0xb2,
    0x0, 0x0, 0x0, 0x0, 0x0, 0x3, 0xb0, 0x0,
    0x75, 0x0, 0x0, 0x0, 0x0, 0x0, 0x0, 0x5,
    0x70, 0xb, 0x0, 0x6f, 0xf2, 0x0, 0x7, 0xff,
    0x50, 0xb, 0x5, 0x60, 0x4c, 0xfe, 0xb1, 0x6,
    0xcf, 0xfb, 0x40, 0x65, 0x92, 0xa, 0x18, 0x56,
    0x50, 0xb0, 0x87, 0x1a, 0x2, 0x8a, 0x0, 0xa2,
    0x0, 0x74, 0xb, 0x0, 0x2, 0x90, 0xa, 0xa0,
    0x3, 0xb2, 0x4b, 0x0, 0x4a, 0x22, 0xc2, 0x0,
    0xa8, 0x20, 0x3, 0x98, 0x10, 0x0, 0x39, 0x82,
    0x0, 0x28, 0x46, 0x0, 0x0, 0x0, 0x0, 0x0,
    0x0, 0x0, 0x7, 0x40, 0xb0, 0x0, 0x0, 0x0,
    0x0, 0x0, 0x0, 0x0, 0xb0, 0x6, 0x60, 0x0,
    0x0, 0x0, 0x0, 0x0, 0x0, 0x66, 0x0, 0xa,
    0x30, 0x0, 0x9a, 0xaa, 0x40, 0x0, 0x4a, 0x0,
    0x0, 0xb, 0x50, 0x0, 0x0, 0x0, 0x0, 0x5b,
    0x0, 0x0, 0x0, 0x8, 0xb4, 0x0, 0x0, 0x4,
    0xb7, 0x0, 0x0, 0x0, 0x0, 0x1, 0x7b, 0xbb,
    0xbb, 0x71, 0x0, 0x0, 0x0,

    /* U+1F645 "🙅" */
    0x0, 0x0, 0x0, 0x6, 0xbb, 0xbb, 0xa5, 0x0,
    0x0, 0x0, 0x0, 0x0, 0x0, 0x1b, 0x50, 0x0,
    0x0, 0x7a, 0x0, 0x0, 0x0, 0x0, 0x0, 0xb,
    0x20, 0x0, 0x0, 0x0, 0x3a, 0x0, 0x0, 0x0,
    0x0, 0x9, 0x30, 0x0, 0x0, 0x0, 0x0, 0x57,
    0x0, 0x0, 0x0, 0x4, 0x80, 0x5, 0x60, 0x0,
    0x73, 0x0, 0xa2, 0x0, 0x0, 0x0, 0xb0, 0x0,
    0xab, 0x0, 0xe, 0x80, 0x2, 0xb0, 0x0, 0x0,
    0x94, 0x0, 0x1, 0x10, 0x0, 0x10, 0x0, 0x6,
    0x70, 0x0, 0x58, 0x49, 0x98, 0x20, 0x4d, 0x30,
    0x39, 0x9a, 0x4a, 0x30, 0x1b, 0x8, 0x20, 0x18,
    0x84, 0xb2, 0x98, 0x10, 0x28, 0xb, 0x8, 0x40,
    0x1a, 0x40, 0x3, 0xa3, 0xa3, 0x0, 0x4a, 0x0,
    0x65, 0xb0, 0x0, 0x8, 0x70, 0x1, 0xf5, 0x0,
    0x87, 0x0, 0x1, 0xab, 0x0, 0x0, 0x5, 0xd0,
    0x0, 0x8a, 0xc4, 0x0, 0x0, 0xa, 0xa1, 0x8,
    0x99, 0x97, 0xa1, 0x0, 0x2a, 0xa9, 0x95, 0x3,
    0x84, 0x90, 0x0, 0x0, 0x1, 0xb2, 0x0, 0x0,
    0x0, 0x0, 0xb2, 0x6, 0xa4, 0x10, 0x2, 0x6c,
    0xd9, 0x41, 0x0, 0x15, 0xb4, 0x0, 0x1, 0x69,
    0xba, 0x85, 0x0, 0x16, 0x9a, 0xa9, 0x60, 0x0,

    /* U+1F646 "🙆" */
    0x0, 0x0, 0x2, 0x10, 0x0, 0x0, 0x0, 0x30,
    0x0, 0x0, 0x0, 0x0, 0x2a, 0xb9, 0x91, 0x5,
    0xaa, 0x86, 0x0, 0x0, 0x0, 0x0, 0x82, 0x51,
    0x29, 0xb, 0x5, 0xa, 0x0, 0x0, 0x0, 0x2,
    0xa0, 0x0, 0x47, 0xb, 0x10, 0x7, 0x50, 0x0,
    0x0, 0x3a, 0x10, 0x19, 0x80, 0x2, 0xa6, 0x0,
    0x77, 0x0, 0x1, 0xa0, 0x6, 0x91, 0x0, 0x0,
    0x4, 0xa2, 0x7, 0x50, 0x9, 0x20, 0x66, 0x5,
    0xab, 0xbb, 0x82, 0xa, 0x20, 0xa1, 0x19, 0x1,
    0x92, 0xb6, 0x10, 0x0, 0x39, 0x81, 0xa0, 0x47,
    0x54, 0x8, 0x4a, 0x0, 0x0, 0x0, 0x0, 0x4a,
    0x82, 0xa, 0x82, 0xa, 0xa0, 0x0, 0x0, 0x0,
    0x0, 0x4, 0xc6, 0xa, 0x90, 0xe, 0x20, 0xd,
    0x70, 0x0, 0xe2, 0x0, 0x98, 0x9, 0x81, 0x2,
    0x0, 0x9, 0x50, 0x0, 0xa1, 0x0, 0x2, 0x9,
    0x64, 0x0, 0x0, 0x0, 0x0, 0x0, 0x0, 0x0,
    0x0, 0xa, 0x18, 0x0, 0x0, 0x6, 0x82, 0x14,
    0xa0, 0x0, 0x0, 0x27, 0x9, 0x10, 0x0, 0x0,
    0x49, 0xa7, 0x0, 0x0, 0x0, 0x91, 0x1, 0xb0,
    0x0, 0x0, 0x0, 0x0, 0x0, 0x0, 0x6, 0x60,
    0x0, 0x2b, 0x20, 0x0, 0x0, 0x0, 0x0, 0x0,
    0x87, 0x0, 0x0, 0x1, 0x99, 0x40, 0x0, 0x0,
    0x2, 0x7b, 0x40, 0x0, 0x0, 0x0, 0x1, 0x7a,
    0xbb, 0xba, 0xb8, 0x30, 0x0, 0x0,

    /* U+1F647 "🙇" */
    0x0, 0x0, 0x0, 0x0, 0x0, 0x0, 0x0, 0x0,
    0x0, 0x0, 0x0, 0x0, 0x0, 0x0, 0x5, 0x50,
    0x0, 0x0, 0xa0, 0x0, 0x0, 0x0, 0x0, 0x0,
    0x0, 0x0, 0xa0, 0x0, 0x3, 0x70, 0x0, 0x0,
    0x0, 0x0, 0x5, 0x30, 0x0, 0x60, 0x0, 0x4,
    0x20, 0x0, 0x80, 0x0, 0x0, 0x0, 0xb1, 0x0,
    0x16, 0x99, 0x73, 0x0, 0x9, 0x30, 0x0, 0x0,
    0x0, 0x11, 0x8, 0xa4, 0x21, 0x38, 0xb2, 0x3,
    0x0, 0x0, 0x0, 0x0, 0x0, 0xb3, 0x0, 0x0,
    0x0, 0x1a, 0x30, 0x0, 0x0, 0x0, 0x0, 0xa,
    0x20, 0x0, 0x0, 0x0, 0x0, 0xa2, 0x0, 0x0,
    0x0, 0x0, 0x93, 0x0, 0x0, 0x0, 0x0, 0x0,
    0xb, 0x10, 0x0, 0x0, 0x9, 0x50, 0x0, 0x0,
    0x0, 0x0, 0x0, 0x2, 0xb1, 0x0, 0x0, 0xa5,
    0x0, 0x0, 0x0, 0x0, 0x0, 0x0, 0x0, 0x1b,
    0x10, 0x8, 0x50, 0x0, 0x5, 0x73, 0x0, 0x6,
    0x71, 0x0, 0x1, 0xb0, 0x29, 0x0, 0x0, 0x2,
    0x2, 0x0, 0x2, 0x1, 0x0, 0x0, 0x48, 0x82,
    0x2, 0x0, 0x8, 0xc1, 0x0, 0x7, 0xc1, 0x0,
    0x30, 0xa, 0xa0, 0x9, 0x10, 0x4, 0x70, 0x0,
    0x3, 0x70, 0x0, 0xb0, 0xa, 0x82, 0x3, 0xba,
    0x75, 0x10, 0x0, 0x0, 0x36, 0x9b, 0x60, 0xa,
    0x29, 0x0, 0x1, 0x36, 0xa9, 0x0, 0x2b, 0x84,
    0x20, 0x0, 0x48, 0x6, 0xa3, 0x0, 0x0, 0xa,
    0xca, 0xf3, 0x0, 0x0, 0x27, 0xa0, 0x0, 0x27,
    0xab, 0xbb, 0xb8, 0x0, 0x2a, 0xbb, 0xba, 0x94,
    0x0,

    /* U+1F648 "🙈" */
    0x0, 0x0, 0x0, 0x0, 0x28, 0xbb, 0xb9, 0x30,
    0x0, 0x0, 0x0, 0x0, 0x0, 0x0, 0x0, 0x99,
    0x20, 0x0, 0x28, 0xa1, 0x0, 0x0, 0x0, 0x0,
    0x0, 0x0, 0xa3, 0x0, 0x0, 0x0, 0x2, 0xb1,
    0x0, 0x0, 0x0, 0x0, 0x0, 0x83, 0x0, 0x0,
    0x0, 0x0, 0x2, 0xa0, 0x0, 0x0, 0x0, 0x0,
    0x29, 0x4f, 0xff, 0x95, 0x7e, 0xff, 0x88, 0x40,
    0x0, 0x0, 0x0, 0x8, 0x99, 0x1b, 0xaf, 0x8f,
    0xbb, 0x45, 0xcb, 0x0, 0x0, 0x0, 0x3b, 0xe9,
    0x0, 0x0, 0x2e, 0x70, 0x0, 0x3, 0xfb, 0x70,
    0x0, 0xb, 0x3b, 0x0, 0x0, 0x2, 0xe6, 0x0,
    0x0, 0x5, 0xaa, 0x50, 0x0, 0xbc, 0x10, 0x0,
    0x1, 0xa5, 0xb3, 0x0, 0x0, 0x8, 0xe7, 0x0,
    0xf, 0x30, 0x0, 0x6a, 0x81, 0x72, 0x7a, 0x71,
    0x0, 0xf, 0x40, 0x4, 0x90, 0x8, 0xf5, 0xa,
    0xde, 0xeb, 0x23, 0xf9, 0x10, 0x2b, 0x0, 0xa1,
    0x1f, 0x88, 0x40, 0x9f, 0xff, 0xc2, 0x1b, 0x4f,
    0x20, 0x93, 0xc, 0x9, 0x2b, 0x1b, 0x71, 0x1,
    0x0, 0x5b, 0x2a, 0x2a, 0x4, 0x70, 0xa0, 0xc0,
    0x6e, 0x15, 0x9b, 0xbb, 0xa6, 0x1a, 0xa0, 0xc0,
    0x29, 0xb, 0x7, 0xcc, 0x4b, 0xa3, 0x20, 0x13,
    0x8c, 0x4b, 0xc9, 0x4, 0x70, 0xa2, 0x0, 0x0,
    0x6c, 0x7a, 0xaa, 0x88, 0xa0, 0x1, 0x0, 0xa3,
    0x2, 0xc4, 0x1, 0x8a, 0x0, 0x0, 0x0, 0x6,
    0xb3, 0x2, 0x98, 0x0, 0x1, 0x8a, 0x94, 0x0,
    0x0, 0x0, 0x0, 0x2, 0x8a, 0x94, 0x0,

    /* U+1F649 "🙉" */
    0x0, 0x0, 0x0, 0x3, 0x8b, 0xbb, 0x94, 0x0,
    0x0, 0x0, 0x0, 0x0, 0x0, 0x1, 0xa8, 0x20,
    0x0, 0x17, 0xb2, 0x0, 0x0, 0x0, 0x0, 0x0,
    0x1b, 0x30, 0x0, 0x0, 0x0, 0x1b, 0x30, 0x0,
    0x0, 0x0, 0x0, 0xb2, 0x39, 0x82, 0x0, 0x69,
    0x61, 0xb0, 0x0, 0x0, 0x0, 0x18, 0x83, 0xa1,
    0x3a, 0xbb, 0x41, 0x77, 0x4b, 0x20, 0x0, 0x4,
    0xc9, 0xb8, 0x30, 0x0, 0x0, 0x0, 0xc, 0x6b,
    0xb5, 0x0, 0xb, 0x10, 0xa6, 0x54, 0xb0, 0x0,
    0x87, 0x1b, 0x73, 0xb, 0x0, 0xb, 0x2, 0x83,
    0x86, 0xe0, 0x0, 0xba, 0x47, 0x56, 0xa, 0x0,
    0xb, 0x1, 0xa4, 0x70, 0x10, 0x92, 0x0, 0x38,
    0x65, 0xa, 0x0, 0xb, 0x0, 0xb9, 0x20, 0x0,
    0x31, 0x0, 0xc, 0x82, 0xa, 0x0, 0x1b, 0x5,
    0x9b, 0x1, 0xdf, 0xff, 0xe4, 0xb, 0x58, 0x9,
    0x20, 0x75, 0x1f, 0x56, 0x60, 0x7d, 0xfd, 0x91,
    0x3a, 0x1f, 0x23, 0x80, 0xb0, 0x94, 0xb0, 0x99,
    0x30, 0x0, 0x28, 0xb1, 0x94, 0xb0, 0xb0, 0xb0,
    0xc0, 0x5f, 0x2, 0x7a, 0xba, 0x84, 0xa, 0xa0,
    0xc0, 0xb0, 0xb0, 0x6c, 0xd6, 0xb9, 0x31, 0x0,
    0x28, 0xb5, 0xbc, 0x90, 0xb0, 0xa2, 0x1, 0x0,
    0x4d, 0x7a, 0xba, 0x8a, 0x80, 0x1, 0x2, 0xa0,
    0x1b, 0x40, 0x17, 0xa0, 0x0, 0x0, 0x0, 0x89,
    0x20, 0x3b, 0x20, 0x0, 0x7a, 0x94, 0x0, 0x0,
    0x0, 0x0, 0x3, 0x9a, 0x71, 0x0,

    /* U+1F64A "🙊" */
    0x0, 0x0, 0x0, 0x3, 0x8b, 0xbb, 0x94, 0x0,
    0x0, 0x0, 0x0, 0x0, 0x0, 0x1a, 0x82, 0x0,
    0x1, 0x7b, 0x20, 0x0, 0x0, 0x0, 0x0, 0x1b,
    0x20, 0x0, 0x0, 0x0, 0x1b, 0x30, 0x0, 0x0,
    0x0, 0xa, 0x22, 0x86, 0x0, 0x5, 0x84, 0x1b,
    0x0, 0x0, 0x0, 0x3, 0x82, 0xa1, 0x39, 0x9a,
    0x41, 0x84, 0x57, 0x0, 0x0, 0x2, 0xb1, 0x73,
    0x0, 0x0, 0x0, 0x0, 0xa0, 0xc3, 0x0, 0x6,
    0x94, 0x5, 0x53, 0xb0, 0x0, 0x87, 0x28, 0x3,
    0x7a, 0x0, 0xb4, 0x90, 0x28, 0x5e, 0x0, 0xa,
    0x95, 0x50, 0x77, 0x73, 0xa, 0x7c, 0x3, 0x70,
    0x1, 0xb1, 0x0, 0x46, 0x8, 0xb6, 0x40, 0xa4,
    0x10, 0x82, 0x8, 0xb5, 0x67, 0x10, 0xa0, 0x12,
    0xb0, 0x0, 0x7c, 0x9, 0x2a, 0x31, 0x9e, 0xbb,
    0x3a, 0xa, 0x81, 0x0, 0x0, 0x73, 0x4f, 0x10,
    0x0, 0x9, 0x2c, 0xa1, 0xa0, 0x0, 0x0, 0x1,
    0xeb, 0x10, 0x0, 0x0, 0x91, 0x9, 0xf3, 0x0,
    0x0, 0x2, 0xa7, 0x0, 0x0, 0x0, 0x59, 0x0,
    0x4, 0xb6, 0x0, 0x1, 0xb1, 0x0, 0x1, 0x9b,
    0xef, 0xb3, 0x0, 0x0, 0x77, 0x0, 0x55, 0x0,
    0x5, 0xba, 0xaa, 0xa9, 0xa9, 0x0, 0x0, 0xb0,
    0x2, 0xa0, 0x29, 0x70, 0x0, 0x0, 0x0, 0x2b,
    0x40, 0x49, 0x0, 0x4, 0xa9, 0x20, 0x0, 0x0,
    0x0, 0x0, 0x7, 0xa7, 0x0,

    /* U+1F64B "🙋" */
    0x0, 0x0, 0x0, 0x0, 0x0, 0x0, 0x0, 0x0,
    0x8b, 0xa7, 0x0, 0x0, 0x0, 0x0, 0x0, 0x48,
    0x0, 0xa0, 0x0, 0x0, 0x0, 0x0, 0x8, 0x30,
    0xb, 0x60, 0x0, 0x0, 0x0, 0x0, 0x83, 0x0,
    0x49, 0x0, 0x0, 0x0, 0x0, 0x7, 0x30, 0x99,
    0x2, 0x8a, 0xa7, 0x10, 0x0, 0x92, 0xa, 0x8,
    0x82, 0x1, 0x4a, 0x70, 0xa, 0x0, 0xa9, 0x41,
    0x0, 0x0, 0x7, 0x70, 0xb0, 0xf, 0x60, 0xf4,
    0x0, 0x0, 0xa, 0x1b, 0x0, 0xa0, 0xa, 0x10,
    0x6e, 0x0, 0x46, 0xb0, 0x0, 0x2, 0x0, 0x3,
    0x80, 0x2, 0x9b, 0x0, 0x0, 0x4a, 0x40, 0x0,
    0x0, 0x28, 0xa0, 0x0, 0x0, 0x16, 0x99, 0x50,
    0x5, 0x67, 0x40, 0x0, 0x0, 0x0, 0x0, 0x0,
    0x82, 0x29, 0x0, 0x0, 0x0, 0x0, 0x0, 0xa,
    0x10, 0xb1, 0x0, 0x0, 0x0, 0x0, 0x0, 0x38,
    0x3, 0xb0, 0x0, 0x0, 0x0, 0x0, 0x1, 0xa0,
    0x4, 0xb5, 0x0, 0x0, 0x0, 0x16, 0xb2, 0x0,
    0x0, 0x6a, 0xbb, 0xbb, 0xb9, 0x50, 0x0,

    /* U+1F64C "🙌" */
    0x0, 0x0, 0x0, 0x0, 0x0, 0x30, 0x0, 0x0,
    0x0, 0x0, 0x0, 0x0, 0x0, 0x0, 0x0, 0xc,
    0x0, 0x0, 0x0, 0x0, 0x0, 0x0, 0x0, 0x0,
    0x27, 0x0, 0xc0, 0x6, 0x40, 0x0, 0x0, 0x0,
    0x0, 0x0, 0x0, 0x93, 0xa, 0x3, 0xa0, 0x0,
    0x0, 0x0, 0x0, 0x4, 0xb3, 0x0, 0x40, 0x0,
    0x50, 0x2, 0xb4, 0x0, 0x0, 0x9, 0xf3, 0xf6,
    0x0, 0x0, 0x0, 0x5, 0xf4, 0xf8, 0x0, 0x1c,
    0xab, 0x2b, 0x91, 0x0, 0x0, 0x0, 0xb9, 0x3b,
    0xba, 0x18, 0x88, 0xb2, 0x99, 0x10, 0x0, 0x0,
    0xb, 0x83, 0xb9, 0x77, 0xa4, 0x8b, 0x29, 0x91,
    0x0, 0x0, 0x0, 0xb8, 0x3b, 0x84, 0x9b, 0x38,
    0xb6, 0x99, 0x10, 0x0, 0x0, 0xb, 0x87, 0xb8,
    0x3a, 0xb4, 0xf9, 0x62, 0x95, 0x95, 0x5, 0x94,
    0xb2, 0x69, 0xf3, 0xbb, 0x1, 0x0, 0x3b, 0x93,
    0xc0, 0xc3, 0xad, 0x40, 0x1, 0xb, 0xb0, 0x0,
    0x99, 0x51, 0xc2, 0x3, 0xc1, 0x59, 0xa0, 0x0,
    0xbb, 0x0, 0x47, 0x0, 0x65, 0x0, 0x5, 0x60,
    0x7, 0x40, 0xb, 0x93, 0x0, 0x0, 0xb, 0x0,
    0x0, 0xc, 0x0, 0x0, 0x4, 0x71, 0xb0, 0x0,
    0xa, 0x40, 0x0, 0x0, 0x4b, 0x0, 0x0, 0xb1,
    0xb, 0x0, 0x0, 0xb0, 0x0, 0x0, 0x0, 0x92,
    0x0, 0xb, 0x0, 0xb0, 0x0, 0xa, 0x0, 0x0,
    0x0, 0x8, 0x20, 0x0, 0xb0, 0xa, 0x0, 0x0,
    0xa0, 0x0, 0x0, 0x0, 0x82, 0x0, 0xa, 0x0,

    /* U+1F64D "🙍" */
    0x0, 0x0, 0x0, 0x2, 0x8a, 0xa9, 0x50, 0x0,
    0x0, 0x0, 0x0, 0x0, 0x0, 0x89, 0x30, 0x2,
    0x6b, 0x20, 0x0, 0x0, 0x0, 0x0, 0x9, 0x50,
    0x0, 0x0, 0x1, 0xb2, 0x0, 0x0, 0x0, 0x0,
    0x57, 0x0, 0x0, 0x0, 0x0, 0x1b, 0x0, 0x0,
    0x0, 0x1, 0xa0, 0x0, 0x0, 0x0, 0x0, 0x5,
    0x60, 0x0, 0x0, 0xa, 0x20, 0x20, 0x20, 0x2,
    0x1, 0x10, 0xa1, 0x0, 0x0, 0x67, 0x0, 0x69,
    0x71, 0x5, 0x98, 0x20, 0x1b, 0x0, 0x2, 0xa0,
    0x0, 0x0, 0x0, 0x0, 0x0, 0x0, 0x4, 0x80,
    0xb, 0x0, 0x0, 0x1, 0x9a, 0x9a, 0x40, 0x0,
    0x0, 0x83, 0x46, 0x0, 0x0, 0x1, 0x10, 0x0,
    0x20, 0x0, 0x0, 0x1a, 0x82, 0x0, 0x0, 0x0,
    0x0, 0x0, 0x0, 0x0, 0x0, 0xb, 0x74, 0x0,
    0x0, 0x0, 0x0, 0x0, 0x0, 0x0, 0x0, 0xb,
    0x1b, 0x30, 0x0, 0x0, 0x0, 0x0, 0x0, 0x0,
    0x0, 0x95, 0x1, 0x9a, 0x51, 0x0, 0x0, 0x0,
    0x0, 0x3, 0x8b, 0x40, 0x0, 0x1, 0x59, 0xbb,
    0xbb, 0xbb, 0xbb, 0xa7, 0x30, 0x0,

    /* U+1F64E "🙎" */
    0x0, 0x0, 0x0, 0x6, 0xbb, 0xbb, 0xa5, 0x0,
    0x0, 0x0, 0x0, 0x0, 0x0, 0x1b, 0x50, 0x0,
    0x0, 0x7a, 0x0, 0x0, 0x0, 0x0, 0x0, 0xb,
    0x20, 0x0, 0x0, 0x0, 0x3a, 0x0, 0x0, 0x0,
    0x0, 0x9, 0x40, 0x0, 0x0, 0x0, 0x0, 0x67,
    0x0, 0x0, 0x0, 0x3, 0x90, 0x4, 0x60, 0x0,
    0x73, 0x0, 0xa2, 0x0, 0x0, 0x0, 0xb0, 0x0,
    0xbe, 0x0, 0xf, 0x90, 0x2, 0xa0, 0x0, 0x0,
    0x94, 0x0, 0x0, 0x0, 0x0, 0x0, 0x0, 0x7,
    0x60, 0x0, 0x58, 0x0, 0x0, 0x1, 0x8a, 0x71,
    0x0, 0x0, 0xa, 0x30, 0x1b, 0x0, 0x0, 0x0,
    0x93, 0x4, 0x80, 0x0, 0x0, 0x1c, 0x8, 0x40,
    0x0, 0x8, 0x85, 0x0, 0x27, 0x97, 0x10, 0x0,
    0x65, 0xb0, 0x0, 0x9, 0x21, 0x5d, 0xa7, 0x10,
    0x2a, 0x0, 0x1, 0xab, 0x0, 0x0, 0x90, 0x4,
    0x70, 0x0, 0x20, 0x37, 0x0, 0xa, 0xa1, 0x6,
    0xaf, 0x22, 0x80, 0x0, 0x99, 0xaa, 0xf6, 0x3,
    0x84, 0x90, 0x0, 0x17, 0x70, 0x2, 0xa2, 0x0,
    0x0, 0x0, 0xb1, 0x6, 0xa4, 0x10, 0x2, 0x5a,
    0xea, 0x52, 0x10, 0x15, 0xb4, 0x0, 0x1, 0x69,
    0xaa, 0x85, 0x0, 0x15, 0x8a, 0xa9, 0x61, 0x0,

    /* U+1F64F "🙏" */
    0x0, 0x0, 0x0, 0x0, 0x32, 0x30, 0x0, 0x0,
    0x0, 0x0, 0x0, 0x0, 0x0, 0x69, 0xfa, 0x30,
    0x0, 0x0, 0x0, 0x0, 0x0, 0x0, 0xe, 0xef,
    0xf9, 0x0, 0x0, 0x0, 0x0, 0x0, 0x0, 0x0,
    0xd0, 0xf3, 0xa0, 0x0, 0x0, 0x0, 0x0, 0x0,
    0x0, 0xf, 0xcf, 0xcf, 0x0, 0x0, 0x0, 0x0,
    0x0, 0x0, 0x0, 0xe0, 0xf0, 0xe0, 0x0, 0x0,
    0x0, 0x0, 0x0, 0x0, 0x29, 0xf, 0xb, 0x0,
    0x0, 0x0, 0x0, 0x0, 0x0, 0x4, 0x60, 0xf0,
    0x92, 0x0, 0x0, 0x0, 0x0, 0x0, 0x0, 0x83,
    0xf, 0x5, 0x60, 0x0, 0x0, 0x0, 0x0, 0x0,
    0xb, 0x0, 0xf0, 0x1a, 0x0, 0x0, 0x0, 0x0,
    0x0, 0x0, 0xa0, 0xf, 0x0, 0xb0, 0x0, 0x0,
    0x0, 0x0, 0x5, 0xa8, 0x0, 0xf0, 0xa, 0x83,
    0x0, 0x0, 0x0, 0x6b, 0xcc, 0x0, 0xf, 0x0,
    0xf, 0xab, 0x50, 0x1, 0xb5, 0x1, 0xa0, 0x0,
    0xf0, 0x0, 0xb0, 0x6, 0xb0, 0x0, 0x0, 0x8,
    0x40, 0x8f, 0x70, 0x66, 0x0, 0x0, 0x0, 0x0,
    0x0, 0xc, 0xc7, 0xa, 0xaa, 0x0, 0x0, 0x0,
    0x0, 0x0, 0x0, 0x1f, 0x90, 0xbf, 0x0, 0x0,
    0x0, 0x0, 0x0, 0x0, 0x1, 0xa7, 0x9, 0x90,
    0x0, 0x0, 0x0, 0x0, 0x0, 0x0, 0xa3, 0x0,
    0x4, 0x90, 0x0, 0x0, 0x0, 0x0, 0x0, 0x0,
    0x0, 0x0, 0x0, 0x0, 0x0, 0x0
};


/*---------------------
 *  GLYPH DESCRIPTION
 *--------------------*/

static const lv_font_fmt_txt_glyph_dsc_t glyph_dsc[] = {
    {.bitmap_index = 0, .adv_w = 0, .box_w = 0, .box_h = 0, .ofs_x = 0, .ofs_y = 0} /* id = 0 reserved */,
    {.bitmap_index = 0, .adv_w = 366, .box_w = 19, .box_h = 19, .ofs_x = 2, .ofs_y = -3},
    {.bitmap_index = 181, .adv_w = 366, .box_w = 21, .box_h = 15, .ofs_x = 1, .ofs_y = -1},
    {.bitmap_index = 339, .adv_w = 366, .box_w = 19, .box_h = 19, .ofs_x = 2, .ofs_y = -3},
    {.bitmap_index = 520, .adv_w = 366, .box_w = 15, .box_h = 19, .ofs_x = 4, .ofs_y = -3},
    {.bitmap_index = 663, .adv_w = 366, .box_w = 19, .box_h = 18, .ofs_x = 2, .ofs_y = -3},
    {.bitmap_index = 834, .adv_w = 366, .box_w = 22, .box_h = 19, .ofs_x = 0, .ofs_y = -3},
    {.bitmap_index = 1043, .adv_w = 366, .box_w = 19, .box_h = 19, .ofs_x = 2, .ofs_y = -3},
    {.bitmap_index = 1224, .adv_w = 366, .box_w = 19, .box_h = 19, .ofs_x = 2, .ofs_y = -3},
    {.bitmap_index = 1405, .adv_w = 366, .box_w = 17, .box_h = 19, .ofs_x = 3, .ofs_y = -3},
    {.bitmap_index = 1567, .adv_w = 366, .box_w = 19, .box_h = 19, .ofs_x = 2, .ofs_y = -3},
    {.bitmap_index = 1748, .adv_w = 366, .box_w = 13, .box_h = 19, .ofs_x = 5, .ofs_y = -3},
    {.bitmap_index = 1872, .adv_w = 366, .box_w = 19, .box_h = 19, .ofs_x = 2, .ofs_y = -3},
    {.bitmap_index = 2053, .adv_w = 366, .box_w = 19, .box_h = 19, .ofs_x = 2, .ofs_y = -3},
    {.bitmap_index = 2234, .adv_w = 366, .box_w = 19, .box_h = 19, .ofs_x = 2, .ofs_y = -3},
    {.bitmap_index = 2415, .adv_w = 366, .box_w = 19, .box_h = 19, .ofs_x = 2, .ofs_y = -3},
    {.bitmap_index = 2596, .adv_w = 366, .box_w = 19, .box_h = 19, .ofs_x = 2, .ofs_y = -3},
    {.bitmap_index = 2777, .adv_w = 366, .box_w = 19, .box_h = 19, .ofs_x = 2, .ofs_y = -3},
    {.bitmap_index = 2958, .adv_w = 366, .box_w = 19, .box_h = 19, .ofs_x = 2, .ofs_y = -3},
    {.bitmap_index = 3139, .adv_w = 366, .box_w = 19, .box_h = 19, .ofs_x = 2, .ofs_y = -3},
    {.bitmap_index = 3320, .adv_w = 366, .box_w = 19, .box_h = 19, .ofs_x = 2, .ofs_y = -3},
    {.bitmap_index = 3501, .adv_w = 366, .box_w = 19, .box_h = 19, .ofs_x = 2, .ofs_y = -3},
    {.bitmap_index = 3682, .adv_w = 366, .box_w = 13, .box_h = 19, .ofs_x = 5, .ofs_y = -3},
    {.bitmap_index = 3806, .adv_w = 366, .box_w = 19, .box_h = 19, .ofs_x = 2, .ofs_y = -3},
    {.bitmap_index = 3987, .adv_w = 366, .box_w = 19, .box_h = 19, .ofs_x = 2, .ofs_y = -3},
    {.bitmap_index = 4168, .adv_w = 366, .box_w = 19, .box_h = 19, .ofs_x = 2, .ofs_y = -3},
    {.bitmap_index = 4349, .adv_w = 366, .box_w = 19, .box_h = 19, .ofs_x = 2, .ofs_y = -3},
    {.bitmap_index = 4530, .adv_w = 366, .box_w = 19, .box_h = 19, .ofs_x = 2, .ofs_y = -3},
    {.bitmap_index = 4711, .adv_w = 366, .box_w = 19, .box_h = 19, .ofs_x = 2, .ofs_y = -3},
    {.bitmap_index = 4892, .adv_w = 366, .box_w = 19, .box_h = 19, .ofs_x = 2, .ofs_y = -3},
    {.bitmap_index = 5073, .adv_w = 366, .box_w = 19, .box_h = 19, .ofs_x = 2, .ofs_y = -3},
    {.bitmap_index = 5254, .adv_w = 366, .box_w = 19, .box_h = 19, .ofs_x = 2, .ofs_y = -3},
    {.bitmap_index = 5435, .adv_w = 366, .box_w = 19, .box_h = 19, .ofs_x = 2, .ofs_y = -3},
    {.bitmap_index = 5616, .adv_w = 366, .box_w = 19, .box_h = 19, .ofs_x = 2, .ofs_y = -3},
    {.bitmap_index = 5797, .adv_w = 366, .box_w = 19, .box_h = 19, .ofs_x = 2, .ofs_y = -3},
    {.bitmap_index = 5978, .adv_w = 366, .box_w = 19, .box_h = 19, .ofs_x = 2, .ofs_y = -3},
    {.bitmap_index = 6159, .adv_w = 366, .box_w = 13, .box_h = 19, .ofs_x = 5, .ofs_y = -3},
    {.bitmap_index = 6283, .adv_w = 366, .box_w = 17, .box_h = 19, .ofs_x = 3, .ofs_y = -3},
    {.bitmap_index = 6445, .adv_w = 366, .box_w = 19, .box_h = 19, .ofs_x = 2, .ofs_y = -3},
    {.bitmap_index = 6626, .adv_w = 366, .box_w = 21, .box_h = 19, .ofs_x = 1, .ofs_y = -3},
    {.bitmap_index = 6826, .adv_w = 366, .box_w = 15, .box_h = 19, .ofs_x = 4, .ofs_y = -3},
    {.bitmap_index = 6969, .adv_w = 366, .box_w = 19, .box_h = 19, .ofs_x = 2, .ofs_y = -3},
    {.bitmap_index = 7150, .adv_w = 366, .box_w = 21, .box_h = 19, .ofs_x = 1, .ofs_y = -3},
    {.bitmap_index = 7350, .adv_w = 366, .box_w = 19, .box_h = 19, .ofs_x = 2, .ofs_y = -3},
    {.bitmap_index = 7531, .adv_w = 366, .box_w = 19, .box_h = 19, .ofs_x = 2, .ofs_y = -3},
    {.bitmap_index = 7712, .adv_w = 366, .box_w = 21, .box_h = 19, .ofs_x = 1, .ofs_y = -3},
    {.bitmap_index = 7912, .adv_w = 366, .box_w = 19, .box_h = 19, .ofs_x = 2, .ofs_y = -3},
    {.bitmap_index = 8093, .adv_w = 366, .box_w = 19, .box_h = 19, .ofs_x = 2, .ofs_y = -3},
    {.bitmap_index = 8274, .adv_w = 366, .box_w = 15, .box_h = 19, .ofs_x = 4, .ofs_y = -3},
    {.bitmap_index = 8417, .adv_w = 366, .box_w = 21, .box_h = 19, .ofs_x = 1, .ofs_y = -3},
    {.bitmap_index = 8617, .adv_w = 366, .box_w = 19, .box_h = 19, .ofs_x = 2, .ofs_y = -3},
    {.bitmap_index = 8798, .adv_w = 366, .box_w = 19, .box_h = 19, .ofs_x = 2, .ofs_y = -3},
    {.bitmap_index = 8979, .adv_w = 366, .box_w = 19, .box_h = 19, .ofs_x = 2, .ofs_y = -3},
    {.bitmap_index = 9160, .adv_w = 366, .box_w = 18, .box_h = 19, .ofs_x = 3, .ofs_y = -3},
    {.bitmap_index = 9331, .adv_w = 366, .box_w = 19, .box_h = 19, .ofs_x = 2, .ofs_y = -3},
    {.bitmap_index = 9512, .adv_w = 366, .box_w = 15, .box_h = 20, .ofs_x = 4, .ofs_y = -4},
    {.bitmap_index = 9662, .adv_w = 366, .box_w = 19, .box_h = 19, .ofs_x = 2, .ofs_y = -3},
    {.bitmap_index = 9843, .adv_w = 366, .box_w = 19, .box_h = 19, .ofs_x = 2, .ofs_y = -3},
    {.bitmap_index = 10024, .adv_w = 366, .box_w = 19, .box_h = 19, .ofs_x = 2, .ofs_y = -3},
    {.bitmap_index = 10205, .adv_w = 366, .box_w = 18, .box_h = 19, .ofs_x = 2, .ofs_y = -3},
    {.bitmap_index = 10376, .adv_w = 366, .box_w = 12, .box_h = 19, .ofs_x = 6, .ofs_y = -3},
    {.bitmap_index = 10490, .adv_w = 366, .box_w = 19, .box_h = 19, .ofs_x = 2, .ofs_y = -3},
    {.bitmap_index = 10671, .adv_w = 366, .box_w = 19, .box_h = 19, .ofs_x = 2, .ofs_y = -3},
    {.bitmap_index = 10852, .adv_w = 366, .box_w = 15, .box_h = 19, .ofs_x = 4, .ofs_y = -3},
    {.bitmap_index = 10995, .adv_w = 366, .box_w = 22, .box_h = 17, .ofs_x = 0, .ofs_y = -2},
    {.bitmap_index = 11182, .adv_w = 366, .box_w = 19, .box_h = 19, .ofs_x = 2, .ofs_y = -3},
    {.bitmap_index = 11363, .adv_w = 366, .box_w = 19, .box_h = 19, .ofs_x = 2, .ofs_y = -3},
    {.bitmap_index = 11544, .adv_w = 366, .box_w = 18, .box_h = 19, .ofs_x = 2, .ofs_y = -3},
    {.bitmap_index = 11715, .adv_w = 366, .box_w = 19, .box_h = 20, .ofs_x = 2, .ofs_y = -4},
    {.bitmap_index = 11905, .adv_w = 366, .box_w = 15, .box_h = 19, .ofs_x = 4, .ofs_y = -3},
    {.bitmap_index = 12048, .adv_w = 366, .box_w = 19, .box_h = 19, .ofs_x = 2, .ofs_y = -3},
    {.bitmap_index = 12229, .adv_w = 366, .box_w = 21, .box_h = 19, .ofs_x = 1, .ofs_y = -3},
    {.bitmap_index = 12429, .adv_w = 366, .box_w = 16, .box_h = 19, .ofs_x = 3, .ofs_y = -3},
    {.bitmap_index = 12581, .adv_w = 366, .box_w = 23, .box_h = 18, .ofs_x = 0, .ofs_y = -3},
    {.bitmap_index = 12788, .adv_w = 366, .box_w = 21, .box_h = 19, .ofs_x = 1, .ofs_y = -3},
    {.bitmap_index = 12988, .adv_w = 366, .box_w = 16, .box_h = 19, .ofs_x = 3, .ofs_y = -3},
    {.bitmap_index = 13140, .adv_w = 366, .box_w = 18, .box_h = 19, .ofs_x = 2, .ofs_y = -3},
    {.bitmap_index = 13311, .adv_w = 366, .box_w = 21, .box_h = 19, .ofs_x = 1, .ofs_y = -3},
    {.bitmap_index = 13511, .adv_w = 366, .box_w = 17, .box_h = 19, .ofs_x = 3, .ofs_y = -3},
    {.bitmap_index = 13673, .adv_w = 366, .box_w = 19, .box_h = 19, .ofs_x = 2, .ofs_y = -3},
    {.bitmap_index = 13854, .adv_w = 366, .box_w = 19, .box_h = 20, .ofs_x = 2, .ofs_y = -4},
    {.bitmap_index = 14044, .adv_w = 366, .box_w = 19, .box_h = 19, .ofs_x = 2, .ofs_y = -3},
    {.bitmap_index = 14225, .adv_w = 366, .box_w = 23, .box_h = 16, .ofs_x = 0, .ofs_y = -2},
    {.bitmap_index = 14409, .adv_w = 366, .box_w = 19, .box_h = 19, .ofs_x = 2, .ofs_y = -3},
    {.bitmap_index = 14590, .adv_w = 366, .box_w = 18, .box_h = 19, .ofs_x = 3, .ofs_y = -3},
    {.bitmap_index = 14761, .adv_w = 366, .box_w = 19, .box_h = 19, .ofs_x = 2, .ofs_y = -3},
    {.bitmap_index = 14942, .adv_w = 366, .box_w = 19, .box_h = 19, .ofs_x = 2, .ofs_y = -3},
    {.bitmap_index = 15123, .adv_w = 366, .box_w = 20, .box_h = 14, .ofs_x = 1, .ofs_y = -1},
    {.bitmap_index = 15263, .adv_w = 366, .box_w = 19, .box_h = 19, .ofs_x = 2, .ofs_y = -3},
    {.bitmap_index = 15444, .adv_w = 366, .box_w = 15, .box_h = 19, .ofs_x = 4, .ofs_y = -3},
    {.bitmap_index = 15587, .adv_w = 366, .box_w = 13, .box_h = 19, .ofs_x = 5, .ofs_y = -3},
    {.bitmap_index = 15711, .adv_w = 366, .box_w = 19, .box_h = 20, .ofs_x = 2, .ofs_y = -4},
    {.bitmap_index = 15901, .adv_w = 366, .box_w = 19, .box_h = 19, .ofs_x = 2, .ofs_y = -3},
    {.bitmap_index = 16082, .adv_w = 366, .box_w = 19, .box_h = 19, .ofs_x = 2, .ofs_y = -3},
    {.bitmap_index = 16263, .adv_w = 366, .box_w = 19, .box_h = 19, .ofs_x = 2, .ofs_y = -3},
    {.bitmap_index = 16444, .adv_w = 366, .box_w = 18, .box_h = 18, .ofs_x = 2, .ofs_y = -3},
    {.bitmap_index = 16606, .adv_w = 366, .box_w = 19, .box_h = 19, .ofs_x = 2, .ofs_y = -3},
    {.bitmap_index = 16787, .adv_w = 366, .box_w = 19, .box_h = 19, .ofs_x = 2, .ofs_y = -3},
    {.bitmap_index = 16968, .adv_w = 366, .box_w = 23, .box_h = 19, .ofs_x = 0, .ofs_y = -3},
    {.bitmap_index = 17187, .adv_w = 366, .box_w = 19, .box_h = 19, .ofs_x = 2, .ofs_y = -3},
    {.bitmap_index = 17368, .adv_w = 366, .box_w = 19, .box_h = 19, .ofs_x = 2, .ofs_y = -3},
    {.bitmap_index = 17549, .adv_w = 366, .box_w = 17, .box_h = 19, .ofs_x = 3, .ofs_y = -3},
    {.bitmap_index = 17711, .adv_w = 366, .box_w = 19, .box_h = 19, .ofs_x = 2, .ofs_y = -3},
    {.bitmap_index = 17892, .adv_w = 366, .box_w = 19, .box_h = 18, .ofs_x = 2, .ofs_y = -3},
    {.bitmap_index = 18063, .adv_w = 366, .box_w = 19, .box_h = 19, .ofs_x = 2, .ofs_y = -3},
    {.bitmap_index = 18244, .adv_w = 366, .box_w = 11, .box_h = 19, .ofs_x = 6, .ofs_y = -3},
    {.bitmap_index = 18349, .adv_w = 366, .box_w = 11, .box_h = 19, .ofs_x = 6, .ofs_y = -3},
    {.bitmap_index = 18454, .adv_w = 366, .box_w = 5, .box_h = 19, .ofs_x = 9, .ofs_y = -3},
    {.bitmap_index = 18502, .adv_w = 366, .box_w = 5, .box_h = 19, .ofs_x = 9, .ofs_y = -3},
    {.bitmap_index = 18550, .adv_w = 366, .box_w = 15, .box_h = 19, .ofs_x = 4, .ofs_y = -3},
    {.bitmap_index = 18693, .adv_w = 366, .box_w = 20, .box_h = 19, .ofs_x = 1, .ofs_y = -3},
    {.bitmap_index = 18883, .adv_w = 366, .box_w = 17, .box_h = 18, .ofs_x = 3, .ofs_y = -3},
    {.bitmap_index = 19036, .adv_w = 366, .box_w = 17, .box_h = 6, .ofs_x = 3, .ofs_y = 3},
    {.bitmap_index = 19087, .adv_w = 366, .box_w = 17, .box_h = 19, .ofs_x = 3, .ofs_y = -3},
    {.bitmap_index = 19249, .adv_w = 366, .box_w = 19, .box_h = 19, .ofs_x = 2, .ofs_y = -3},
    {.bitmap_index = 19430, .adv_w = 366, .box_w = 17, .box_h = 14, .ofs_x = 3, .ofs_y = -1},
    {.bitmap_index = 19549, .adv_w = 366, .box_w = 21, .box_h = 14, .ofs_x = 1, .ofs_y = -1},
    {.bitmap_index = 19696, .adv_w = 366, .box_w = 21, .box_h = 18, .ofs_x = 1, .ofs_y = -3},
    {.bitmap_index = 19885, .adv_w = 366, .box_w = 21, .box_h = 18, .ofs_x = 1, .ofs_y = -3},
    {.bitmap_index = 20074, .adv_w = 366, .box_w = 19, .box_h = 19, .ofs_x = 2, .ofs_y = -3},
    {.bitmap_index = 20255, .adv_w = 366, .box_w = 21, .box_h = 19, .ofs_x = 1, .ofs_y = -3},
    {.bitmap_index = 20455, .adv_w = 366, .box_w = 21, .box_h = 19, .ofs_x = 1, .ofs_y = -3},
    {.bitmap_index = 20655, .adv_w = 366, .box_w = 17, .box_h = 19, .ofs_x = 3, .ofs_y = -3},
    {.bitmap_index = 20817, .adv_w = 366, .box_w = 17, .box_h = 19, .ofs_x = 3, .ofs_y = -3},
    {.bitmap_index = 20979, .adv_w = 366, .box_w = 16, .box_h = 19, .ofs_x = 3, .ofs_y = -3},
    {.bitmap_index = 21131, .adv_w = 366, .box_w = 17, .box_h = 19, .ofs_x = 3, .ofs_y = -3},
    {.bitmap_index = 21293, .adv_w = 366, .box_w = 20, .box_h = 19, .ofs_x = 2, .ofs_y = -3},
    {.bitmap_index = 21483, .adv_w = 366, .box_w = 15, .box_h = 19, .ofs_x = 4, .ofs_y = -3},
    {.bitmap_index = 21626, .adv_w = 366, .box_w = 21, .box_h = 19, .ofs_x = 1, .ofs_y = -3},
    {.bitmap_index = 21826, .adv_w = 366, .box_w = 13, .box_h = 19, .ofs_x = 5, .ofs_y = -3},
    {.bitmap_index = 21950, .adv_w = 366, .box_w = 19, .box_h = 19, .ofs_x = 2, .ofs_y = -3},
    {.bitmap_index = 22131, .adv_w = 366, .box_w = 15, .box_h = 19, .ofs_x = 4, .ofs_y = -3},
    {.bitmap_index = 22274, .adv_w = 366, .box_w = 19, .box_h = 19, .ofs_x = 2, .ofs_y = -3},
    {.bitmap_index = 22455, .adv_w = 366, .box_w = 19, .box_h = 19, .ofs_x = 2, .ofs_y = -3},
    {.bitmap_index = 22636, .adv_w = 366, .box_w = 21, .box_h = 19, .ofs_x = 1, .ofs_y = -3},
    {.bitmap_index = 22836, .adv_w = 366, .box_w = 19, .box_h = 19, .ofs_x = 2, .ofs_y = -3},
    {.bitmap_index = 23017, .adv_w = 366, .box_w = 15, .box_h = 19, .ofs_x = 4, .ofs_y = -3},
    {.bitmap_index = 23160, .adv_w = 366, .box_w = 17, .box_h = 19, .ofs_x = 3, .ofs_y = -3},
    {.bitmap_index = 23322, .adv_w = 366, .box_w = 21, .box_h = 19, .ofs_x = 1, .ofs_y = -3},
    {.bitmap_index = 23522, .adv_w = 366, .box_w = 13, .box_h = 19, .ofs_x = 5, .ofs_y = -3},
    {.bitmap_index = 23646, .adv_w = 366, .box_w = 18, .box_h = 19, .ofs_x = 2, .ofs_y = -3},
    {.bitmap_index = 23817, .adv_w = 366, .box_w = 20, .box_h = 19, .ofs_x = 1, .ofs_y = -3},
    {.bitmap_index = 24007, .adv_w = 366, .box_w = 20, .box_h = 19, .ofs_x = 1, .ofs_y = -3},
    {.bitmap_index = 24197, .adv_w = 366, .box_w = 17, .box_h = 19, .ofs_x = 3, .ofs_y = -3},
    {.bitmap_index = 24359, .adv_w = 366, .box_w = 17, .box_h = 19, .ofs_x = 3, .ofs_y = -3},
    {.bitmap_index = 24521, .adv_w = 366, .box_w = 19, .box_h = 17, .ofs_x = 2, .ofs_y = -2},
    {.bitmap_index = 24683, .adv_w = 366, .box_w = 19, .box_h = 19, .ofs_x = 2, .ofs_y = -3},
    {.bitmap_index = 24864, .adv_w = 366, .box_w = 20, .box_h = 17, .ofs_x = 1, .ofs_y = -2},
    {.bitmap_index = 25034, .adv_w = 366, .box_w = 17, .box_h = 19, .ofs_x = 3, .ofs_y = -3},
    {.bitmap_index = 25196, .adv_w = 366, .box_w = 11, .box_h = 19, .ofs_x = 6, .ofs_y = -3},
    {.bitmap_index = 25301, .adv_w = 366, .box_w = 18, .box_h = 19, .ofs_x = 2, .ofs_y = -3},
    {.bitmap_index = 25472, .adv_w = 366, .box_w = 18, .box_h = 19, .ofs_x = 3, .ofs_y = -3},
    {.bitmap_index = 25643, .adv_w = 366, .box_w = 15, .box_h = 19, .ofs_x = 4, .ofs_y = -3},
    {.bitmap_index = 25786, .adv_w = 366, .box_w = 19, .box_h = 19, .ofs_x = 2, .ofs_y = -3},
    {.bitmap_index = 25967, .adv_w = 366, .box_w = 15, .box_h = 19, .ofs_x = 4, .ofs_y = -3},
    {.bitmap_index = 26110, .adv_w = 366, .box_w = 17, .box_h = 19, .ofs_x = 3, .ofs_y = -3},
    {.bitmap_index = 26272, .adv_w = 366, .box_w = 19, .box_h = 19, .ofs_x = 2, .ofs_y = -3},
    {.bitmap_index = 26453, .adv_w = 366, .box_w = 17, .box_h = 19, .ofs_x = 3, .ofs_y = -3},
    {.bitmap_index = 26615, .adv_w = 366, .box_w = 17, .box_h = 19, .ofs_x = 3, .ofs_y = -3},
    {.bitmap_index = 26777, .adv_w = 366, .box_w = 19, .box_h = 20, .ofs_x = 2, .ofs_y = -4},
    {.bitmap_index = 26967, .adv_w = 366, .box_w = 18, .box_h = 18, .ofs_x = 2, .ofs_y = -3},
    {.bitmap_index = 27129, .adv_w = 366, .box_w = 19, .box_h = 18, .ofs_x = 2, .ofs_y = -3},
    {.bitmap_index = 27300, .adv_w = 366, .box_w = 19, .box_h = 19, .ofs_x = 2, .ofs_y = -3},
    {.bitmap_index = 27481, .adv_w = 366, .box_w = 21, .box_h = 19, .ofs_x = 1, .ofs_y = -3},
    {.bitmap_index = 27681, .adv_w = 366, .box_w = 19, .box_h = 19, .ofs_x = 2, .ofs_y = -3},
    {.bitmap_index = 27862, .adv_w = 366, .box_w = 19, .box_h = 19, .ofs_x = 2, .ofs_y = -3},
    {.bitmap_index = 28043, .adv_w = 366, .box_w = 19, .box_h = 19, .ofs_x = 2, .ofs_y = -3},
    {.bitmap_index = 28224, .adv_w = 366, .box_w = 16, .box_h = 19, .ofs_x = 3, .ofs_y = -3},
    {.bitmap_index = 28376, .adv_w = 366, .box_w = 17, .box_h = 19, .ofs_x = 3, .ofs_y = -3},
    {.bitmap_index = 28538, .adv_w = 366, .box_w = 19, .box_h = 19, .ofs_x = 2, .ofs_y = -3},
    {.bitmap_index = 28719, .adv_w = 366, .box_w = 19, .box_h = 20, .ofs_x = 2, .ofs_y = -4},
    {.bitmap_index = 28909, .adv_w = 366, .box_w = 19, .box_h = 19, .ofs_x = 2, .ofs_y = -3},
    {.bitmap_index = 29090, .adv_w = 366, .box_w = 23, .box_h = 19, .ofs_x = 0, .ofs_y = -3},
    {.bitmap_index = 29309, .adv_w = 366, .box_w = 19, .box_h = 19, .ofs_x = 2, .ofs_y = -3},
    {.bitmap_index = 29490, .adv_w = 366, .box_w = 11, .box_h = 19, .ofs_x = 6, .ofs_y = -3},
    {.bitmap_index = 29595, .adv_w = 366, .box_w = 17, .box_h = 19, .ofs_x = 3, .ofs_y = -3},
    {.bitmap_index = 29757, .adv_w = 366, .box_w = 15, .box_h = 19, .ofs_x = 4, .ofs_y = -3},
    {.bitmap_index = 29900, .adv_w = 366, .box_w = 21, .box_h = 16, .ofs_x = 1, .ofs_y = -2},
    {.bitmap_index = 30068, .adv_w = 366, .box_w = 19, .box_h = 18, .ofs_x = 2, .ofs_y = -3},
    {.bitmap_index = 30239, .adv_w = 366, .box_w = 19, .box_h = 19, .ofs_x = 2, .ofs_y = -3},
    {.bitmap_index = 30420, .adv_w = 366, .box_w = 21, .box_h = 19, .ofs_x = 1, .ofs_y = -3},
    {.bitmap_index = 30620, .adv_w = 366, .box_w = 19, .box_h = 19, .ofs_x = 2, .ofs_y = -3},
    {.bitmap_index = 30801, .adv_w = 366, .box_w = 21, .box_h = 18, .ofs_x = 1, .ofs_y = -3},
    {.bitmap_index = 30990, .adv_w = 366, .box_w = 15, .box_h = 19, .ofs_x = 4, .ofs_y = -3},
    {.bitmap_index = 31133, .adv_w = 366, .box_w = 17, .box_h = 19, .ofs_x = 3, .ofs_y = -3},
    {.bitmap_index = 31295, .adv_w = 366, .box_w = 21, .box_h = 17, .ofs_x = 1, .ofs_y = -2},
    {.bitmap_index = 31474, .adv_w = 366, .box_w = 22, .box_h = 19, .ofs_x = 0, .ofs_y = -3},
    {.bitmap_index = 31683, .adv_w = 366, .box_w = 17, .box_h = 19, .ofs_x = 3, .ofs_y = -3},
    {.bitmap_index = 31845, .adv_w = 366, .box_w = 9, .box_h = 19, .ofs_x = 7, .ofs_y = -3},
    {.bitmap_index = 31931, .adv_w = 366, .box_w = 11, .box_h = 19, .ofs_x = 6, .ofs_y = -3},
    {.bitmap_index = 32036, .adv_w = 366, .box_w = 15, .box_h = 19, .ofs_x = 4, .ofs_y = -3},
    {.bitmap_index = 32179, .adv_w = 366, .box_w = 9, .box_h = 19, .ofs_x = 7, .ofs_y = -3},
    {.bitmap_index = 32265, .adv_w = 366, .box_w = 17, .box_h = 19, .ofs_x = 3, .ofs_y = -3},
    {.bitmap_index = 32427, .adv_w = 366, .box_w = 13, .box_h = 19, .ofs_x = 5, .ofs_y = -3},
    {.bitmap_index = 32551, .adv_w = 366, .box_w = 14, .box_h = 19, .ofs_x = 4, .ofs_y = -3},
    {.bitmap_index = 32684, .adv_w = 366, .box_w = 21, .box_h = 20, .ofs_x = 1, .ofs_y = -4},
    {.bitmap_index = 32894, .adv_w = 366, .box_w = 19, .box_h = 19, .ofs_x = 2, .ofs_y = -3},
    {.bitmap_index = 33075, .adv_w = 366, .box_w = 23, .box_h = 19, .ofs_x = 0, .ofs_y = -3},
    {.bitmap_index = 33294, .adv_w = 366, .box_w = 19, .box_h = 19, .ofs_x = 2, .ofs_y = -3},
    {.bitmap_index = 33475, .adv_w = 366, .box_w = 17, .box_h = 19, .ofs_x = 3, .ofs_y = -3},
    {.bitmap_index = 33637, .adv_w = 366, .box_w = 20, .box_h = 19, .ofs_x = 1, .ofs_y = -3},
    {.bitmap_index = 33827, .adv_w = 366, .box_w = 18, .box_h = 19, .ofs_x = 3, .ofs_y = -3},
    {.bitmap_index = 33998, .adv_w = 366, .box_w = 15, .box_h = 19, .ofs_x = 4, .ofs_y = -3},
    {.bitmap_index = 34141, .adv_w = 366, .box_w = 19, .box_h = 19, .ofs_x = 2, .ofs_y = -3},
    {.bitmap_index = 34322, .adv_w = 366, .box_w = 17, .box_h = 19, .ofs_x = 3, .ofs_y = -3},
    {.bitmap_index = 34484, .adv_w = 366, .box_w = 15, .box_h = 19, .ofs_x = 4, .ofs_y = -3},
    {.bitmap_index = 34627, .adv_w = 366, .box_w = 19, .box_h = 19, .ofs_x = 2, .ofs_y = -3},
    {.bitmap_index = 34808, .adv_w = 366, .box_w = 19, .box_h = 19, .ofs_x = 2, .ofs_y = -3},
    {.bitmap_index = 34989, .adv_w = 366, .box_w = 13, .box_h = 19, .ofs_x = 5, .ofs_y = -3},
    {.bitmap_index = 35113, .adv_w = 366, .box_w = 19, .box_h = 19, .ofs_x = 2, .ofs_y = -3},
    {.bitmap_index = 35294, .adv_w = 366, .box_w = 19, .box_h = 19, .ofs_x = 2, .ofs_y = -3},
    {.bitmap_index = 35475, .adv_w = 366, .box_w = 19, .box_h = 19, .ofs_x = 2, .ofs_y = -3},
    {.bitmap_index = 35656, .adv_w = 366, .box_w = 21, .box_h = 19, .ofs_x = 1, .ofs_y = -3},
    {.bitmap_index = 35856, .adv_w = 366, .box_w = 12, .box_h = 19, .ofs_x = 5, .ofs_y = -3},
    {.bitmap_index = 35970, .adv_w = 366, .box_w = 22, .box_h = 19, .ofs_x = 0, .ofs_y = -3},
    {.bitmap_index = 36179, .adv_w = 366, .box_w = 21, .box_h = 19, .ofs_x = 1, .ofs_y = -3},
    {.bitmap_index = 36379, .adv_w = 366, .box_w = 19, .box_h = 19, .ofs_x = 2, .ofs_y = -3},
    {.bitmap_index = 36560, .adv_w = 366, .box_w = 19, .box_h = 19, .ofs_x = 2, .ofs_y = -3},
    {.bitmap_index = 36741, .adv_w = 366, .box_w = 22, .box_h = 19, .ofs_x = 0, .ofs_y = -3},
    {.bitmap_index = 36950, .adv_w = 366, .box_w = 19, .box_h = 19, .ofs_x = 2, .ofs_y = -3},
    {.bitmap_index = 37131, .adv_w = 366, .box_w = 19, .box_h = 19, .ofs_x = 2, .ofs_y = -3},
    {.bitmap_index = 37312, .adv_w = 366, .box_w = 21, .box_h = 19, .ofs_x = 1, .ofs_y = -3},
    {.bitmap_index = 37512, .adv_w = 366, .box_w = 19, .box_h = 19, .ofs_x = 2, .ofs_y = -3},
    {.bitmap_index = 37693, .adv_w = 366, .box_w = 18, .box_h = 19, .ofs_x = 2, .ofs_y = -3},
    {.bitmap_index = 37864, .adv_w = 366, .box_w = 21, .box_h = 19, .ofs_x = 1, .ofs_y = -3},
    {.bitmap_index = 38064, .adv_w = 366, .box_w = 19, .box_h = 19, .ofs_x = 2, .ofs_y = -3},
    {.bitmap_index = 38245, .adv_w = 366, .box_w = 19, .box_h = 19, .ofs_x = 2, .ofs_y = -3},
    {.bitmap_index = 38426, .adv_w = 366, .box_w = 19, .box_h = 19, .ofs_x = 2, .ofs_y = -3},
    {.bitmap_index = 38607, .adv_w = 366, .box_w = 19, .box_h = 19, .ofs_x = 2, .ofs_y = -3},
    {.bitmap_index = 38788, .adv_w = 366, .box_w = 19, .box_h = 19, .ofs_x = 2, .ofs_y = -3},
    {.bitmap_index = 38969, .adv_w = 366, .box_w = 19, .box_h = 19, .ofs_x = 2, .ofs_y = -3},
    {.bitmap_index = 39150, .adv_w = 366, .box_w = 19, .box_h = 19, .ofs_x = 2, .ofs_y = -3},
    {.bitmap_index = 39331, .adv_w = 366, .box_w = 19, .box_h = 19, .ofs_x = 2, .ofs_y = -3},
    {.bitmap_index = 39512, .adv_w = 366, .box_w = 19, .box_h = 19, .ofs_x = 2, .ofs_y = -3},
    {.bitmap_index = 39693, .adv_w = 366, .box_w = 19, .box_h = 19, .ofs_x = 2, .ofs_y = -3},
    {.bitmap_index = 39874, .adv_w = 366, .box_w = 19, .box_h = 19, .ofs_x = 2, .ofs_y = -3},
    {.bitmap_index = 40055, .adv_w = 366, .box_w = 19, .box_h = 19, .ofs_x = 2, .ofs_y = -3},
    {.bitmap_index = 40236, .adv_w = 366, .box_w = 19, .box_h = 19, .ofs_x = 2, .ofs_y = -3},
    {.bitmap_index = 40417, .adv_w = 366, .box_w = 19, .box_h = 19, .ofs_x = 2, .ofs_y = -3},
    {.bitmap_index = 40598, .adv_w = 366, .box_w = 19, .box_h = 19, .ofs_x = 2, .ofs_y = -3},
    {.bitmap_index = 40779, .adv_w = 366, .box_w = 19, .box_h = 19, .ofs_x = 2, .ofs_y = -3},
    {.bitmap_index = 40960, .adv_w = 366, .box_w = 19, .box_h = 19, .ofs_x = 2, .ofs_y = -3},
    {.bitmap_index = 41141, .adv_w = 366, .box_w = 19, .box_h = 19, .ofs_x = 2, .ofs_y = -3},
    {.bitmap_index = 41322, .adv_w = 366, .box_w = 19, .box_h = 20, .ofs_x = 2, .ofs_y = -4},
    {.bitmap_index = 41512, .adv_w = 366, .box_w = 19, .box_h = 20, .ofs_x = 2, .ofs_y = -4},
    {.bitmap_index = 41702, .adv_w = 366, .box_w = 19, .box_h = 20, .ofs_x = 2, .ofs_y = -4},
    {.bitmap_index = 41892, .adv_w = 366, .box_w = 19, .box_h = 19, .ofs_x = 2, .ofs_y = -3},
    {.bitmap_index = 42073, .adv_w = 366, .box_w = 19, .box_h = 19, .ofs_x = 2, .ofs_y = -3},
    {.bitmap_index = 42254, .adv_w = 366, .box_w = 19, .box_h = 19, .ofs_x = 2, .ofs_y = -3},
    {.bitmap_index = 42435, .adv_w = 366, .box_w = 19, .box_h = 19, .ofs_x = 2, .ofs_y = -3},
    {.bitmap_index = 42616, .adv_w = 366, .box_w = 19, .box_h = 19, .ofs_x = 2, .ofs_y = -3},
    {.bitmap_index = 42797, .adv_w = 366, .box_w = 19, .box_h = 19, .ofs_x = 2, .ofs_y = -3},
    {.bitmap_index = 42978, .adv_w = 366, .box_w = 21, .box_h = 19, .ofs_x = 1, .ofs_y = -3},
    {.bitmap_index = 43178, .adv_w = 366, .box_w = 19, .box_h = 19, .ofs_x = 2, .ofs_y = -3},
    {.bitmap_index = 43359, .adv_w = 366, .box_w = 19, .box_h = 19, .ofs_x = 2, .ofs_y = -3},
    {.bitmap_index = 43540, .adv_w = 366, .box_w = 19, .box_h = 19, .ofs_x = 2, .ofs_y = -3},
    {.bitmap_index = 43721, .adv_w = 366, .box_w = 19, .box_h = 19, .ofs_x = 2, .ofs_y = -3},
    {.bitmap_index = 43902, .adv_w = 366, .box_w = 19, .box_h = 19, .ofs_x = 2, .ofs_y = -3},
    {.bitmap_index = 44083, .adv_w = 366, .box_w = 19, .box_h = 19, .ofs_x = 2, .ofs_y = -3},
    {.bitmap_index = 44264, .adv_w = 366, .box_w = 19, .box_h = 19, .ofs_x = 2, .ofs_y = -3},
    {.bitmap_index = 44445, .adv_w = 366, .box_w = 19, .box_h = 19, .ofs_x = 2, .ofs_y = -3},
    {.bitmap_index = 44626, .adv_w = 366, .box_w = 19, .box_h = 20, .ofs_x = 2, .ofs_y = -4},
    {.bitmap_index = 44816, .adv_w = 366, .box_w = 19, .box_h = 19, .ofs_x = 2, .ofs_y = -3},
    {.bitmap_index = 44997, .adv_w = 366, .box_w = 19, .box_h = 19, .ofs_x = 2, .ofs_y = -3},
    {.bitmap_index = 45178, .adv_w = 366, .box_w = 19, .box_h = 19, .ofs_x = 2, .ofs_y = -3},
    {.bitmap_index = 45359, .adv_w = 366, .box_w = 21, .box_h = 20, .ofs_x = 1, .ofs_y = -4},
    {.bitmap_index = 45569, .adv_w = 366, .box_w = 19, .box_h = 19, .ofs_x = 2, .ofs_y = -3},
    {.bitmap_index = 45750, .adv_w = 366, .box_w = 19, .box_h = 19, .ofs_x = 2, .ofs_y = -3},
    {.bitmap_index = 45931, .adv_w = 366, .box_w = 19, .box_h = 19, .ofs_x = 2, .ofs_y = -3},
    {.bitmap_index = 46112, .adv_w = 366, .box_w = 19, .box_h = 19, .ofs_x = 2, .ofs_y = -3},
    {.bitmap_index = 46293, .adv_w = 366, .box_w = 19, .box_h = 19, .ofs_x = 2, .ofs_y = -3},
    {.bitmap_index = 46474, .adv_w = 366, .box_w = 19, .box_h = 19, .ofs_x = 2, .ofs_y = -3},
    {.bitmap_index = 46655, .adv_w = 366, .box_w = 21, .box_h = 18, .ofs_x = 1, .ofs_y = -3},
    {.bitmap_index = 46844, .adv_w = 366, .box_w = 21, .box_h = 18, .ofs_x = 1, .ofs_y = -3},
    {.bitmap_index = 47033, .adv_w = 366, .box_w = 21, .box_h = 18, .ofs_x = 1, .ofs_y = -3},
    {.bitmap_index = 47222, .adv_w = 366, .box_w = 21, .box_h = 18, .ofs_x = 1, .ofs_y = -3},
    {.bitmap_index = 47411, .adv_w = 366, .box_w = 21, .box_h = 18, .ofs_x = 1, .ofs_y = -3},
    {.bitmap_index = 47600, .adv_w = 366, .box_w = 21, .box_h = 18, .ofs_x = 1, .ofs_y = -3},
    {.bitmap_index = 47789, .adv_w = 366, .box_w = 21, .box_h = 18, .ofs_x = 1, .ofs_y = -3},
    {.bitmap_index = 47978, .adv_w = 366, .box_w = 21, .box_h = 18, .ofs_x = 1, .ofs_y = -3},
    {.bitmap_index = 48167, .adv_w = 366, .box_w = 21, .box_h = 18, .ofs_x = 1, .ofs_y = -3},
    {.bitmap_index = 48356, .adv_w = 366, .box_w = 19, .box_h = 19, .ofs_x = 2, .ofs_y = -3},
    {.bitmap_index = 48537, .adv_w = 366, .box_w = 19, .box_h = 19, .ofs_x = 2, .ofs_y = -3},
    {.bitmap_index = 48718, .adv_w = 366, .box_w = 19, .box_h = 19, .ofs_x = 2, .ofs_y = -3},
    {.bitmap_index = 48899, .adv_w = 366, .box_w = 19, .box_h = 19, .ofs_x = 2, .ofs_y = -3},
    {.bitmap_index = 49080, .adv_w = 366, .box_w = 21, .box_h = 16, .ofs_x = 1, .ofs_y = -2},
    {.bitmap_index = 49248, .adv_w = 366, .box_w = 20, .box_h = 19, .ofs_x = 1, .ofs_y = -3},
    {.bitmap_index = 49438, .adv_w = 366, .box_w = 22, .box_h = 19, .ofs_x = 0, .ofs_y = -3},
    {.bitmap_index = 49647, .adv_w = 366, .box_w = 23, .box_h = 18, .ofs_x = 0, .ofs_y = -3},
    {.bitmap_index = 49854, .adv_w = 366, .box_w = 22, .box_h = 18, .ofs_x = 1, .ofs_y = -3},
    {.bitmap_index = 50052, .adv_w = 366, .box_w = 21, .box_h = 18, .ofs_x = 1, .ofs_y = -3},
    {.bitmap_index = 50241, .adv_w = 366, .box_w = 15, .box_h = 19, .ofs_x = 4, .ofs_y = -3},
    {.bitmap_index = 50384, .adv_w = 366, .box_w = 21, .box_h = 19, .ofs_x = 1, .ofs_y = -3},
    {.bitmap_index = 50584, .adv_w = 366, .box_w = 20, .box_h = 15, .ofs_x = 1, .ofs_y = -1},
    {.bitmap_index = 50734, .adv_w = 366, .box_w = 21, .box_h = 16, .ofs_x = 1, .ofs_y = -2},
    {.bitmap_index = 50902, .adv_w = 366, .box_w = 19, .box_h = 20, .ofs_x = 2, .ofs_y = -4}
};

/*---------------------
 *  CHARACTER MAPPING
 *--------------------*/

static const uint16_t unicode_list_0[] = {
    0x0, 0x1, 0x2, 0x3, 0x4, 0xe, 0x11, 0x14,
    0x15, 0x18, 0x1d, 0x20, 0x22, 0x23, 0x26, 0x2a,
    0x2e, 0x2f, 0x38, 0x39, 0x3a, 0x40, 0x42, 0x48,
    0x49, 0x4a, 0x4b, 0x4c, 0x4d, 0x4e, 0x4f, 0x50,
    0x51, 0x52, 0x53, 0x5f, 0x60, 0x63, 0x65, 0x66,
    0x68, 0x7b, 0x7e, 0x7f, 0x92, 0x93, 0x94, 0x95,
    0x96, 0x97, 0x99, 0x9b, 0x9c, 0xa0, 0xa1, 0xa7,
    0xaa, 0xab, 0xb0, 0xb1, 0xbd, 0xbe, 0xc4, 0xc5,
    0xc8, 0xce, 0xcf, 0xd1, 0xd3, 0xd4, 0xe9, 0xea,
    0xf0, 0xf1, 0xf2, 0xf3, 0xf4, 0xf5, 0xf7, 0xf8,
    0xf9, 0xfa, 0xfd, 0x102, 0x105, 0x108, 0x109, 0x10a,
    0x10b, 0x10c, 0x10d, 0x10f, 0x112, 0x114, 0x116, 0x11d,
    0x121, 0x128, 0x133, 0x134, 0x144, 0x147, 0x14c, 0x14e,
    0x153, 0x154, 0x155, 0x157, 0x163, 0x164, 0x195, 0x196,
    0x197, 0x1a1, 0x1b0, 0x1bf
};

/*Collect the unicode lists and glyph_id offsets*/
static const lv_font_fmt_txt_cmap_t cmaps[] =
{
    {
        .range_start = 9728, .range_length = 448, .glyph_id_start = 1,
        .unicode_list = unicode_list_0, .glyph_id_ofs_list = NULL, .list_length = 116, .type = LV_FONT_FMT_TXT_CMAP_SPARSE_TINY
    },
    {
        .range_start = 127789, .range_length = 99, .glyph_id_start = 117,
        .unicode_list = NULL, .glyph_id_ofs_list = NULL, .list_length = 0, .type = LV_FONT_FMT_TXT_CMAP_FORMAT0_TINY
    },
    {
        .range_start = 128512, .range_length = 80, .glyph_id_start = 216,
        .unicode_list = NULL, .glyph_id_ofs_list = NULL, .list_length = 0, .type = LV_FONT_FMT_TXT_CMAP_FORMAT0_TINY
    }
};



/*--------------------
 *  ALL CUSTOM DATA
 *--------------------*/

#if LVGL_VERSION_MAJOR == 8
/*Store all the custom data of the font*/
static  lv_font_fmt_txt_glyph_cache_t cache;
#endif

#if LVGL_VERSION_MAJOR >= 8
static const lv_font_fmt_txt_dsc_t font_dsc = {
#else
static lv_font_fmt_txt_dsc_t font_dsc = {
#endif
    .glyph_bitmap = glyph_bitmap,
    .glyph_dsc = glyph_dsc,
    .cmaps = cmaps,
    .kern_dsc = NULL,
    .kern_scale = 0,
    .cmap_num = 3,
    .bpp = 4,
    .kern_classes = 0,
    .bitmap_format = 0,
#if LVGL_VERSION_MAJOR == 8
    .cache = &cache
#endif
};



/*-----------------
 *  PUBLIC FONT
 *----------------*/

/*Initialize a public general font descriptor*/
#if LVGL_VERSION_MAJOR >= 8
const lv_font_t noto_emoji_18 = {
#else
lv_font_t noto_emoji_18 = {
#endif
    .get_glyph_dsc = lv_font_get_glyph_dsc_fmt_txt,    /*Function pointer to get glyph's data*/
    .get_glyph_bitmap = lv_font_get_bitmap_fmt_txt,    /*Function pointer to get glyph's bitmap*/
    .line_height = 20,          /*The maximum line height required by the font*/
    .base_line = 4,             /*Baseline measured from the bottom of the line*/
#if !(LVGL_VERSION_MAJOR == 6 && LVGL_VERSION_MINOR == 0)
    .subpx = LV_FONT_SUBPX_NONE,
#endif
#if LV_VERSION_CHECK(7, 4, 0) || LVGL_VERSION_MAJOR >= 8
    .underline_position = 11,
    .underline_thickness = 1,
#endif
    .dsc = &font_dsc,          /*The custom font data. Will be accessed by `get_glyph_bitmap/dsc` */
#if LV_VERSION_CHECK(8, 2, 0) || LVGL_VERSION_MAJOR >= 9
    .fallback = NULL,
#endif
    .user_data = NULL,
};



#endif /*#if NOTO_EMOJI_18*/

