/*******************************************************************************
 * Size: 14 px
 * Bpp: 4
 * Opts: --no-compress --no-prefilter --bpp 4 --size 14 --font NotoEmoji.ttf (Noto Emoji, monochrome) -r 0x1F600-0x1F64F,0x1F32D-0x1F37F,0x1F380-0x1F38F,0x2600-0x26FF,0x2700-0x27BF --format lvgl -o Modules/lvgl-module/source-fonts/noto_emoji_14.c --force-fast-kern-format
 ******************************************************************************/

#ifdef LV_LVGL_H_INCLUDE_SIMPLE
#include "lvgl.h"
#else
#include "lvgl/lvgl.h"
#endif

#ifndef NOTO_EMOJI_14
#define NOTO_EMOJI_14 1
#endif

#if NOTO_EMOJI_14

/*-----------------
 *    BITMAPS
 *----------------*/

/*Store the image of the glyphs*/
static LV_ATTRIBUTE_LARGE_CONST const uint8_t glyph_bitmap[] = {
    /* U+2600 "☀" */
    0x0, 0x0, 0x0, 0x0, 0x74, 0x0, 0x0, 0x0,
    0x0, 0x46, 0x0, 0x37, 0x80, 0x0, 0x0, 0x0,
    0x6, 0x59, 0x29, 0x8, 0x0, 0x0, 0x0, 0x0,
    0x35, 0x5f, 0xb9, 0xf7, 0x89, 0x70, 0x0, 0x0,
    0xf5, 0x0, 0x2, 0xc0, 0x82, 0x1, 0x88, 0xbb,
    0x0, 0x0, 0x1, 0xc6, 0x0, 0x19, 0x27, 0x10,
    0x0, 0x0, 0xf, 0x40, 0x0, 0x7, 0xf0, 0x0,
    0x0, 0x0, 0x85, 0x81, 0x0, 0xf, 0x40, 0x0,
    0x0, 0x9, 0x37, 0x90, 0x5, 0x59, 0x0, 0x0,
    0x7, 0xf5, 0x30, 0x0, 0xa4, 0xaf, 0x30, 0x17,
    0x78, 0x0, 0x0, 0x6, 0x40, 0x86, 0x9f, 0xb1,
    0x80, 0x0, 0x0, 0x0, 0x4, 0x39, 0x11, 0x9b,
    0x0, 0x0, 0x0, 0x0, 0x1b, 0x50, 0x0, 0x10,
    0x0, 0x0, 0x0, 0x0, 0x40, 0x0, 0x0, 0x0,
    0x0,

    /* U+2601 "☁" */
    0x0, 0x0, 0x0, 0x0, 0x58, 0x72, 0x0, 0x0,
    0x0, 0x0, 0x0, 0x29, 0x30, 0x18, 0x70, 0x0,
    0x0, 0x0, 0x0, 0x90, 0x0, 0x0, 0x65, 0x0,
    0x0, 0x1, 0x8a, 0x60, 0x0, 0x0, 0x9, 0x0,
    0x0, 0x19, 0x10, 0x65, 0x0, 0x0, 0x8, 0x0,
    0x0, 0x71, 0x0, 0x8, 0x0, 0x0, 0x9, 0x10,
    0x1a, 0x80, 0x0, 0x0, 0x0, 0x0, 0x1, 0x84,
    0x90, 0x0, 0x0, 0x0, 0x0, 0x0, 0x0, 0x9,
    0x80, 0x0, 0x0, 0x0, 0x0, 0x0, 0x0, 0x8,
    0x75, 0x0, 0x10, 0x0, 0x0, 0x0, 0x0, 0x46,
    0x4, 0x98, 0x97, 0x46, 0x60, 0x0, 0x49, 0x50,
    0x0, 0x0, 0x1, 0x42, 0x38, 0x89, 0x50, 0x0,

    /* U+2602 "☂" */
    0x0, 0x0, 0x0, 0x7, 0x0, 0x0, 0x0, 0x0,
    0x0, 0x3, 0x89, 0xfc, 0x85, 0x0, 0x0, 0x0,
    0x19, 0x60, 0x91, 0x82, 0x39, 0x40, 0x0, 0x1a,
    0x10, 0x63, 0x0, 0x90, 0x7, 0x50, 0x9, 0x10,
    0x9, 0x0, 0x4, 0x40, 0x8, 0x12, 0x70, 0x3,
    0x50, 0x0, 0x8, 0x0, 0x18, 0x67, 0x85, 0x76,
    0x8d, 0x87, 0x93, 0x77, 0xa4, 0x40, 0x3f, 0x50,
    0x80, 0x1f, 0x60, 0x26, 0x0, 0x0, 0x0, 0x8,
    0x0, 0x0, 0x0, 0x0, 0x0, 0x0, 0x0, 0x80,
    0x0, 0x0, 0x0, 0x0, 0x0, 0x0, 0xd, 0x20,
    0x0, 0x0, 0x0, 0x0, 0x0, 0x42, 0x67, 0x0,
    0x0, 0x0, 0x0, 0x0, 0x6, 0x95, 0x70, 0x0,
    0x0, 0x0, 0x0, 0x0, 0x71, 0x44, 0x0, 0x0,
    0x0, 0x0, 0x0, 0x1, 0x53, 0x0, 0x0, 0x0,
    0x0,

    /* U+2603 "☃" */
    0x0, 0x0, 0x6d, 0xd8, 0x0, 0x0, 0x0, 0x0,
    0x8f, 0xfb, 0x0, 0x0, 0x50, 0x3, 0xaf, 0xfa,
    0x2, 0x21, 0x4, 0xc, 0xa9, 0x9d, 0x70, 0x3,
    0x40, 0x35, 0x0, 0x0, 0x90, 0x50, 0x13, 0x80,
    0x52, 0x5, 0x80, 0x10, 0x1, 0x61, 0x2, 0x10,
    0x90, 0x10, 0x14, 0x19, 0x4, 0x31, 0x82, 0x40,
    0x1c, 0x87, 0x0, 0x1, 0x9a, 0x90, 0x3, 0xa0,
    0x0, 0x0, 0xe, 0x0, 0x6, 0x20, 0x0, 0x0,
    0x8, 0x20, 0x5, 0x30, 0x0, 0x0, 0x9, 0x10,
    0x0, 0x80, 0x0, 0x0, 0x2a, 0x0, 0x0, 0x28,
    0x30, 0x16, 0x91, 0x0, 0x0, 0x0, 0x47, 0x73,
    0x0, 0x0,

    /* U+2604 "☄" */
    0x0, 0x0, 0x0, 0x0, 0x30, 0x0, 0x0, 0x0,
    0x0, 0x0, 0x2, 0x0, 0x0, 0x0, 0x0, 0x0,
    0x0, 0x38, 0x0, 0x0, 0x0, 0x0, 0x0, 0x3,
    0x80, 0x0, 0x20, 0x0, 0x0, 0x0, 0x38, 0x9,
    0x17, 0x50, 0x0, 0x0, 0x3, 0x80, 0x92, 0x75,
    0x0, 0x3, 0x0, 0x38, 0x9, 0x27, 0x50, 0x8,
    0x20, 0x3, 0x80, 0x92, 0x75, 0x0, 0x64, 0x0,
    0x19, 0x2, 0x21, 0x47, 0x5, 0x0, 0x0, 0x80,
    0x78, 0xe3, 0x83, 0x74, 0x0, 0x0, 0x80, 0x84,
    0xd2, 0x37, 0x40, 0x0, 0x0, 0x90, 0x78, 0x70,
    0x74, 0x0, 0x0, 0x0, 0x37, 0x0, 0x8, 0x40,
    0x0, 0x0, 0x0, 0x5, 0x98, 0x93, 0x0, 0x0,
    0x0, 0x0,

    /* U+260E "☎" */
    0x0, 0x0, 0x58, 0x88, 0x88, 0x88, 0x85, 0x0,
    0x0, 0x0, 0x77, 0x20, 0x0, 0x0, 0x0, 0x3,
    0x87, 0x0, 0x9, 0x20, 0x0, 0xbb, 0x11, 0xa9,
    0x0, 0x2, 0x90, 0x45, 0x0, 0x2, 0x67, 0x89,
    0x28, 0x0, 0x0, 0x54, 0xa9, 0x65, 0x98, 0x2,
    0x77, 0x12, 0x99, 0x57, 0x9a, 0x63, 0x14, 0x80,
    0x98, 0x88, 0x68, 0xa, 0x31, 0x46, 0x7, 0x8c,
    0x43, 0x89, 0x77, 0x7a, 0x6, 0xb8, 0x60, 0x0,
    0x7, 0x17, 0x7a, 0x77, 0x89, 0x22, 0x60, 0x0,
    0x0, 0x9, 0x8, 0x9, 0x11, 0x62, 0x60, 0x80,
    0x0, 0x0, 0x9, 0xc, 0xff, 0xff, 0xff, 0x80,
    0x80, 0x0, 0x0, 0xf, 0x0, 0x11, 0x11, 0x11,
    0x0, 0xe0, 0x0, 0x0, 0xc, 0x88, 0x88, 0x88,
    0x88, 0x88, 0xc0, 0x0, 0x0, 0x8, 0x0, 0x0,
    0x0, 0x0, 0x0, 0x80, 0x0, 0x0, 0x9, 0x0,
    0x0, 0x0, 0x0, 0x0, 0x90, 0x0, 0x0, 0x4,
    0x88, 0x88, 0x88, 0x88, 0x88, 0x40, 0x0,

    /* U+2611 "☑" */
    0x88, 0x88, 0x88, 0x88, 0x88, 0x88, 0x88, 0x80,
    0x0, 0x0, 0x0, 0x0, 0x0, 0x8, 0x80, 0x0,
    0x0, 0x0, 0x0, 0x36, 0x8, 0x80, 0x0, 0x0,
    0x0, 0x2, 0xff, 0x8, 0x80, 0x0, 0x0, 0x0,
    0x1d, 0xf5, 0x8, 0x80, 0x52, 0x0, 0x0, 0xbf,
    0x80, 0x8, 0x80, 0xfc, 0x0, 0x9, 0xfb, 0x0,
    0x8, 0x80, 0xbf, 0x20, 0x6f, 0xd0, 0x0, 0x8,
    0x80, 0x6f, 0x83, 0xfe, 0x20, 0x0, 0x8, 0x80,
    0x1f, 0xee, 0xf4, 0x0, 0x0, 0x8, 0x80, 0xb,
    0xff, 0x60, 0x0, 0x0, 0x8, 0x80, 0x5, 0xf9,
    0x0, 0x0, 0x0, 0x8, 0x80, 0x0, 0x20, 0x0,
    0x0, 0x0, 0x8, 0x90, 0x0, 0x0, 0x0, 0x0,
    0x0, 0x9, 0x48, 0x88, 0x88, 0x88, 0x88, 0x88,
    0x84,

    /* U+2614 "☔" */
    0x0, 0x61, 0x0, 0x3, 0x10, 0x0, 0x26, 0x0,
    0xa, 0x30, 0x36, 0xfb, 0x50, 0x4, 0x90, 0x0,
    0x5, 0xa6, 0x77, 0xa4, 0x78, 0x0, 0x0, 0x8,
    0x60, 0x28, 0x1, 0x90, 0x19, 0x10, 0x6, 0x62,
    0x9, 0x9, 0x56, 0x30, 0x39, 0x0, 0xa0, 0xd2,
    0x70, 0x42, 0x8, 0x7b, 0x26, 0x45, 0x2, 0x53,
    0x58, 0x72, 0x81, 0x20, 0x76, 0xa8, 0x9e, 0xb6,
    0xa7, 0x9f, 0x88, 0x9b, 0x0, 0x0, 0x50, 0x6,
    0x20, 0x40, 0x0, 0x0, 0x0, 0x0, 0x0, 0x62,
    0x0, 0x0, 0x0, 0x0, 0x0, 0x0, 0x9, 0x40,
    0x0, 0x0, 0x0, 0x0, 0x0, 0x41, 0x87, 0x0,
    0x0, 0x0, 0x0, 0x0, 0x8, 0x77, 0x70, 0x0,
    0x0, 0x0, 0x0, 0x0, 0x81, 0x36, 0x0, 0x0,
    0x0, 0x0, 0x0, 0x0, 0x54, 0x0, 0x0, 0x0,
    0x0,

    /* U+2615 "☕" */
    0x0, 0x0, 0x0, 0x0, 0x95, 0x0, 0x0, 0x0,
    0x0, 0x0, 0x29, 0x69, 0x0, 0x0, 0x0, 0x0,
    0x6, 0x71, 0x68, 0x0, 0x0, 0x0, 0x0, 0x9,
    0x58, 0x30, 0x0, 0x0, 0x0, 0x17, 0x8d, 0xf8,
    0x86, 0x0, 0x0, 0x0, 0x91, 0x0, 0x30, 0x2,
    0x80, 0x0, 0x0, 0xdb, 0xef, 0xff, 0xe9, 0xfa,
    0x90, 0x0, 0x92, 0x7b, 0xea, 0x62, 0x90, 0x56,
    0x0, 0x94, 0x0, 0x0, 0x0, 0xea, 0x91, 0x0,
    0xc3, 0x40, 0x0, 0x2, 0xb0, 0x0, 0x2a, 0x66,
    0x10, 0x0, 0x8, 0x5a, 0x10, 0x80, 0x8, 0x50,
    0x0, 0x76, 0x51, 0x70, 0x56, 0x0, 0x49, 0x88,
    0x30, 0x26, 0x40, 0x5, 0x97, 0x31, 0x1, 0x37,
    0x94, 0x0, 0x0, 0x2, 0x57, 0x87, 0x52, 0x0,
    0x0,

    /* U+2618 "☘" */
    0x0, 0x0, 0x9, 0x87, 0x58, 0x30, 0x0, 0x0,
    0x0, 0x71, 0x2, 0x30, 0x73, 0x0, 0x0, 0x0,
    0x80, 0x0, 0x0, 0x8, 0x0, 0x7, 0x88, 0xa1,
    0x0, 0x0, 0x35, 0x0, 0x63, 0x0, 0x78, 0x0,
    0x0, 0xb7, 0x50, 0x71, 0x0, 0x7, 0x20, 0x49,
    0x41, 0x38, 0x45, 0x0, 0x0, 0x33, 0x60, 0x0,
    0x8, 0x90, 0x0, 0x0, 0x0, 0x0, 0x0, 0x18,
    0x80, 0x0, 0x6, 0xf9, 0x0, 0x0, 0x45, 0x85,
    0x36, 0x93, 0x83, 0x70, 0x0, 0x8, 0x4, 0x63,
    0x0, 0x80, 0x48, 0x10, 0x73, 0x0, 0x0, 0x0,
    0x71, 0x1, 0x78, 0x20, 0x0, 0x0, 0x0, 0x36,
    0x0, 0x0, 0x0, 0x0, 0x0, 0x0, 0x9, 0x20,
    0x0, 0x0, 0x0, 0x0, 0x0, 0x0, 0x20, 0x0,
    0x0,

    /* U+261D "☝" */
    0x0, 0x0, 0x0, 0x8, 0x92, 0x0, 0x0, 0x0,
    0x8, 0x8, 0x0, 0x0, 0x0, 0x17, 0x8, 0x0,
    0x0, 0x0, 0x17, 0x8, 0x0, 0x4, 0x28, 0x98,
    0x8, 0x28, 0x94, 0xa4, 0x1a, 0x8, 0x90, 0xb0,
    0x43, 0x8, 0x8, 0x80, 0x81, 0x9c, 0x8d, 0x28,
    0x90, 0x7e, 0x20, 0x0, 0x8c, 0xe9, 0x7b, 0x10,
    0x0, 0xc, 0x80, 0x2, 0x78, 0xd2, 0x8, 0x53,
    0x0, 0x3, 0x64, 0x7, 0x9, 0x0, 0x2, 0x0,
    0x82, 0x3, 0x93, 0x1, 0x39, 0x40, 0x0, 0x5,
    0x77, 0x50, 0x0,

    /* U+2620 "☠" */
    0x0, 0x79, 0x0, 0x0, 0x0, 0x0, 0x97, 0x0,
    0x7, 0x65, 0x30, 0x0, 0x0, 0x1, 0x66, 0x70,
    0xa, 0x21, 0x93, 0x99, 0x89, 0x48, 0x22, 0xa0,
    0x1, 0x59, 0x89, 0x0, 0x0, 0x6a, 0x85, 0x10,
    0x0, 0x2, 0xa0, 0x0, 0x0, 0x7, 0x40, 0x0,
    0x0, 0x6, 0x20, 0x0, 0x0, 0x0, 0x70, 0x0,
    0x0, 0x8, 0x7, 0xa0, 0x7, 0xa0, 0x80, 0x0,
    0x0, 0x7, 0x1d, 0xf0, 0xb, 0xf1, 0x80, 0x0,
    0x0, 0x5, 0x31, 0x23, 0x61, 0x20, 0x70, 0x0,
    0x0, 0x3, 0x80, 0x4, 0x60, 0x5, 0x50, 0x0,
    0x0, 0x8, 0x98, 0x0, 0x0, 0x4b, 0x90, 0x0,
    0x7, 0x72, 0x8c, 0x91, 0x48, 0xb9, 0x27, 0x70,
    0xb, 0x23, 0x61, 0x89, 0xa9, 0x23, 0x52, 0xb0,
    0x2, 0x97, 0x20, 0x0, 0x0, 0x0, 0x89, 0x20,
    0x0, 0x36, 0x0, 0x0, 0x0, 0x0, 0x54, 0x0,

    /* U+2622 "☢" */
    0x0, 0x0, 0x68, 0x88, 0x86, 0x0, 0x0, 0x0,
    0x29, 0x30, 0x0, 0x3, 0x92, 0x0, 0x3, 0x80,
    0x20, 0x0, 0x2, 0x18, 0x20, 0x9, 0x1c, 0xd0,
    0x0, 0xa, 0xd1, 0x90, 0x62, 0x9f, 0xf6, 0x0,
    0x3f, 0xfb, 0x36, 0x92, 0xff, 0xfe, 0x10, 0xcf,
    0xff, 0x29, 0x86, 0xff, 0xfd, 0x34, 0xaf, 0xff,
    0x68, 0x81, 0x33, 0x32, 0x8c, 0x13, 0x33, 0x18,
    0x80, 0x0, 0x0, 0x23, 0x0, 0x0, 0x8, 0x80,
    0x0, 0x1, 0xff, 0x40, 0x0, 0x8, 0x35, 0x0,
    0xa, 0xff, 0xd0, 0x0, 0x63, 0x8, 0x10, 0x3f,
    0xff, 0xf6, 0x1, 0x80, 0x0, 0x92, 0x29, 0xcc,
    0xa3, 0x29, 0x0, 0x0, 0x7, 0x83, 0x11, 0x38,
    0x70, 0x0, 0x0, 0x0, 0x5, 0x77, 0x50, 0x0,
    0x0,

    /* U+2623 "☣" */
    0x0, 0x0, 0x68, 0x88, 0x86, 0x0, 0x0, 0x0,
    0x29, 0x30, 0x0, 0x3, 0x92, 0x0, 0x3, 0x80,
    0x30, 0x0, 0x3, 0x8, 0x20, 0x9, 0x0, 0x50,
    0x0, 0x6, 0x0, 0x90, 0x62, 0x0, 0x90, 0x54,
    0x9, 0x0, 0x36, 0x90, 0x0, 0x7a, 0x33, 0x97,
    0x0, 0x9, 0x80, 0x29, 0xdf, 0x99, 0xfd, 0x92,
    0x8, 0x81, 0x60, 0x37, 0x33, 0x72, 0x17, 0x18,
    0x82, 0x0, 0x26, 0x6b, 0x52, 0x0, 0x28, 0x80,
    0x0, 0x4, 0x5a, 0x40, 0x0, 0x8, 0x35, 0x0,
    0x0, 0x6b, 0x0, 0x0, 0x63, 0x8, 0x10, 0x2,
    0x75, 0x30, 0x1, 0x80, 0x0, 0x92, 0x2, 0x0,
    0x20, 0x29, 0x0, 0x0, 0x7, 0x83, 0x11, 0x38,
    0x70, 0x0, 0x0, 0x0, 0x5, 0x77, 0x50, 0x0,
    0x0,

    /* U+2626 "☦" */
    0xb, 0xff, 0xff, 0xff, 0xff, 0xff, 0xff, 0xb0,
    0x1f, 0xff, 0xff, 0xff, 0xff, 0xff, 0xff, 0xf1,
    0x1f, 0xff, 0xff, 0xfa, 0xaf, 0xff, 0xff, 0xf1,
    0x1f, 0xff, 0xfc, 0x32, 0x23, 0xcf, 0xff, 0xf1,
    0x1f, 0xff, 0xff, 0xf9, 0x9f, 0xff, 0xff, 0xf1,
    0x1f, 0xfe, 0x55, 0x53, 0x35, 0x55, 0xef, 0xf1,
    0x1f, 0xff, 0xbb, 0xb6, 0x6b, 0xbb, 0xff, 0xf1,
    0x1f, 0xff, 0xff, 0xf9, 0x9f, 0xff, 0xff, 0xf1,
    0x1f, 0xff, 0xfe, 0x35, 0x9f, 0xff, 0xff, 0xf1,
    0x1f, 0xff, 0xff, 0xd4, 0x3d, 0xff, 0xff, 0xf1,
    0x1f, 0xff, 0xff, 0xf9, 0x64, 0xff, 0xff, 0xf1,
    0x1f, 0xff, 0xff, 0xf9, 0x9f, 0xff, 0xff, 0xf1,
    0x1f, 0xff, 0xff, 0xff, 0xff, 0xff, 0xff, 0xf1,
    0xf, 0xff, 0xff, 0xff, 0xff, 0xff, 0xff, 0xf0,
    0x2, 0x45, 0x55, 0x55, 0x55, 0x55, 0x54, 0x20,

    /* U+262A "☪" */
    0xb, 0xff, 0xff, 0xff, 0xff, 0xff, 0xff, 0xb0,
    0x1f, 0xff, 0xff, 0xfd, 0xcf, 0xff, 0xff, 0xf1,
    0x1f, 0xff, 0xe6, 0x3, 0x65, 0x7e, 0xff, 0xf1,
    0x1f, 0xfe, 0x21, 0xcf, 0xff, 0xfb, 0xff, 0xf1,
    0x1f, 0xf5, 0xd, 0xff, 0xff, 0xff, 0xff, 0xf1,
    0x1f, 0xe0, 0x6f, 0xff, 0xff, 0xfe, 0xff, 0xf1,
    0x1f, 0xb0, 0xaf, 0xff, 0xff, 0xb3, 0xbf, 0xf1,
    0x1f, 0xa0, 0xaf, 0xff, 0xff, 0x80, 0x8f, 0xf1,
    0x1f, 0xd0, 0x7f, 0xff, 0xff, 0xbb, 0xbf, 0xf1,
    0x1f, 0xf4, 0x1e, 0xff, 0xff, 0xff, 0xff, 0xf1,
    0x1f, 0xfd, 0x13, 0xef, 0xff, 0xfc, 0xff, 0xf1,
    0x1f, 0xff, 0xd4, 0x5, 0x87, 0x7d, 0xff, 0xf1,
    0x1f, 0xff, 0xff, 0xeb, 0xad, 0xff, 0xff, 0xf1,
    0xd, 0xff, 0xff, 0xff, 0xff, 0xff, 0xff, 0xd0,
    0x0, 0x11, 0x11, 0x11, 0x11, 0x11, 0x11, 0x0,

    /* U+262E "☮" */
    0xa, 0xee, 0xee, 0xee, 0xee, 0xee, 0xee, 0x81,
    0xff, 0xff, 0xff, 0xff, 0xff, 0xff, 0xfe, 0x1f,
    0xff, 0xfa, 0x74, 0x66, 0xbf, 0xff, 0xe1, 0xff,
    0xf7, 0xcf, 0x8e, 0xf9, 0x8f, 0xfe, 0x1f, 0xf9,
    0xcf, 0xf8, 0xef, 0xf8, 0xbf, 0xe1, 0xff, 0x6f,
    0xff, 0x8e, 0xff, 0xf6, 0xfe, 0x1f, 0xe9, 0xff,
    0xf8, 0xef, 0xff, 0x7f, 0xe1, 0xfd, 0x9f, 0xfc,
    0x25, 0xef, 0xf7, 0xfe, 0x1f, 0xf7, 0xfc, 0x88,
    0xd6, 0xef, 0x7f, 0xe1, 0xff, 0x7b, 0x8f, 0x8e,
    0xf6, 0xa9, 0xfe, 0x1f, 0xff, 0x4e, 0xf8, 0xef,
    0xb5, 0xff, 0xe1, 0xff, 0xff, 0x78, 0x58, 0x68,
    0xff, 0xfe, 0x1f, 0xff, 0xff, 0xfd, 0xdf, 0xff,
    0xff, 0xe0, 0xdf, 0xff, 0xff, 0xff, 0xff, 0xff,
    0xfb, 0x0, 0x11, 0x11, 0x11, 0x11, 0x11, 0x11,
    0x0,

    /* U+262F "☯" */
    0xc, 0xff, 0xff, 0xff, 0xff, 0xff, 0xff, 0xd0,
    0x1f, 0xff, 0xff, 0xda, 0xad, 0xff, 0xff, 0xf2,
    0x1f, 0xff, 0xd6, 0x8c, 0xc9, 0x6d, 0xff, 0xf2,
    0x1f, 0xfd, 0x6f, 0xff, 0xff, 0xf6, 0xdf, 0xf2,
    0x1f, 0xf6, 0xff, 0xf8, 0x6f, 0xac, 0x6f, 0xf2,
    0x1f, 0xd9, 0xff, 0xf8, 0x6f, 0x93, 0xac, 0xf2,
    0x1f, 0xad, 0xff, 0xff, 0xfd, 0x20, 0xc9, 0xf2,
    0x1f, 0x9d, 0xff, 0xe6, 0x20, 0x0, 0xb9, 0xf2,
    0x1f, 0xca, 0xff, 0x31, 0x20, 0x1, 0xab, 0xf2,
    0x1f, 0xf6, 0xff, 0x5, 0x90, 0xb, 0x6f, 0xf2,
    0x1f, 0xfd, 0x7f, 0xa0, 0x2, 0xb7, 0xcf, 0xf2,
    0x1f, 0xff, 0xd6, 0xad, 0xca, 0x6c, 0xff, 0xf2,
    0x1f, 0xff, 0xff, 0xda, 0x9c, 0xff, 0xff, 0xf2,
    0xe, 0xff, 0xff, 0xff, 0xff, 0xff, 0xff, 0xe0,
    0x0, 0x11, 0x11, 0x11, 0x11, 0x11, 0x11, 0x0,

    /* U+2638 "☸" */
    0xb, 0xff, 0xff, 0xff, 0xff, 0xff, 0xff, 0xb0,
    0x1f, 0xff, 0xff, 0xfe, 0xef, 0xff, 0xff, 0xf1,
    0x1f, 0xff, 0xff, 0xe7, 0x7e, 0xff, 0xff, 0xf1,
    0x1f, 0xff, 0x77, 0x78, 0x87, 0x77, 0xff, 0xf1,
    0x1f, 0xff, 0x75, 0xfc, 0xcf, 0x56, 0xff, 0xf1,
    0x1f, 0xfd, 0x9d, 0x67, 0x76, 0xd9, 0xdf, 0xf1,
    0x1f, 0xf8, 0xce, 0x6e, 0xe6, 0xec, 0x8f, 0xf1,
    0x1f, 0xa2, 0x45, 0x4f, 0xf4, 0x55, 0x2b, 0xf1,
    0x1f, 0xfa, 0xcf, 0x56, 0x65, 0xfc, 0xaf, 0xf1,
    0x1f, 0xff, 0x67, 0xcb, 0xcd, 0x76, 0xff, 0xf1,
    0x1f, 0xff, 0x65, 0xec, 0xce, 0x56, 0xff, 0xf1,
    0x1f, 0xff, 0xde, 0x52, 0x25, 0xdd, 0xff, 0xf1,
    0x1f, 0xff, 0xff, 0xfc, 0xcf, 0xff, 0xff, 0xf1,
    0xf, 0xff, 0xff, 0xff, 0xff, 0xff, 0xff, 0xf0,
    0x4, 0x88, 0x88, 0x88, 0x88, 0x88, 0x88, 0x40,

    /* U+2639 "☹" */
    0x0, 0x0, 0x68, 0x88, 0x86, 0x0, 0x0, 0x0,
    0x39, 0x30, 0x0, 0x3, 0x93, 0x0, 0x3, 0x80,
    0x0, 0x0, 0x0, 0x8, 0x30, 0x9, 0x0, 0x0,
    0x0, 0x0, 0x0, 0x90, 0x62, 0x0, 0x10, 0x0,
    0x1, 0x0, 0x26, 0x90, 0x0, 0xf6, 0x0, 0x1f,
    0x50, 0x9, 0x80, 0x0, 0xb4, 0x0, 0xc, 0x30,
    0x8, 0x80, 0x0, 0x0, 0x0, 0x0, 0x0, 0x8,
    0x80, 0x0, 0x3, 0x78, 0x40, 0x0, 0x8, 0x90,
    0x0, 0x86, 0x11, 0x49, 0x20, 0x8, 0x45, 0x5,
    0x30, 0x0, 0x0, 0x70, 0x54, 0x9, 0x10, 0x0,
    0x0, 0x0, 0x1, 0x90, 0x0, 0x92, 0x0, 0x0,
    0x0, 0x29, 0x0, 0x0, 0x8, 0x83, 0x11, 0x38,
    0x70, 0x0, 0x0, 0x0, 0x15, 0x77, 0x51, 0x0,
    0x0,

    /* U+263A "☺" */
    0x0, 0x0, 0x68, 0x88, 0x86, 0x0, 0x0, 0x0,
    0x39, 0x30, 0x0, 0x3, 0x93, 0x0, 0x3, 0x80,
    0x0, 0x0, 0x0, 0x8, 0x30, 0x9, 0x6, 0x81,
    0x0, 0x18, 0x60, 0x90, 0x62, 0x13, 0x0, 0x0,
    0x0, 0x31, 0x26, 0x90, 0x0, 0x0, 0x0, 0x0,
    0x0, 0x9, 0x80, 0x8, 0x88, 0x0, 0x88, 0x80,
    0x8, 0x80, 0x13, 0x10, 0x0, 0x1, 0x31, 0x8,
    0x80, 0x45, 0x40, 0x0, 0x4, 0x63, 0x8, 0x90,
    0x0, 0x21, 0x0, 0x12, 0x0, 0x8, 0x45, 0x0,
    0x18, 0x99, 0x81, 0x0, 0x54, 0x9, 0x10, 0x0,
    0x0, 0x0, 0x1, 0x90, 0x0, 0x92, 0x0, 0x0,
    0x0, 0x29, 0x0, 0x0, 0x8, 0x83, 0x11, 0x38,
    0x70, 0x0, 0x0, 0x0, 0x15, 0x77, 0x51, 0x0,
    0x0,

    /* U+2640 "♀" */
    0x0, 0x3a, 0xdd, 0x91, 0x0, 0x5, 0xff, 0xcd,
    0xfe, 0x30, 0x1f, 0xd2, 0x0, 0x4f, 0xd0, 0x7f,
    0x30, 0x0, 0x7, 0xf4, 0x9f, 0x0, 0x0, 0x4,
    0xf6, 0x7f, 0x30, 0x0, 0x7, 0xf4, 0x2f, 0xc1,
    0x0, 0x3e, 0xd0, 0x6, 0xff, 0xbc, 0xff, 0x30,
    0x0, 0x4b, 0xff, 0xa2, 0x0, 0x0, 0x0, 0xfb,
    0x0, 0x0, 0x0, 0x36, 0xfd, 0x62, 0x0, 0x0,
    0xaf, 0xff, 0xf6, 0x0, 0x0, 0x24, 0xfc, 0x41,
    0x0, 0x0, 0x0, 0xfb, 0x0, 0x0, 0x0, 0x0,
    0x11, 0x0, 0x0,

    /* U+2642 "♂" */
    0x0, 0x0, 0x0, 0x0, 0x3, 0xff, 0xff, 0xe0,
    0x0, 0x0, 0x0, 0x0, 0x2b, 0xbf, 0xfe, 0x0,
    0x0, 0x0, 0x0, 0x0, 0xa, 0xff, 0xe0, 0x0,
    0x0, 0x0, 0x0, 0xa, 0xfa, 0xbe, 0x0, 0x1,
    0x69, 0x85, 0xa, 0xfb, 0xb, 0xe0, 0x4, 0xef,
    0xff, 0xff, 0xfb, 0x0, 0x22, 0x3, 0xfe, 0x51,
    0x17, 0xff, 0x10, 0x0, 0x0, 0xcf, 0x20, 0x0,
    0x6, 0xf7, 0x0, 0x0, 0xf, 0xa0, 0x0, 0x0,
    0xe, 0xb0, 0x0, 0x1, 0xf8, 0x0, 0x0, 0x0,
    0xdc, 0x0, 0x0, 0xe, 0xc0, 0x0, 0x0, 0x1f,
    0xa0, 0x0, 0x0, 0x8f, 0x80, 0x0, 0xb, 0xf3,
    0x0, 0x0, 0x0, 0xcf, 0xc8, 0x9e, 0xf8, 0x0,
    0x0, 0x0, 0x0, 0x8e, 0xff, 0xd5, 0x0, 0x0,
    0x0, 0x0, 0x0, 0x1, 0x10, 0x0, 0x0, 0x0,
    0x0,

    /* U+2648 "♈" */
    0x0, 0x0, 0x18, 0xce, 0xec, 0x60, 0x0, 0x0,
    0x0, 0x5f, 0xff, 0xff, 0xff, 0xe3, 0x0, 0x0,
    0x5f, 0xff, 0xff, 0xff, 0xff, 0xe3, 0x0, 0x2f,
    0xff, 0xdf, 0xff, 0xfd, 0xff, 0xe0, 0xa, 0xfc,
    0x24, 0x3f, 0xd2, 0x43, 0xef, 0x60, 0xff, 0x3e,
    0xf7, 0x96, 0xbf, 0xa6, 0xfc, 0x2f, 0xfe, 0xff,
    0xc6, 0x2f, 0xff, 0xef, 0xf3, 0xff, 0xff, 0xff,
    0x33, 0xff, 0xff, 0xff, 0x1f, 0xff, 0xff, 0xf2,
    0x5f, 0xff, 0xff, 0xd0, 0xcf, 0xff, 0xff, 0x47,
    0xff, 0xff, 0xf8, 0x5, 0xff, 0xff, 0xf6, 0xaf,
    0xff, 0xff, 0x20, 0xa, 0xff, 0xff, 0xff, 0xff,
    0xff, 0x60, 0x0, 0xa, 0xff, 0xff, 0xff, 0xff,
    0x60, 0x0, 0x0, 0x5, 0xcf, 0xff, 0xfb, 0x30,
    0x0, 0x0, 0x0, 0x0, 0x13, 0x30, 0x0, 0x0,
    0x0,

    /* U+2649 "♉" */
    0x0, 0x0, 0x17, 0xbd, 0xda, 0x50, 0x0, 0x0,
    0x0, 0x4e, 0xff, 0xff, 0xff, 0xd2, 0x0, 0x0,
    0x4f, 0xff, 0xff, 0xff, 0xff, 0xe2, 0x0, 0x2f,
    0xf7, 0xff, 0xff, 0xfc, 0x9f, 0xd0, 0xa, 0xff,
    0x94, 0xef, 0xfd, 0x3c, 0xff, 0x60, 0xff, 0xff,
    0x91, 0x54, 0x2c, 0xff, 0xfb, 0x2f, 0xff, 0xf7,
    0x5c, 0xb3, 0xaf, 0xff, 0xf3, 0xff, 0xfc, 0x4f,
    0xff, 0xe2, 0xff, 0xff, 0x1f, 0xff, 0x99, 0xff,
    0xff, 0x5d, 0xff, 0xd0, 0xcf, 0xfa, 0x7f, 0xff,
    0xf3, 0xef, 0xf9, 0x5, 0xff, 0xf2, 0xbf, 0xf8,
    0x5f, 0xff, 0x20, 0xb, 0xff, 0xe4, 0x22, 0x6f,
    0xff, 0x70, 0x0, 0xb, 0xff, 0xff, 0xff, 0xff,
    0x70, 0x0, 0x0, 0x6, 0xef, 0xff, 0xfc, 0x40,
    0x0, 0x0, 0x0, 0x0, 0x24, 0x41, 0x0, 0x0,
    0x0,

    /* U+264A "♊" */
    0x0, 0x0, 0x6, 0xbd, 0xdb, 0x60, 0x0, 0x0,
    0x0, 0x3, 0xef, 0xff, 0xff, 0xfe, 0x30, 0x0,
    0x0, 0x3f, 0xff, 0xff, 0xff, 0xff, 0xf3, 0x0,
    0x1, 0xef, 0x7a, 0xdf, 0xfd, 0xa6, 0xfe, 0x10,
    0x8, 0xff, 0xd6, 0x13, 0x31, 0x6d, 0xff, 0x80,
    0xd, 0xff, 0xfc, 0x6f, 0xf6, 0xcf, 0xff, 0xd0,
    0xf, 0xff, 0xfc, 0x6f, 0xf6, 0xcf, 0xff, 0xf0,
    0xf, 0xff, 0xfc, 0x6f, 0xf6, 0xcf, 0xff, 0xf0,
    0xe, 0xff, 0xfc, 0x6f, 0xf6, 0xcf, 0xff, 0xe0,
    0xa, 0xff, 0xf9, 0x37, 0x73, 0x9f, 0xff, 0x90,
    0x2, 0xff, 0x56, 0xab, 0xb9, 0x64, 0xff, 0x20,
    0x0, 0x7f, 0xff, 0xff, 0xff, 0xff, 0xf6, 0x0,
    0x0, 0x7, 0xff, 0xff, 0xff, 0xff, 0x60, 0x0,
    0x0, 0x0, 0x3a, 0xff, 0xff, 0xa2, 0x0, 0x0,
    0x0, 0x0, 0x0, 0x1, 0x10, 0x0, 0x0, 0x0,

    /* U+264B "♋" */
    0x0, 0x0, 0x17, 0xbd, 0xda, 0x50, 0x0, 0x0,
    0x0, 0x5e, 0xff, 0xff, 0xff, 0xd2, 0x0, 0x0,
    0x5f, 0xff, 0xed, 0xef, 0xff, 0xe2, 0x0, 0x2f,
    0xf7, 0x13, 0x54, 0x26, 0xef, 0xd0, 0xa, 0xf3,
    0x78, 0x3d, 0xff, 0xaa, 0xff, 0x60, 0xfa, 0x7f,
    0xfb, 0x6f, 0xfc, 0xef, 0xfc, 0x2f, 0x98, 0xff,
    0xc5, 0xd2, 0x52, 0xaf, 0xf3, 0xfe, 0x3a, 0xc3,
    0xb3, 0xdf, 0xf2, 0xef, 0x1f, 0xfe, 0x65, 0xcf,
    0x2f, 0xff, 0x5d, 0xd0, 0xcf, 0xfe, 0xff, 0xf7,
    0x9f, 0xc3, 0xf8, 0x4, 0xff, 0x83, 0x8a, 0xa2,
    0x4, 0xef, 0x10, 0x9, 0xff, 0xfb, 0xa9, 0xae,
    0xff, 0x50, 0x0, 0x8, 0xff, 0xff, 0xff, 0xff,
    0x50, 0x0, 0x0, 0x4, 0xbf, 0xff, 0xe9, 0x20,
    0x0, 0x0, 0x0, 0x0, 0x1, 0x10, 0x0, 0x0,
    0x0,

    /* U+264C "♌" */
    0x0, 0x0, 0x0, 0x0, 0x0, 0x0, 0x0, 0x0,
    0x0, 0x2, 0xae, 0xff, 0xd8, 0x10, 0x0, 0x0,
    0x7, 0xff, 0xff, 0xff, 0xff, 0x40, 0x0, 0x7,
    0xff, 0xff, 0xb5, 0x6e, 0xff, 0x40, 0x3, 0xff,
    0xff, 0xa4, 0xca, 0x3e, 0xfe, 0x10, 0xbf, 0xff,
    0xe3, 0xef, 0xf9, 0x8f, 0xf7, 0xf, 0xfa, 0x23,
    0xf, 0xff, 0x98, 0xff, 0xc2, 0xff, 0x2f, 0xf7,
    0x9f, 0xe2, 0xef, 0xff, 0x2f, 0xd4, 0xff, 0xa7,
    0xf5, 0xbf, 0xff, 0xf0, 0xff, 0x49, 0xb3, 0xcb,
    0x5f, 0xff, 0xfd, 0xb, 0xff, 0x86, 0xcf, 0x7b,
    0xff, 0xff, 0x80, 0x4f, 0xff, 0xff, 0xf9, 0x7d,
    0xcf, 0xf1, 0x0, 0x8f, 0xff, 0xff, 0xf7, 0x5a,
    0xf5, 0x0, 0x0, 0x8f, 0xff, 0xff, 0xff, 0xf5,
    0x0, 0x0, 0x0, 0x3b, 0xff, 0xfe, 0x92, 0x0,
    0x0, 0x0, 0x0, 0x0, 0x11, 0x0, 0x0, 0x0,

    /* U+264D "♍" */
    0x0, 0x0, 0x6, 0xbd, 0xdb, 0x60, 0x0, 0x0,
    0x0, 0x3, 0xef, 0xff, 0xff, 0xfe, 0x40, 0x0,
    0x0, 0x3f, 0xfe, 0xef, 0xef, 0xff, 0xf4, 0x0,
    0x1, 0xef, 0x67, 0x43, 0x74, 0xcf, 0xff, 0x10,
    0x8, 0xff, 0x3f, 0xe2, 0xfd, 0x13, 0x4f, 0x90,
    0xd, 0xfe, 0x3f, 0xf3, 0xfe, 0x4f, 0x4e, 0xe0,
    0xf, 0xfe, 0x3f, 0xf3, 0xfe, 0x6f, 0x3f, 0xf1,
    0xf, 0xfe, 0x3f, 0xf3, 0xfe, 0x6b, 0x6f, 0xf1,
    0xe, 0xfe, 0x3f, 0xf3, 0xfe, 0x33, 0xef, 0xf0,
    0x9, 0xfe, 0x3f, 0xf3, 0xfb, 0xd, 0xff, 0xa0,
    0x2, 0xff, 0xff, 0xfe, 0x73, 0x59, 0xff, 0x30,
    0x0, 0x6f, 0xff, 0xff, 0xbf, 0xf6, 0xf6, 0x0,
    0x0, 0x6, 0xff, 0xff, 0xff, 0xff, 0x60, 0x0,
    0x0, 0x0, 0x29, 0xef, 0xfe, 0x92, 0x0, 0x0,
    0x0, 0x0, 0x0, 0x0, 0x0, 0x0, 0x0, 0x0,

    /* U+264E "♎" */
    0x0, 0x0, 0x6, 0xbd, 0xdb, 0x60, 0x0, 0x0,
    0x0, 0x3, 0xdf, 0xff, 0xff, 0xfd, 0x30, 0x0,
    0x0, 0x3f, 0xff, 0xfd, 0xdf, 0xff, 0xf3, 0x0,
    0x0, 0xef, 0xfd, 0x24, 0x53, 0xdf, 0xfe, 0x0,
    0x7, 0xff, 0xf2, 0xaf, 0xfd, 0x4f, 0xff, 0x70,
    0xd, 0xff, 0xd2, 0xff, 0xff, 0x7e, 0xff, 0xc0,
    0xf, 0xff, 0xe2, 0xff, 0xff, 0x6f, 0xff, 0xf0,
    0xf, 0xff, 0xf6, 0x8f, 0xfc, 0x4f, 0xff, 0xf0,
    0xf, 0xfe, 0x32, 0x3f, 0xf7, 0x23, 0xef, 0xf0,
    0xb, 0xff, 0xff, 0xff, 0xff, 0xff, 0xff, 0xb0,
    0x4, 0xfd, 0x11, 0x11, 0x11, 0x11, 0xdf, 0x40,
    0x0, 0xbf, 0xff, 0xff, 0xff, 0xff, 0xfa, 0x0,
    0x0, 0xb, 0xff, 0xff, 0xff, 0xff, 0xb0, 0x0,
    0x0, 0x0, 0x8f, 0xff, 0xff, 0xf8, 0x0, 0x0,
    0x0, 0x0, 0x1, 0x57, 0x75, 0x10, 0x0, 0x0,

    /* U+264F "♏" */
    0x0, 0x0, 0x6, 0xbd, 0xdb, 0x60, 0x0, 0x0,
    0x0, 0x3e, 0xff, 0xff, 0xff, 0xd2, 0x0, 0x0,
    0x3f, 0xff, 0xff, 0xff, 0xff, 0xe2, 0x0, 0x1e,
    0xfa, 0x65, 0x85, 0x6e, 0xff, 0xd0, 0x8, 0xff,
    0x2f, 0xd1, 0xfc, 0x7f, 0xff, 0x60, 0xdf, 0xe3,
    0xfe, 0x2f, 0xd5, 0xff, 0xfc, 0xf, 0xfe, 0x3f,
    0xf3, 0xfe, 0x5f, 0xff, 0xf0, 0xff, 0xe3, 0xff,
    0x3f, 0xe5, 0xfa, 0xff, 0xe, 0xfe, 0x3f, 0xf3,
    0xfe, 0x5e, 0xb, 0xd0, 0x9f, 0xe3, 0xff, 0x3f,
    0xf3, 0xb3, 0xf8, 0x2, 0xff, 0xff, 0xfe, 0xff,
    0xb6, 0xdf, 0x10, 0x6, 0xff, 0xff, 0xff, 0xff,
    0xff, 0x40, 0x0, 0x6, 0xff, 0xff, 0xff, 0xff,
    0x50, 0x0, 0x0, 0x2, 0x9e, 0xff, 0xe9, 0x10,
    0x0, 0x0, 0x0, 0x0, 0x0, 0x0, 0x0, 0x0,
    0x0,

    /* U+2650 "♐" */
    0x0, 0x0, 0x0, 0x1, 0x10, 0x0, 0x0, 0x0,
    0x0, 0x0, 0x2a, 0xef, 0xfe, 0x92, 0x0, 0x0,
    0x0, 0x7, 0xff, 0xff, 0xff, 0xff, 0x50, 0x0,
    0x0, 0x7f, 0xff, 0xff, 0xff, 0xff, 0xf5, 0x0,
    0x3, 0xff, 0xff, 0xfd, 0x77, 0x79, 0xff, 0x10,
    0xa, 0xff, 0xff, 0xfe, 0xba, 0x14, 0xff, 0x80,
    0xf, 0xff, 0xff, 0xff, 0xe3, 0x94, 0xff, 0xd0,
    0x1f, 0xff, 0xf5, 0xae, 0x3b, 0xe4, 0xff, 0xf0,
    0x1f, 0xff, 0xff, 0x42, 0xbf, 0xfb, 0xff, 0xf0,
    0xf, 0xff, 0xfe, 0x33, 0x9f, 0xff, 0xff, 0xd0,
    0xa, 0xff, 0xe3, 0xbf, 0x4d, 0xff, 0xff, 0x80,
    0x3, 0xff, 0x7b, 0xff, 0xff, 0xff, 0xff, 0x10,
    0x0, 0x7f, 0xff, 0xff, 0xff, 0xff, 0xf5, 0x0,
    0x0, 0x7, 0xff, 0xff, 0xff, 0xff, 0x50, 0x0,
    0x0, 0x0, 0x2a, 0xef, 0xfe, 0x92, 0x0, 0x0,
    0x0, 0x0, 0x0, 0x1, 0x10, 0x0, 0x0, 0x0,

    /* U+2651 "♑" */
    0x0, 0x0, 0x6, 0xbd, 0xdb, 0x60, 0x0, 0x0,
    0x0, 0x3, 0xdf, 0xff, 0xff, 0xfe, 0x40, 0x0,
    0x0, 0x4f, 0xff, 0xff, 0xff, 0xff, 0xf4, 0x0,
    0x1, 0xef, 0x77, 0x47, 0xff, 0xff, 0xfe, 0x10,
    0x8, 0xff, 0x56, 0xf5, 0xcf, 0xff, 0xff, 0x80,
    0xd, 0xff, 0x98, 0xf8, 0xaf, 0xff, 0xff, 0xe0,
    0xf, 0xff, 0xa9, 0xf8, 0xaf, 0xb9, 0xff, 0xf1,
    0xf, 0xff, 0xa9, 0xf8, 0xa9, 0x47, 0x4f, 0xf1,
    0xe, 0xff, 0xa9, 0xfa, 0x73, 0xef, 0x3f, 0xf0,
    0xa, 0xff, 0xba, 0xff, 0x31, 0xec, 0x3f, 0xb0,
    0x3, 0xff, 0xff, 0xff, 0xc2, 0x45, 0xef, 0x30,
    0x0, 0x7f, 0xff, 0xc4, 0x3c, 0xff, 0xf8, 0x0,
    0x0, 0x8, 0xff, 0xfe, 0xff, 0xff, 0x80, 0x0,
    0x0, 0x0, 0x4c, 0xff, 0xff, 0xc4, 0x0, 0x0,
    0x0, 0x0, 0x0, 0x13, 0x31, 0x0, 0x0, 0x0,

    /* U+2652 "♒" */
    0x0, 0x0, 0x17, 0xbd, 0xda, 0x50, 0x0, 0x0,
    0x0, 0x5e, 0xff, 0xff, 0xff, 0xd2, 0x0, 0x0,
    0x5f, 0xff, 0xff, 0xff, 0xff, 0xe2, 0x0, 0x2f,
    0xe8, 0xff, 0x9c, 0xfd, 0x8f, 0xd0, 0xa, 0xf5,
    0x58, 0xd3, 0x3f, 0x45, 0x9f, 0x60, 0xfd, 0x4f,
    0x35, 0xc8, 0x74, 0xf2, 0xfc, 0x2f, 0xdd, 0xfb,
    0x8f, 0xf7, 0xdf, 0xbe, 0xf3, 0xff, 0xf9, 0xff,
    0xbd, 0xfe, 0xaf, 0xff, 0x1f, 0xf6, 0x49, 0xd3,
    0x3f, 0x54, 0xaf, 0xd0, 0xce, 0x3f, 0x36, 0xb7,
    0x84, 0xe3, 0xf8, 0x4, 0xcb, 0xf9, 0x5f, 0xe4,
    0xcf, 0x9d, 0x10, 0x9, 0xff, 0xff, 0xff, 0xff,
    0xff, 0x50, 0x0, 0x8, 0xff, 0xff, 0xff, 0xff,
    0x50, 0x0, 0x0, 0x4, 0xbf, 0xff, 0xe9, 0x20,
    0x0, 0x0, 0x0, 0x0, 0x1, 0x10, 0x0, 0x0,
    0x0,

    /* U+2653 "♓" */
    0x0, 0x0, 0x0, 0x1, 0x0, 0x0, 0x0, 0x0,
    0x0, 0x0, 0x3a, 0xff, 0xfe, 0x92, 0x0, 0x0,
    0x0, 0x7, 0xff, 0xff, 0xff, 0xff, 0x60, 0x0,
    0x0, 0x7f, 0xef, 0xff, 0xff, 0xfe, 0xf6, 0x0,
    0x2, 0xff, 0x4a, 0xff, 0xff, 0xb4, 0xff, 0x10,
    0xa, 0xff, 0xe2, 0xff, 0xff, 0x4e, 0xff, 0x80,
    0xe, 0xff, 0xf6, 0xaf, 0xfe, 0x6f, 0xff, 0xd0,
    0xf, 0xfc, 0x84, 0x48, 0x86, 0x48, 0xcf, 0xf0,
    0xf, 0xfd, 0xa5, 0x5a, 0xa8, 0x5a, 0xdf, 0xf0,
    0xe, 0xff, 0xf6, 0xaf, 0xfe, 0x6f, 0xff, 0xe0,
    0x9, 0xff, 0xe2, 0xff, 0xff, 0x4e, 0xff, 0x90,
    0x2, 0xff, 0x4b, 0xff, 0xff, 0xc4, 0xff, 0x20,
    0x0, 0x6f, 0xff, 0xff, 0xff, 0xff, 0xf7, 0x0,
    0x0, 0x6, 0xff, 0xff, 0xff, 0xff, 0x70, 0x0,
    0x0, 0x0, 0x29, 0xef, 0xff, 0xa2, 0x0, 0x0,
    0x0, 0x0, 0x0, 0x0, 0x10, 0x0, 0x0, 0x0,

    /* U+265F "♟" */
    0x0, 0x6, 0xdb, 0x20, 0x0, 0x0, 0x4f, 0x8f,
    0xd0, 0x0, 0x0, 0x6e, 0xdf, 0xf0, 0x0, 0x0,
    0x3f, 0xff, 0xc0, 0x0, 0x0, 0x9b, 0xcc, 0xb2,
    0x0, 0x0, 0x6d, 0xab, 0xb1, 0x0, 0x0, 0xb,
    0xff, 0x40, 0x0, 0x0, 0xe, 0xff, 0x70, 0x0,
    0x0, 0x9f, 0xff, 0xe3, 0x0, 0x5, 0xd7, 0x77,
    0x7d, 0x10, 0x1e, 0xff, 0xff, 0xff, 0x90, 0x4e,
    0x88, 0x98, 0x88, 0xc0, 0x9e, 0x8b, 0xef, 0xff,
    0xf2, 0x19, 0xed, 0xdf, 0xfd, 0x60, 0x0, 0x1,
    0x11, 0x0, 0x0,

    /* U+2660 "♠" */
    0x0, 0x0, 0x0, 0x85, 0x0, 0x0, 0x0, 0x0,
    0x0, 0xa, 0xff, 0x60, 0x0, 0x0, 0x0, 0x0,
    0xaf, 0xff, 0xf6, 0x0, 0x0, 0x0, 0xa, 0xff,
    0xff, 0xff, 0x60, 0x0, 0x0, 0x8f, 0xff, 0xff,
    0xff, 0xf4, 0x0, 0x4, 0xff, 0xff, 0xff, 0xff,
    0xfe, 0x10, 0xd, 0xff, 0xff, 0xff, 0xff, 0xff,
    0x90, 0x4f, 0xff, 0xff, 0xff, 0xff, 0xff, 0xf0,
    0x7f, 0xff, 0xff, 0xff, 0xff, 0xff, 0xf3, 0x5f,
    0xff, 0xff, 0xff, 0xff, 0xff, 0xf1, 0xb, 0xff,
    0xfa, 0xfd, 0xdf, 0xff, 0x70, 0x0, 0x35, 0x25,
    0xff, 0x24, 0x52, 0x0, 0x0, 0x1, 0x9f, 0xff,
    0xe7, 0x0, 0x0, 0x0, 0xe, 0xff, 0xff, 0xff,
    0xb0, 0x0, 0x0, 0x5, 0x55, 0x55, 0x55, 0x40,
    0x0,

    /* U+2663 "♣" */
    0x0, 0x0, 0x19, 0xdc, 0x70, 0x0, 0x0, 0x0,
    0x0, 0xcf, 0xff, 0xf9, 0x0, 0x0, 0x0, 0x5,
    0xff, 0xff, 0xff, 0x10, 0x0, 0x0, 0x7, 0xff,
    0xff, 0xff, 0x30, 0x0, 0x0, 0x4, 0xff, 0xff,
    0xff, 0x10, 0x0, 0x4, 0xcd, 0xff, 0xff, 0xff,
    0xdb, 0x20, 0x5f, 0xff, 0xff, 0xff, 0xff, 0xff,
    0xf2, 0xcf, 0xff, 0xff, 0xff, 0xff, 0xff, 0xf9,
    0xef, 0xff, 0xff, 0xff, 0xff, 0xff, 0xfa, 0xbf,
    0xff, 0xff, 0xff, 0xff, 0xff, 0xf7, 0x2e, 0xff,
    0xff, 0xff, 0xff, 0xff, 0xc0, 0x0, 0x68, 0x6b,
    0xff, 0x96, 0x85, 0x0, 0x0, 0x5, 0xdf, 0xff,
    0xfb, 0x30, 0x0, 0x0, 0x4f, 0xff, 0xff, 0xff,
    0xf1, 0x0, 0x0, 0x5, 0x55, 0x55, 0x55, 0x40,
    0x0,

    /* U+2665 "♥" */
    0x0, 0x8d, 0xd9, 0x20, 0x3, 0xbd, 0xc6, 0x0,
    0xd, 0xff, 0xff, 0xe2, 0x5f, 0xff, 0xff, 0x90,
    0x7f, 0xff, 0xff, 0xfd, 0xff, 0xff, 0xff, 0xf3,
    0xbf, 0xff, 0xff, 0xff, 0xff, 0xff, 0xff, 0xf7,
    0xbf, 0xff, 0xff, 0xff, 0xff, 0xff, 0xff, 0xf7,
    0x9f, 0xff, 0xff, 0xff, 0xff, 0xff, 0xff, 0xf5,
    0x3f, 0xff, 0xff, 0xff, 0xff, 0xff, 0xff, 0xf0,
    0xc, 0xff, 0xff, 0xff, 0xff, 0xff, 0xff, 0x80,
    0x2, 0xff, 0xff, 0xff, 0xff, 0xff, 0xfd, 0x0,
    0x0, 0x5f, 0xff, 0xff, 0xff, 0xff, 0xf2, 0x0,
    0x0, 0x7, 0xff, 0xff, 0xff, 0xff, 0x40, 0x0,
    0x0, 0x0, 0x7f, 0xff, 0xff, 0xf4, 0x0, 0x0,
    0x0, 0x0, 0x6, 0xff, 0xfe, 0x30, 0x0, 0x0,
    0x0, 0x0, 0x0, 0x3e, 0xc1, 0x0, 0x0, 0x0,
    0x0, 0x0, 0x0, 0x1, 0x0, 0x0, 0x0, 0x0,

    /* U+2666 "♦" */
    0x0, 0x0, 0xa, 0x80, 0x0, 0x0, 0x0, 0x0,
    0x8f, 0xf4, 0x0, 0x0, 0x0, 0x4, 0xff, 0xfe,
    0x10, 0x0, 0x0, 0x1e, 0xff, 0xff, 0xb0, 0x0,
    0x0, 0xbf, 0xff, 0xff, 0xf7, 0x0, 0x6, 0xff,
    0xff, 0xff, 0xff, 0x30, 0x2f, 0xff, 0xff, 0xff,
    0xff, 0xd0, 0x4f, 0xff, 0xff, 0xff, 0xff, 0xf1,
    0xb, 0xff, 0xff, 0xff, 0xff, 0x70, 0x1, 0xef,
    0xff, 0xff, 0xfc, 0x0, 0x0, 0x4f, 0xff, 0xff,
    0xe1, 0x0, 0x0, 0x9, 0xff, 0xff, 0x50, 0x0,
    0x0, 0x0, 0xdf, 0xf9, 0x0, 0x0, 0x0, 0x0,
    0x2f, 0xd0, 0x0, 0x0, 0x0, 0x0, 0x2, 0x10,
    0x0, 0x0,

    /* U+2668 "♨" */
    0x0, 0x0, 0x0, 0x9, 0x60, 0x0, 0x0, 0x0,
    0x0, 0x1, 0xb3, 0x8f, 0x50, 0x3c, 0x0, 0x0,
    0x0, 0xb, 0xf1, 0xff, 0x51, 0xec, 0x0, 0x0,
    0x0, 0x2f, 0xf2, 0xff, 0x76, 0xfd, 0x0, 0x0,
    0x0, 0x2f, 0xf5, 0xef, 0xb6, 0xff, 0x0, 0x0,
    0x0, 0xe, 0xf9, 0xaf, 0xf3, 0xff, 0x40, 0x0,
    0x0, 0xa, 0xfb, 0x7f, 0xf0, 0xef, 0x60, 0x0,
    0x3, 0x48, 0xf9, 0x6f, 0xc0, 0xcf, 0x47, 0x0,
    0x1e, 0x48, 0xe1, 0x7f, 0x30, 0xdb, 0xc, 0x70,
    0x7f, 0x65, 0x20, 0x42, 0x0, 0x60, 0xe, 0xe0,
    0x8f, 0xd1, 0x0, 0x0, 0x0, 0x0, 0x8f, 0xf0,
    0x3f, 0xfe, 0x72, 0x0, 0x1, 0x4b, 0xff, 0xa0,
    0x6, 0xff, 0xff, 0xff, 0xff, 0xff, 0xfc, 0x10,
    0x0, 0x29, 0xef, 0xff, 0xff, 0xfc, 0x60, 0x0,
    0x0, 0x0, 0x2, 0x44, 0x43, 0x0, 0x0, 0x0,

    /* U+267B "♻" */
    0x0, 0x0, 0x5, 0x7e, 0x98, 0x95, 0x1, 0x0,
    0x0, 0x0, 0x1, 0x80, 0x1e, 0x0, 0x7b, 0x90,
    0x0, 0x0, 0x0, 0x71, 0x6, 0x67, 0x0, 0x63,
    0x0, 0x0, 0x0, 0xb, 0x10, 0x91, 0xc0, 0x8,
    0x0, 0x0, 0x0, 0x0, 0x18, 0xa3, 0x38, 0x88,
    0x70, 0x0, 0x0, 0x15, 0x7a, 0x11, 0x0, 0x0,
    0x0, 0x6b, 0x20, 0xc, 0x90, 0x26, 0x0, 0x0,
    0x1, 0xb3, 0x9, 0x0, 0x27, 0x0, 0x90, 0x0,
    0x0, 0x9, 0x0, 0x54, 0x7, 0x10, 0x7f, 0x10,
    0x0, 0x5, 0x28, 0x1, 0x70, 0x36, 0x18, 0x0,
    0x0, 0x6, 0xe5, 0xd8, 0xe2, 0x0, 0x9b, 0x98,
    0x89, 0x4, 0x62, 0x33, 0x66, 0x0, 0x4, 0xd0,
    0x0, 0x80, 0xb0, 0x0, 0x19, 0x0, 0x0, 0x9,
    0x10, 0x8, 0x3, 0x75, 0x8a, 0x10, 0x0, 0x0,
    0x17, 0x88, 0x60, 0x5, 0xe0, 0x0, 0x0, 0x0,
    0x0, 0x0, 0x0, 0x0, 0x3, 0x0, 0x0, 0x0,

    /* U+267E "♾" */
    0xa, 0xee, 0xee, 0xee, 0xee, 0xee, 0xee, 0xa0,
    0x1f, 0xff, 0xff, 0xff, 0xff, 0xff, 0xff, 0xf1,
    0x1f, 0xff, 0xff, 0xff, 0xff, 0xff, 0xff, 0xf1,
    0x1f, 0xff, 0xff, 0xff, 0xff, 0xff, 0xff, 0xf1,
    0x1f, 0xff, 0xff, 0xff, 0xff, 0xff, 0xff, 0xf1,
    0x1f, 0xfa, 0x44, 0x8f, 0xf8, 0x44, 0xaf, 0xf1,
    0x1f, 0xd5, 0xff, 0xa7, 0x6a, 0xff, 0x5d, 0xf1,
    0x1f, 0xa9, 0xff, 0xf5, 0x5f, 0xff, 0x9b, 0xf1,
    0x1f, 0xe4, 0xff, 0x88, 0x78, 0xff, 0x4e, 0xf1,
    0x1f, 0xfc, 0x44, 0xaf, 0xfa, 0x44, 0xcf, 0xf1,
    0x1f, 0xff, 0xff, 0xff, 0xff, 0xff, 0xff, 0xf1,
    0x1f, 0xff, 0xff, 0xff, 0xff, 0xff, 0xff, 0xf1,
    0x1f, 0xff, 0xff, 0xff, 0xff, 0xff, 0xff, 0xf1,
    0xf, 0xff, 0xff, 0xff, 0xff, 0xff, 0xff, 0xf0,
    0x2, 0x55, 0x55, 0x55, 0x55, 0x55, 0x55, 0x20,

    /* U+267F "♿" */
    0xb, 0xff, 0xff, 0xff, 0xff, 0xff, 0xff, 0xc0,
    0x1f, 0xff, 0xff, 0xff, 0xff, 0xdd, 0xff, 0xf2,
    0x1f, 0xff, 0xff, 0x67, 0xff, 0x11, 0xff, 0xf2,
    0x1f, 0xff, 0xf3, 0x11, 0x2b, 0x44, 0xff, 0xf2,
    0x1f, 0xff, 0xf9, 0xe9, 0x0, 0xbf, 0xff, 0xf2,
    0x1f, 0xff, 0xff, 0xb0, 0x2, 0xef, 0xff, 0xf2,
    0x1f, 0xff, 0xe4, 0x0, 0x7, 0x9b, 0xff, 0xf2,
    0x1f, 0xff, 0x6c, 0xfd, 0x21, 0x52, 0xff, 0xf2,
    0x1f, 0xfa, 0x3f, 0xff, 0xd0, 0x83, 0xff, 0xf2,
    0x1f, 0xfa, 0x3f, 0xff, 0xd1, 0x75, 0xff, 0xf2,
    0x1f, 0xfe, 0x18, 0xfe, 0xa7, 0xba, 0xff, 0xf2,
    0x1f, 0xff, 0xc2, 0x0, 0x9f, 0xff, 0xff, 0xf2,
    0x1f, 0xff, 0xff, 0xde, 0xff, 0xff, 0xff, 0xf2,
    0xd, 0xff, 0xff, 0xff, 0xff, 0xff, 0xff, 0xe0,
    0x0, 0x11, 0x11, 0x11, 0x11, 0x11, 0x11, 0x0,

    /* U+2692 "⚒" */
    0x0, 0x3, 0x98, 0x0, 0x7, 0xa6, 0x0, 0x0,
    0x0, 0xb9, 0x2, 0x80, 0xb5, 0x3, 0x91, 0x0,
    0xa, 0xe0, 0x0, 0x90, 0x16, 0x81, 0x9, 0x0,
    0x29, 0x0, 0x6, 0x50, 0x1, 0x90, 0x1, 0x90,
    0xa0, 0x0, 0x6b, 0x30, 0x9, 0x90, 0x93, 0x62,
    0x91, 0x6, 0xc0, 0x83, 0x66, 0x5d, 0x29, 0x38,
    0x1a, 0x85, 0x28, 0xc, 0x60, 0xa1, 0x0, 0x98,
    0x0, 0x10, 0x4, 0xb7, 0xa, 0x20, 0x0, 0x26,
    0x0, 0x0, 0x4, 0x80, 0x7d, 0x30, 0x0, 0x0,
    0x0, 0x0, 0x38, 0x7, 0x80, 0x92, 0x0, 0x0,
    0x0, 0x3, 0x80, 0x37, 0x91, 0x9, 0x20, 0x0,
    0x0, 0x29, 0x1, 0x90, 0x9, 0x0, 0x92, 0x0,
    0x0, 0x90, 0x9, 0x0, 0x1, 0x90, 0x9, 0x0,
    0x0, 0x93, 0x81, 0x0, 0x0, 0x28, 0x38, 0x0,
    0x0, 0x6, 0x20, 0x0, 0x0, 0x3, 0x60, 0x0,

    /* U+2693 "⚓" */
    0x0, 0x0, 0x4, 0x88, 0x20, 0x0, 0x0, 0x0,
    0x0, 0x8, 0x76, 0x90, 0x0, 0x0, 0x0, 0x0,
    0x17, 0x87, 0x80, 0x0, 0x0, 0x0, 0x0, 0x5,
    0x67, 0x30, 0x0, 0x0, 0x0, 0x0, 0x0, 0x88,
    0x0, 0x0, 0x0, 0x0, 0x0, 0x78, 0x56, 0x85,
    0x0, 0x0, 0x0, 0x0, 0x79, 0x45, 0x85, 0x0,
    0x0, 0x65, 0x0, 0x3, 0x58, 0x0, 0x0, 0x74,
    0x85, 0x50, 0x4, 0x47, 0x10, 0x8, 0x28, 0x80,
    0x83, 0x5, 0x35, 0x20, 0x75, 0x8, 0x86, 0x67,
    0x6, 0x24, 0x30, 0x93, 0x75, 0x7, 0x23, 0x9a,
    0x2, 0xa9, 0x25, 0x40, 0x0, 0x92, 0x0, 0x0,
    0x0, 0x57, 0x0, 0x0, 0x8, 0x83, 0x11, 0x49,
    0x50, 0x0, 0x0, 0x0, 0x15, 0x77, 0x40, 0x0,
    0x0,

    /* U+2694 "⚔" */
    0xf, 0x82, 0x0, 0x0, 0x0, 0x0, 0x5c, 0x90,
    0xb, 0x88, 0x60, 0x0, 0x0, 0x9, 0x7a, 0x60,
    0x6, 0x57, 0x57, 0x0, 0x0, 0x94, 0x69, 0x0,
    0x0, 0x93, 0x75, 0x70, 0x9, 0x46, 0x64, 0x0,
    0x0, 0x9, 0x37, 0x48, 0x94, 0x66, 0x50, 0x0,
    0x0, 0x0, 0x93, 0x8d, 0x46, 0x65, 0x0, 0x0,
    0x0, 0x0, 0xa, 0xb4, 0x67, 0x50, 0x0, 0x0,
    0x0, 0x0, 0x9, 0x46, 0x7a, 0x70, 0x0, 0x0,
    0x4, 0xa2, 0x94, 0x68, 0x87, 0x57, 0x5a, 0x0,
    0x0, 0x8b, 0x76, 0x65, 0x93, 0x7b, 0x76, 0x0,
    0x0, 0x4a, 0x98, 0x50, 0x9, 0x77, 0xc0, 0x0,
    0x1, 0xcc, 0x99, 0x10, 0x3, 0x8d, 0xb8, 0x0,
    0x3d, 0xab, 0x48, 0x80, 0xa, 0x84, 0xcc, 0xa0,
    0x48, 0xd0, 0x1, 0x30, 0x4, 0x0, 0x4c, 0x90,
    0x4, 0x30, 0x0, 0x0, 0x0, 0x0, 0x6, 0x10,

    /* U+2695 "⚕" */
    0x0, 0x0, 0x5, 0xd5, 0x0, 0x0, 0x9, 0xdb,
    0x2a, 0xfa, 0x0, 0x0, 0x5f, 0xdb, 0x11, 0xf1,
    0x0, 0x0, 0x3f, 0xa6, 0x66, 0xe6, 0x54, 0x0,
    0x4, 0xad, 0xee, 0xfe, 0xef, 0xd0, 0x0, 0x1,
    0x22, 0xb2, 0x29, 0xf1, 0x0, 0xcf, 0xff, 0xff,
    0xff, 0x80, 0x2, 0xfc, 0x53, 0xa1, 0x0, 0x0,
    0x0, 0x5b, 0xef, 0xfe, 0xc8, 0x0, 0x0, 0x0,
    0x0, 0xa4, 0x7f, 0x70, 0x0, 0xa, 0xef, 0xff,
    0xfe, 0x30, 0x0, 0x2f, 0x83, 0xa2, 0x10, 0x0,
    0x0, 0x5, 0xbd, 0xfc, 0x70, 0x0, 0x0, 0x0,
    0x0, 0x92, 0x74, 0x0, 0x0, 0x0, 0x0, 0x10,
    0x0, 0x0,

    /* U+2696 "⚖" */
    0x0, 0x0, 0x0, 0x0, 0x0, 0x0, 0x0, 0x0,
    0x0, 0x0, 0x0, 0xa, 0x80, 0x0, 0x0, 0x0,
    0x0, 0x63, 0x0, 0x1d, 0xb0, 0x0, 0x63, 0x0,
    0x4, 0x5d, 0x7a, 0xf2, 0xab, 0x9c, 0x59, 0x0,
    0x2, 0xff, 0x67, 0xe2, 0x9a, 0x68, 0xfa, 0x0,
    0x2, 0xeb, 0x52, 0xe, 0xc0, 0x37, 0xf9, 0x0,
    0x7, 0x99, 0x0, 0x8, 0x80, 0x7, 0x98, 0x0,
    0x8, 0x85, 0x40, 0x8, 0x80, 0x8, 0x85, 0x40,
    0x8, 0x81, 0x80, 0x8, 0x80, 0x8, 0x81, 0x80,
    0x44, 0x80, 0x80, 0x8, 0x80, 0x44, 0x80, 0x90,
    0x94, 0xd6, 0x92, 0x9, 0x90, 0x94, 0xd5, 0x92,
    0xb9, 0x99, 0xc4, 0x5c, 0xd0, 0xb9, 0x99, 0xc3,
    0x29, 0x88, 0x70, 0x80, 0x52, 0x29, 0x88, 0x70,
    0x0, 0x0, 0x7, 0x60, 0x19, 0x40, 0x0, 0x0,
    0x0, 0x0, 0x74, 0x0, 0x1, 0xb0, 0x0, 0x0,
    0x0, 0x0, 0x6, 0x78, 0x87, 0x30, 0x0, 0x0,

    /* U+2697 "⚗" */
    0x0, 0x1, 0x88, 0x88, 0x72, 0x0, 0x0, 0x0,
    0x4, 0x80, 0x0, 0x1, 0x79, 0x30, 0x0, 0x1,
    0x90, 0x0, 0x0, 0x0, 0x6, 0xa4, 0x0, 0x81,
    0x0, 0x0, 0x0, 0x0, 0x0, 0x69, 0x8, 0x18,
    0xaa, 0xba, 0x95, 0x12, 0x0, 0x80, 0x83, 0x54,
    0x44, 0x45, 0x54, 0x87, 0x76, 0x49, 0x9f, 0xff,
    0xff, 0xfc, 0x79, 0x0, 0x0, 0x8a, 0x14, 0x44,
    0x42, 0x5a, 0x40, 0x0, 0x0, 0xf3, 0xff, 0xff,
    0xca, 0x40, 0x0, 0x0, 0x8, 0xb7, 0x33, 0x4d,
    0x46, 0x0, 0x0, 0x4, 0x59, 0x2c, 0xb6, 0x28,
    0x80, 0x0, 0x0, 0x86, 0x30, 0x87, 0x0, 0x96,
    0x30, 0x0, 0x7, 0x90, 0x8, 0x80, 0x3, 0x68,
    0x0, 0x5, 0x75, 0x0, 0x47, 0x0, 0x9, 0x90,
    0x0, 0x17, 0x0, 0x0, 0x0, 0x0, 0x25, 0x0,
    0x0,

    /* U+2699 "⚙" */
    0x0, 0x0, 0x4, 0xa9, 0x40, 0x0, 0x0, 0x0,
    0x41, 0x6, 0x32, 0x60, 0x24, 0x0, 0x3, 0x89,
    0x4a, 0x10, 0xb4, 0x98, 0x30, 0x8, 0x20, 0x72,
    0x0, 0x27, 0x2, 0x80, 0x0, 0x90, 0x18, 0x77,
    0x71, 0x9, 0x0, 0x12, 0x90, 0x92, 0x77, 0x28,
    0x9, 0x20, 0xb5, 0x25, 0x29, 0x0, 0x93, 0x43,
    0x5b, 0x91, 0x7, 0x9, 0x0, 0x81, 0x60, 0x19,
    0x57, 0x93, 0x54, 0x88, 0x45, 0x2a, 0x75, 0x0,
    0x90, 0x74, 0x0, 0x46, 0x18, 0x0, 0x3, 0x70,
    0x4, 0x77, 0x30, 0x8, 0x20, 0x9, 0x12, 0xb8,
    0x0, 0x8b, 0x21, 0x90, 0x0, 0xa9, 0x7, 0x21,
    0x80, 0x9a, 0x0, 0x0, 0x10, 0x5, 0x32, 0x60,
    0x0, 0x0, 0x0, 0x0, 0x2, 0x88, 0x20, 0x0,
    0x0,

    /* U+269B "⚛" */
    0xc, 0xff, 0xff, 0xff, 0xff, 0xff, 0xff, 0xa3,
    0xff, 0xff, 0xff, 0xcc, 0xff, 0xff, 0xff, 0x3f,
    0xff, 0xff, 0xa9, 0x8c, 0xff, 0xff, 0xf3, 0xff,
    0xea, 0xb6, 0xff, 0x6a, 0xaf, 0xff, 0x3f, 0xf5,
    0xd9, 0x45, 0x54, 0xbc, 0x7f, 0xf3, 0xff, 0x6f,
    0xa4, 0xa9, 0x3d, 0xf7, 0xff, 0x3f, 0xfa, 0x72,
    0xdb, 0xcb, 0x46, 0xdf, 0xf3, 0xff, 0xe3, 0x3e,
    0x78, 0xc4, 0x4f, 0xff, 0x3f, 0xf7, 0xf8, 0x6e,
    0xe4, 0xbd, 0x9f, 0xf3, 0xff, 0x6f, 0xc6, 0x11,
    0x5e, 0xf6, 0xff, 0x3f, 0xf7, 0x33, 0x3e, 0xd3,
    0x33, 0xaf, 0xf3, 0xff, 0xff, 0xf6, 0xfe, 0x8f,
    0xff, 0xff, 0x3f, 0xff, 0xff, 0xe6, 0x6f, 0xff,
    0xff, 0xf2, 0xff, 0xff, 0xff, 0xff, 0xff, 0xff,
    0xff, 0x6, 0x88, 0x88, 0x88, 0x88, 0x88, 0x88,
    0x40,

    /* U+269C "⚜" */
    0x0, 0x0, 0x0, 0x83, 0x0, 0x0, 0x0, 0x0,
    0x0, 0x6, 0x49, 0x10, 0x0, 0x0, 0x0, 0x0,
    0x18, 0x0, 0x90, 0x0, 0x0, 0x0, 0x0, 0x62,
    0x0, 0x71, 0x0, 0x0, 0x0, 0x0, 0x80, 0x0,
    0x44, 0x0, 0x0, 0x4, 0x87, 0x80, 0x0, 0x66,
    0x87, 0x20, 0x56, 0x0, 0x96, 0x0, 0xc4, 0x0,
    0x92, 0x80, 0x48, 0x29, 0x6, 0x44, 0x83, 0x8,
    0x80, 0x93, 0xfd, 0x8e, 0x9e, 0x28, 0x7, 0x38,
    0x95, 0xa9, 0x9b, 0x99, 0x59, 0x81, 0x0, 0x1a,
    0x97, 0x29, 0x2a, 0xa0, 0x0, 0x0, 0x26, 0x1e,
    0x8, 0x81, 0x81, 0x0, 0x0, 0x4, 0x67, 0x18,
    0x37, 0x30, 0x0, 0x0, 0x0, 0x1, 0x98, 0x0,
    0x0, 0x0, 0x0, 0x0, 0x0, 0x10, 0x0, 0x0,
    0x0,

    /* U+26A0 "⚠" */
    0x0, 0x0, 0x0, 0x88, 0x0, 0x0, 0x0, 0x0,
    0x0, 0x6, 0x32, 0x60, 0x0, 0x0, 0x0, 0x0,
    0x9, 0x0, 0x90, 0x0, 0x0, 0x0, 0x0, 0x63,
    0x0, 0x36, 0x0, 0x0, 0x0, 0x0, 0x90, 0x7c,
    0x9, 0x0, 0x0, 0x0, 0x5, 0x40, 0x8e, 0x3,
    0x50, 0x0, 0x0, 0x9, 0x0, 0x7c, 0x0, 0x90,
    0x0, 0x0, 0x54, 0x0, 0x6b, 0x0, 0x45, 0x0,
    0x0, 0x90, 0x0, 0x4a, 0x0, 0x9, 0x0, 0x4,
    0x50, 0x0, 0x39, 0x0, 0x4, 0x40, 0x9, 0x0,
    0x0, 0x3, 0x0, 0x0, 0x90, 0x45, 0x0, 0x0,
    0x48, 0x0, 0x0, 0x54, 0x90, 0x0, 0x0, 0x2,
    0x0, 0x0, 0x9, 0x90, 0x0, 0x0, 0x0, 0x0,
    0x0, 0x9, 0x48, 0x88, 0x88, 0x88, 0x88, 0x88,
    0x84,

    /* U+26A1 "⚡" */
    0x0, 0x0, 0x0, 0x0, 0x6, 0x30, 0x0, 0x0,
    0x0, 0x0, 0x8b, 0x20, 0x0, 0x0, 0x0, 0x29,
    0x37, 0x0, 0x0, 0x0, 0x4, 0x80, 0x80, 0x0,
    0x0, 0x0, 0x75, 0x4, 0x40, 0x0, 0x0, 0x8,
    0x30, 0x8, 0x0, 0x0, 0x2, 0x91, 0x0, 0x38,
    0x88, 0xa6, 0x47, 0x0, 0x0, 0x0, 0x3, 0x80,
    0x68, 0x88, 0xa7, 0x0, 0x56, 0x0, 0x0, 0x0,
    0x80, 0x7, 0x40, 0x0, 0x0, 0x4, 0x40, 0x92,
    0x0, 0x0, 0x0, 0x8, 0x29, 0x10, 0x0, 0x0,
    0x0, 0x75, 0x80, 0x0, 0x0, 0x0, 0x1, 0xd6,
    0x0, 0x0, 0x0, 0x0, 0x0, 0x30, 0x0, 0x0,
    0x0, 0x0,

    /* U+26A7 "⚧" */
    0xef, 0xf8, 0x0, 0x0, 0x0, 0x8f, 0xfe, 0xff,
    0xa2, 0x40, 0x0, 0x0, 0x2a, 0xfe, 0xfa, 0xfb,
    0xf2, 0x0, 0x0, 0x7f, 0xae, 0x82, 0xbf, 0x80,
    0x43, 0x8, 0xf4, 0x28, 0x4, 0xf9, 0xfe, 0xff,
    0xef, 0x40, 0x0, 0x0, 0x21, 0xf8, 0x0, 0xbc,
    0x0, 0x0, 0x0, 0x5, 0xe0, 0x0, 0x2f, 0x10,
    0x0, 0x0, 0x5, 0xe0, 0x0, 0x2f, 0x10, 0x0,
    0x0, 0x0, 0xe9, 0x1, 0xcc, 0x0, 0x0, 0x0,
    0x0, 0x3e, 0xff, 0xc1, 0x0, 0x0, 0x0, 0x0,
    0x0, 0xc8, 0x0, 0x0, 0x0, 0x0, 0x0, 0x14,
    0xda, 0x40, 0x0, 0x0, 0x0, 0x0, 0x3f, 0xff,
    0xf0, 0x0, 0x0, 0x0, 0x0, 0x0, 0xb7, 0x0,
    0x0, 0x0, 0x0, 0x0, 0x0, 0x32, 0x0, 0x0,
    0x0,

    /* U+26AA "⚪" */
    0x0, 0x0, 0x69, 0x88, 0x96, 0x0, 0x0, 0x0,
    0x29, 0x30, 0x0, 0x3, 0x92, 0x0, 0x3, 0x80,
    0x59, 0x50, 0x0, 0x8, 0x20, 0x9, 0x8, 0x40,
    0x0, 0x0, 0x0, 0x90, 0x63, 0x73, 0x0, 0x0,
    0x0, 0x0, 0x36, 0x90, 0x80, 0x0, 0x0, 0x0,
    0x0, 0x9, 0x84, 0x40, 0x0, 0x0, 0x0, 0x0,
    0x8, 0x80, 0x0, 0x0, 0x0, 0x0, 0x0, 0x8,
    0x80, 0x0, 0x0, 0x0, 0x0, 0x0, 0x8, 0x80,
    0x0, 0x0, 0x0, 0x0, 0x0, 0x8, 0x35, 0x0,
    0x0, 0x0, 0x0, 0x0, 0x63, 0x9, 0x10, 0x0,
    0x0, 0x0, 0x1, 0x80, 0x0, 0x92, 0x0, 0x0,
    0x0, 0x29, 0x0, 0x0, 0x7, 0x83, 0x11, 0x38,
    0x70, 0x0, 0x0, 0x0, 0x5, 0x77, 0x50, 0x0,
    0x0,

    /* U+26AB "⚫" */
    0x0, 0x0, 0x8, 0x8c, 0x88, 0x60, 0x0, 0x0,
    0x0, 0x59, 0x90, 0x60, 0xa, 0x92, 0x0, 0x0,
    0x7f, 0x6d, 0x6d, 0x66, 0xd7, 0xf2, 0x0, 0x28,
    0x60, 0x60, 0x60, 0x6, 0x7, 0x90, 0xc, 0x7d,
    0x6d, 0x6d, 0x66, 0xd6, 0xd9, 0x80, 0x80, 0x60,
    0x60, 0x60, 0x6, 0x6, 0x9, 0x26, 0x6, 0x6,
    0x6, 0x0, 0x60, 0x60, 0x82, 0xb6, 0xd6, 0xd6,
    0xd6, 0x6d, 0x6d, 0x6d, 0x17, 0x6, 0x6, 0x6,
    0x0, 0x60, 0x60, 0x80, 0xc6, 0xd6, 0xd6, 0xd6,
    0x6d, 0x6d, 0x7a, 0x5, 0x46, 0x6, 0x6, 0x0,
    0x60, 0x67, 0x20, 0xa, 0xf6, 0xd6, 0xd6, 0x6d,
    0x6f, 0x70, 0x0, 0xb, 0x36, 0x6, 0x0, 0x75,
    0x90, 0x0, 0x0, 0x6, 0xd6, 0xa4, 0x7d, 0x40,
    0x0, 0x0, 0x0, 0x0, 0x24, 0x41, 0x0, 0x0,
    0x0,

    /* U+26B0 "⚰" */
    0x0, 0x59, 0x72, 0x0, 0x0, 0x0, 0x0, 0x19,
    0x40, 0x16, 0x97, 0x10, 0x0, 0x0, 0xf1, 0x0,
    0x0, 0x1, 0x90, 0x0, 0x0, 0xf0, 0x0, 0x0,
    0x0, 0x28, 0x0, 0x0, 0xb6, 0x0, 0x0, 0x0,
    0x4, 0x60, 0x0, 0x89, 0x0, 0x0, 0x0, 0x0,
    0x64, 0x0, 0x99, 0x60, 0x0, 0x0, 0x0, 0x9,
    0x20, 0x4d, 0x39, 0x70, 0x0, 0x0, 0x0, 0x90,
    0xf, 0x1, 0x28, 0x81, 0x0, 0x0, 0x3c, 0xf,
    0x24, 0x91, 0x17, 0x82, 0x4, 0x99, 0x0, 0x79,
    0x30, 0x5, 0x17, 0xc6, 0x8, 0x0, 0x0, 0x69,
    0x43, 0x91, 0x80, 0x9, 0x0, 0x0, 0x0, 0x59,
    0x50, 0x81, 0x93, 0x0, 0x0, 0x0, 0x0, 0x49,
    0xf9, 0x10, 0x0, 0x0, 0x0, 0x0, 0x0, 0x20,
    0x0,

    /* U+26B1 "⚱" */
    0x0, 0x68, 0x88, 0x83, 0x0, 0x2, 0x93, 0x23,
    0x59, 0x0, 0x0, 0xb5, 0x55, 0xb2, 0x0, 0x8,
    0x87, 0x87, 0x7a, 0x20, 0x45, 0x0, 0x0, 0x0,
    0x90, 0xa9, 0x75, 0x44, 0x58, 0xe0, 0xa8, 0x44,
    0x44, 0x45, 0xf0, 0x62, 0x47, 0x87, 0x63, 0x80,
    0x52, 0x0, 0x0, 0x0, 0x80, 0x25, 0x0, 0x0,
    0x0, 0x80, 0x7, 0x0, 0x0, 0x0, 0x70, 0xb,
    0x10, 0x0, 0x9, 0x30, 0x6, 0xa8, 0x88, 0x8c,
    0x0, 0x0, 0x93, 0x1, 0x65, 0x0, 0x0, 0x5,
    0x76, 0x20, 0x0,

    /* U+26BD "⚽" */
    0x0, 0x0, 0x59, 0x89, 0xe8, 0x0, 0x0, 0x0,
    0x3, 0xf7, 0x0, 0x2, 0xfe, 0x40, 0x0, 0x3,
    0xff, 0x10, 0x0, 0x35, 0x6, 0x50, 0x0, 0xff,
    0xa9, 0x85, 0xaf, 0x70, 0x8, 0x10, 0x7f, 0x60,
    0x1, 0xff, 0xff, 0x30, 0xa, 0x9, 0xa0, 0x0,
    0xf, 0xff, 0xff, 0x98, 0xf0, 0x88, 0x0, 0x0,
    0xff, 0xff, 0x70, 0x4f, 0x28, 0x80, 0x0, 0x74,
    0x9e, 0xc0, 0x0, 0xf3, 0x8b, 0xc6, 0x81, 0x0,
    0x8, 0x0, 0xf, 0x19, 0xef, 0xf5, 0x0, 0x0,
    0x80, 0x6, 0xf0, 0x4f, 0xff, 0x70, 0x0, 0xc,
    0x78, 0xa6, 0x0, 0xef, 0xfe, 0x61, 0x7, 0xff,
    0xe9, 0x0, 0x0, 0xd3, 0x2, 0x7c, 0xff, 0xff,
    0x10, 0x0, 0x0, 0x78, 0x31, 0x1f, 0xfc, 0x10,
    0x0, 0x0, 0x0, 0x5, 0x77, 0x51, 0x0, 0x0,
    0x0,

    /* U+26BE "⚾" */
    0x0, 0x0, 0x6c, 0xa8, 0x86, 0x0, 0x0, 0x0,
    0x3, 0x93, 0xa, 0x70, 0x39, 0x30, 0x0, 0x3,
    0x80, 0x0, 0x6d, 0x31, 0x8, 0x30, 0x0, 0x90,
    0x0, 0x0, 0xf, 0x60, 0x9, 0x0, 0x62, 0x50,
    0x0, 0x0, 0x38, 0xe1, 0x26, 0xb, 0x9f, 0x9c,
    0x0, 0x0, 0x39, 0xa6, 0x90, 0xe0, 0x14, 0xd7,
    0x40, 0x0, 0xa, 0xbc, 0x8, 0x0, 0x1, 0xea,
    0x0, 0x0, 0x0, 0xe0, 0x80, 0x0, 0x0, 0x87,
    0x10, 0x0, 0x8, 0x8, 0x0, 0x0, 0x9, 0xe0,
    0x0, 0x0, 0x80, 0x27, 0x0, 0x0, 0xb, 0x30,
    0x0, 0x72, 0x0, 0x73, 0x0, 0x1, 0xf1, 0x0,
    0x37, 0x0, 0x0, 0x85, 0x0, 0x1f, 0x40, 0x58,
    0x0, 0x0, 0x0, 0x49, 0x74, 0xd7, 0x94, 0x0,
    0x0, 0x0, 0x0, 0x1, 0x44, 0x10, 0x0, 0x0,
    0x0,

    /* U+26C4 "⛄" */
    0x0, 0x0, 0x6d, 0xd8, 0x0, 0x0, 0x0, 0x0,
    0x8f, 0xfb, 0x0, 0x0, 0x0, 0x3, 0xaf, 0xfa,
    0x0, 0x0, 0x0, 0xb, 0x99, 0x9c, 0xa0, 0x0,
    0x0, 0x36, 0x0, 0x0, 0x91, 0x0, 0x0, 0x71,
    0x51, 0x5, 0x54, 0x0, 0x0, 0x62, 0x3, 0x10,
    0x63, 0x0, 0x45, 0x19, 0x4, 0x30, 0xa0, 0x53,
    0x1c, 0x87, 0x0, 0x1, 0x87, 0xb1, 0x2, 0xa0,
    0x0, 0x0, 0xc, 0x10, 0x5, 0x20, 0x0, 0x0,
    0x4, 0x50, 0x5, 0x30, 0x0, 0x0, 0x5, 0x40,
    0x0, 0x90, 0x0, 0x0, 0xa, 0x0, 0x0, 0x28,
    0x40, 0x4, 0x92, 0x0, 0x0, 0x0, 0x47, 0x74,
    0x0, 0x0,

    /* U+26C5 "⛅" */
    0x0, 0x0, 0x0, 0x1, 0x0, 0x0, 0x0, 0x0,
    0x0, 0x0, 0x30, 0x0, 0xa6, 0x0, 0x0, 0x0,
    0x0, 0x0, 0xb, 0x91, 0x63, 0x80, 0x0, 0x0,
    0x0, 0x0, 0x0, 0x81, 0xbd, 0x6a, 0x48, 0xa0,
    0x0, 0x0, 0x0, 0x6, 0x96, 0x12, 0xa8, 0x6c,
    0x10, 0x0, 0x2, 0x99, 0xb5, 0x0, 0x2, 0xd5,
    0x48, 0x60, 0x0, 0x9, 0x58, 0x0, 0x1, 0xa0,
    0x0, 0x5, 0x40, 0x0, 0x4, 0xe0, 0x18, 0xb6,
    0x0, 0x0, 0x9, 0x0, 0x0, 0x49, 0x7a, 0x10,
    0x74, 0x0, 0x0, 0x80, 0x0, 0x19, 0x2f, 0x50,
    0x0, 0x60, 0x0, 0xa, 0x50, 0x3, 0xaf, 0x70,
    0x0, 0x0, 0x0, 0x0, 0x3, 0x80, 0x7, 0x10,
    0x0, 0x0, 0x0, 0x0, 0x0, 0x8, 0x0, 0x54,
    0x0, 0x0, 0x0, 0x0, 0x0, 0x1, 0x90, 0x0,
    0x58, 0x88, 0x88, 0x88, 0x88, 0x88, 0x70,

    /* U+26C8 "⛈" */
    0x0, 0x0, 0x0, 0x6, 0x98, 0x93, 0x0, 0x0,
    0x0, 0x0, 0x9, 0x30, 0x0, 0x65, 0x0, 0x0,
    0x0, 0x59, 0x70, 0x0, 0x0, 0x80, 0x0, 0x0,
    0x93, 0x18, 0x40, 0x0, 0x4, 0x40, 0x0, 0x36,
    0x0, 0x8, 0x0, 0x0, 0x46, 0x0, 0x98, 0x10,
    0x0, 0x0, 0x0, 0x1, 0x67, 0x72, 0x0, 0x0,
    0x0, 0x0, 0x0, 0x0, 0x86, 0x40, 0x0, 0x0,
    0x0, 0x0, 0x0, 0x9, 0x7, 0x99, 0x99, 0xb9,
    0xaa, 0x99, 0x98, 0x10, 0x0, 0x30, 0x8, 0x9,
    0xa4, 0x3, 0x10, 0x0, 0xb8, 0x6, 0x52, 0x5,
    0x51, 0xf3, 0x0, 0x8, 0x30, 0x26, 0xb4, 0x80,
    0x19, 0x0, 0x0, 0x0, 0x92, 0xa, 0x90, 0x0,
    0x0, 0x0, 0x0, 0x3f, 0x20, 0x61, 0x0, 0x0,
    0x0, 0x0, 0x0, 0x30, 0x0, 0x0, 0x0, 0x0,
    0x0,

    /* U+26CE "⛎" */
    0x0, 0x0, 0x6, 0xbd, 0xdb, 0x60, 0x0, 0x0,
    0x0, 0x3, 0xef, 0xff, 0xff, 0xfe, 0x30, 0x0,
    0x0, 0x3f, 0xfe, 0xff, 0xff, 0xef, 0xf3, 0x0,
    0x1, 0xef, 0xe4, 0xff, 0xff, 0x4f, 0xfe, 0x10,
    0x8, 0xff, 0xe4, 0xff, 0xff, 0x4f, 0xff, 0x80,
    0xd, 0xff, 0xe2, 0x9c, 0xff, 0x4b, 0x7f, 0xd0,
    0xf, 0xf9, 0x22, 0x85, 0x24, 0x14, 0xdf, 0xf0,
    0x1f, 0xfb, 0xe4, 0xff, 0xfe, 0x3f, 0xff, 0xf1,
    0xf, 0xff, 0xe3, 0xff, 0xff, 0x3f, 0xff, 0xf0,
    0xb, 0xff, 0xf2, 0xff, 0xff, 0x2f, 0xff, 0xa0,
    0x4, 0xff, 0xf6, 0x7f, 0xf6, 0x7f, 0xff, 0x30,
    0x0, 0x9f, 0xff, 0x83, 0x38, 0xff, 0xf9, 0x0,
    0x0, 0x9, 0xff, 0xff, 0xff, 0xff, 0x90, 0x0,
    0x0, 0x0, 0x5d, 0xff, 0xff, 0xd5, 0x0, 0x0,
    0x0, 0x0, 0x0, 0x24, 0x42, 0x0, 0x0, 0x0,

    /* U+26CF "⛏" */
    0x0, 0x0, 0x0, 0x16, 0x89, 0xe7, 0x0, 0x0,
    0x0, 0x3, 0x88, 0x27, 0x82, 0x0, 0x0, 0x0,
    0x7, 0xf1, 0x29, 0x20, 0x0, 0x0, 0x0, 0x0,
    0xc0, 0xb, 0x0, 0x0, 0x0, 0x0, 0x0, 0x81,
    0x40, 0x38, 0x0, 0x0, 0x0, 0x0, 0x27, 0x48,
    0x92, 0xd4, 0x0, 0x0, 0x0, 0x7, 0x38, 0x2,
    0xe0, 0x84, 0x0, 0x0, 0x0, 0x89, 0x0, 0x2,
    0x80, 0x83, 0x0, 0x0, 0xd, 0x40, 0x0, 0x4,
    0x60, 0x92, 0x0, 0x0, 0xc0, 0x0, 0x0, 0x7,
    0x40, 0x92, 0x0, 0x0, 0x0, 0x0, 0x0, 0x9,
    0x20, 0xa1, 0x0, 0x0, 0x0, 0x0, 0x0, 0x9,
    0x0, 0xa1, 0x0, 0x0, 0x0, 0x0, 0x0, 0x19,
    0x1, 0x80, 0x0, 0x0, 0x0, 0x0, 0x0, 0x37,
    0x47, 0x0, 0x0, 0x0, 0x0, 0x0, 0x0, 0x45,
    0x0,

    /* U+26D1 "⛑" */
    0x0, 0x0, 0xaf, 0x88, 0xf8, 0x0, 0x0, 0x0,
    0x2, 0xbf, 0x80, 0x7, 0xf9, 0x10, 0x0, 0x1,
    0xa0, 0xc4, 0x0, 0x3b, 0x8, 0x0, 0x0, 0x82,
    0x0, 0x5, 0x60, 0x0, 0x16, 0x0, 0x9, 0x0,
    0x4, 0xbb, 0x50, 0x0, 0x70, 0x2, 0x60, 0x0,
    0x8e, 0xe9, 0x0, 0x5, 0x30, 0x91, 0x10, 0x0,
    0x78, 0x0, 0x0, 0x19, 0x9, 0x7, 0x96, 0x0,
    0x0, 0x0, 0x0, 0x80, 0x4c, 0x74, 0x10, 0x0,
    0x1, 0x37, 0xc4, 0x0, 0x82, 0x57, 0x88, 0x88,
    0x75, 0x29, 0x0, 0x4, 0x50, 0x0, 0x0, 0x0,
    0x4, 0x50, 0x0, 0x9, 0x10, 0x0, 0x0, 0x0,
    0xa0, 0x0, 0x0, 0x1a, 0x30, 0x0, 0x2, 0xa2,
    0x0, 0x0, 0x0, 0x6, 0xff, 0xff, 0x70, 0x0,
    0x0, 0x0, 0x0, 0x0, 0x44, 0x0, 0x0, 0x0,
    0x0,

    /* U+26D3 "⛓" */
    0x66, 0x6, 0x50, 0x0, 0x66, 0x0, 0x66, 0x69,
    0x50, 0x6, 0xa7, 0x90, 0x62, 0x78, 0x70, 0x43,
    0xb8, 0x37, 0x6, 0x7a, 0x20, 0x62, 0x84, 0x67,
    0x7, 0x7a, 0x30, 0x62, 0x84, 0x67, 0x62, 0x88,
    0x70, 0x33, 0xa8, 0x36, 0x66, 0x68, 0x50, 0x6,
    0xa7, 0x90, 0x67, 0x27, 0x50, 0x3, 0xa7, 0x60,
    0x73, 0x9a, 0x60, 0x26, 0x77, 0x45, 0x27, 0x79,
    0x50, 0x61, 0xb8, 0x57, 0x4, 0x7a, 0x0, 0x62,
    0x50, 0x67, 0x44, 0x67, 0x70, 0x52, 0xdb, 0x47,
    0x65, 0xaa, 0x60, 0x8, 0x87, 0x82, 0x67, 0x6,
    0x51, 0x0, 0x87, 0x20, 0x11, 0x1, 0x10, 0x0,
    0x11, 0x0,

    /* U+26D4 "⛔" */
    0x0, 0x0, 0x17, 0xce, 0xeb, 0x60, 0x0, 0x0,
    0x0, 0x5, 0xff, 0xff, 0xff, 0xfe, 0x30, 0x0,
    0x0, 0x6f, 0xff, 0xff, 0xff, 0xff, 0xf4, 0x0,
    0x2, 0xff, 0xff, 0xff, 0xff, 0xff, 0xfe, 0x10,
    0xa, 0xff, 0xff, 0xff, 0xff, 0xff, 0xff, 0x80,
    0xf, 0xff, 0xff, 0xff, 0xff, 0xff, 0xff, 0xd0,
    0x2f, 0xf2, 0x22, 0x22, 0x22, 0x22, 0x3f, 0xf0,
    0x2f, 0xe0, 0x0, 0x0, 0x0, 0x0, 0x1f, 0xf0,
    0xf, 0xfd, 0xdd, 0xdd, 0xdd, 0xdd, 0xdf, 0xd0,
    0xa, 0xff, 0xff, 0xff, 0xff, 0xff, 0xff, 0x80,
    0x2, 0xff, 0xff, 0xff, 0xff, 0xff, 0xfe, 0x10,
    0x0, 0x6f, 0xff, 0xff, 0xff, 0xff, 0xf4, 0x0,
    0x0, 0x5, 0xff, 0xff, 0xff, 0xfe, 0x40, 0x0,
    0x0, 0x0, 0x18, 0xce, 0xec, 0x60, 0x0, 0x0,

    /* U+26E9 "⛩" */
    0x1c, 0x84, 0x0, 0x0, 0x0, 0x0, 0x1, 0x59,
    0xb0, 0xc9, 0xcf, 0xdb, 0xa9, 0x9a, 0xbd, 0xec,
    0x9a, 0x5, 0x40, 0x1, 0x23, 0x44, 0x32, 0x10,
    0x7, 0x20, 0x5, 0x8b, 0xa8, 0x86, 0x78, 0x8a,
    0xb8, 0x30, 0x0, 0x0, 0x88, 0x0, 0x88, 0x1,
    0x78, 0x0, 0x0, 0x4, 0xc3, 0x4c, 0x88, 0xa8,
    0xb3, 0x5c, 0x20, 0x0, 0x80, 0x0, 0x0, 0x0,
    0x0, 0x0, 0x17, 0x0, 0x7, 0x85, 0x78, 0x88,
    0x88, 0x85, 0x89, 0x40, 0x0, 0x0, 0x88, 0x0,
    0x0, 0x1, 0x78, 0x0, 0x0, 0x0, 0x8, 0x80,
    0x0, 0x0, 0x17, 0x80, 0x0, 0x0, 0x0, 0x88,
    0x0, 0x0, 0x1, 0x78, 0x0, 0x0, 0x0, 0x8,
    0x80, 0x0, 0x0, 0x17, 0x80, 0x0, 0x0, 0x1,
    0xdd, 0x0, 0x0, 0x2, 0xcd, 0x0, 0x0, 0x0,
    0x5f, 0xf2, 0x0, 0x0, 0x6f, 0xf1, 0x0, 0x0,
    0x1, 0x55, 0x0, 0x0, 0x1, 0x65, 0x0, 0x0,

    /* U+26EA "⛪" */
    0x0, 0x0, 0x7, 0x40, 0x0, 0x0, 0x0, 0x0,
    0x8, 0x40, 0x0, 0x0, 0x0, 0x0, 0xd, 0x80,
    0x0, 0x0, 0x0, 0x0, 0x93, 0x54, 0x0, 0x0,
    0x0, 0x5, 0xd8, 0x8d, 0x20, 0x0, 0x0, 0x0,
    0x80, 0x9, 0x0, 0x0, 0x0, 0x0, 0xb3, 0x2b,
    0x0, 0x0, 0x0, 0x9, 0xac, 0x8c, 0x80, 0x0,
    0x0, 0x91, 0x80, 0x8, 0x38, 0x0, 0x9, 0x10,
    0x80, 0x8, 0x3, 0x80, 0xb3, 0x70, 0x87, 0x68,
    0x36, 0x93, 0x83, 0x70, 0x89, 0xa8, 0x56, 0x90,
    0x85, 0xf0, 0x8b, 0xb8, 0x8f, 0x90, 0x84, 0x64,
    0xdf, 0xfd, 0x56, 0xa0, 0x24, 0x44, 0x44, 0x44,
    0x44, 0x40,

    /* U+26F0 "⛰" */
    0x0, 0x0, 0x0, 0x0, 0x25, 0x0, 0x0, 0x0,
    0x0, 0x0, 0x0, 0x0, 0x0, 0x9f, 0x30, 0x0,
    0x0, 0x0, 0x0, 0x0, 0x0, 0xa, 0x3f, 0xf0,
    0x0, 0x0, 0x0, 0x0, 0x0, 0x0, 0xcf, 0x1e,
    0xd5, 0x0, 0x0, 0x0, 0x0, 0x0, 0x1, 0xce,
    0x4, 0x89, 0x0, 0x0, 0x0, 0x0, 0x0, 0x7,
    0x2f, 0x6, 0x73, 0xe1, 0x0, 0x0, 0x0, 0x0,
    0x9, 0x1d, 0x8, 0xba, 0x8a, 0x0, 0x0, 0x0,
    0x0, 0x63, 0x87, 0x3f, 0xfb, 0x1f, 0x40, 0x0,
    0x0, 0x5, 0xc0, 0x9a, 0xbf, 0x70, 0xc, 0xd1,
    0x0, 0x0, 0x56, 0xf6, 0x5f, 0xf2, 0x7, 0xfe,
    0xfa, 0x70, 0x3, 0x70, 0xdf, 0xff, 0x22, 0xef,
    0xff, 0xcf, 0xf0, 0x9, 0x1, 0xea, 0x23, 0x7e,
    0x7c, 0xfd, 0x6f, 0xf1, 0x1c, 0xff, 0xfd, 0xff,
    0xff, 0x49, 0xfd, 0x8f, 0xd1, 0x0, 0x26, 0xac,
    0xde, 0xff, 0xee, 0xca, 0x73, 0x0,

    /* U+26F1 "⛱" */
    0x0, 0x0, 0x0, 0x0, 0x24, 0x0, 0x0, 0x0,
    0x0, 0x3, 0x89, 0x8a, 0xfb, 0x20, 0x0, 0x0,
    0x0, 0x86, 0x0, 0x3e, 0xfc, 0x79, 0x0, 0x0,
    0x7, 0x30, 0x3, 0xff, 0xff, 0x22, 0xa1, 0x0,
    0x26, 0x0, 0xe, 0xff, 0xff, 0x80, 0x19, 0x0,
    0x48, 0x97, 0x7f, 0xff, 0xff, 0xa0, 0x7, 0x20,
    0x0, 0x4, 0xea, 0x9f, 0xff, 0xa0, 0x1, 0x70,
    0x0, 0x0, 0x0, 0x28, 0x2b, 0xb7, 0x61, 0x80,
    0x0, 0x0, 0x0, 0x64, 0x1, 0x50, 0x2a, 0x60,
    0x0, 0x24, 0x56, 0xf4, 0x10, 0x0, 0x0, 0x0,
    0x88, 0x64, 0x32, 0xd5, 0x78, 0x88, 0x88, 0x89,
    0x80, 0x6, 0x74, 0x60, 0x0, 0x0, 0x0, 0x8,
    0x80, 0x3, 0x8d, 0xa8, 0x40, 0x0, 0x0, 0x8,
    0x80, 0x0, 0x0, 0x0, 0x0, 0x0, 0x0, 0x8,
    0x78, 0x88, 0x88, 0x88, 0x88, 0x88, 0x88, 0x87,

    /* U+26F2 "⛲" */
    0x0, 0x0, 0x76, 0x47, 0x72, 0x0, 0x0, 0x0,
    0x66, 0x75, 0x56, 0x70, 0x0, 0x0, 0xa, 0x72,
    0x58, 0x47, 0x20, 0x0, 0x0, 0xa6, 0x3f, 0xf1,
    0x84, 0x0, 0x0, 0x7, 0x99, 0xff, 0x85, 0x70,
    0x0, 0x7, 0x45, 0x35, 0x27, 0xb, 0x0, 0x0,
    0xa, 0x18, 0x89, 0x54, 0x40, 0x0, 0x0, 0x56,
    0xef, 0xfc, 0x50, 0x0, 0x0, 0x5, 0x52, 0xfb,
    0x56, 0x0, 0x0, 0x68, 0x75, 0x8f, 0xc8, 0x25,
    0x51, 0x63, 0x7, 0x8, 0xfe, 0x2, 0x50, 0x94,
    0xe8, 0x81, 0x1, 0x1, 0x48, 0xda, 0x8, 0xff,
    0xff, 0xff, 0xff, 0xfd, 0x10, 0x4, 0xbf, 0xff,
    0xff, 0xd6, 0x0, 0x0, 0x0, 0x13, 0x44, 0x20,
    0x0, 0x0,

    /* U+26F3 "⛳" */
    0x0, 0x0, 0x0, 0xe, 0x40, 0x0, 0x0, 0x0,
    0x0, 0x0, 0x9, 0x27, 0x87, 0x70, 0x0, 0x0,
    0x0, 0x9, 0x0, 0x5, 0x60, 0x0, 0x0, 0x0,
    0x9, 0x6, 0x82, 0x0, 0x0, 0x0, 0x0, 0xd,
    0x72, 0x0, 0x0, 0x0, 0x0, 0x0, 0xc, 0x0,
    0x0, 0x0, 0x0, 0x0, 0x0, 0x9, 0x0, 0x0,
    0x0, 0x28, 0x98, 0x88, 0x8f, 0x86, 0x10, 0x0,
    0xa0, 0x0, 0x0, 0x9, 0x2, 0x88, 0x10, 0x93,
    0x0, 0x0, 0x6f, 0x10, 0x1, 0x91, 0x6, 0x90,
    0x0, 0x1, 0x0, 0x0, 0x8, 0x0, 0x19, 0x0,
    0x0, 0x0, 0x0, 0x8, 0x0, 0x3, 0x70, 0x0,
    0x0, 0x0, 0x37, 0x0, 0x0, 0x49, 0x31, 0x1,
    0x48, 0x70, 0x0, 0x0, 0x0, 0x57, 0x86, 0x40,
    0x0,

    /* U+26F4 "⛴" */
    0x0, 0x0, 0x9, 0x8d, 0x98, 0x50, 0x0, 0x0,
    0x0, 0x0, 0x2b, 0x6b, 0x44, 0x91, 0x0, 0x0,
    0x0, 0x0, 0x95, 0x8c, 0x0, 0x87, 0x41, 0x0,
    0x0, 0x3, 0xa4, 0x75, 0x44, 0x33, 0x59, 0x40,
    0x0, 0xa, 0x33, 0x44, 0x0, 0x12, 0x35, 0x70,
    0x0, 0x75, 0x8a, 0x48, 0x55, 0x54, 0x32, 0x63,
    0x0, 0x82, 0xc7, 0x62, 0x32, 0x10, 0x1, 0x2a,
    0x24, 0xda, 0xfc, 0x81, 0x23, 0x34, 0x44, 0x63,
    0xaa, 0xcf, 0xff, 0xf8, 0xd7, 0xb8, 0x98, 0xc5,
    0x93, 0x44, 0x57, 0xb7, 0xa8, 0xc7, 0x97, 0xab,
    0x90, 0x0, 0x0, 0x0, 0x0, 0x0, 0x24, 0x6b,
    0x90, 0x0, 0x0, 0x0, 0x0, 0x0, 0x0, 0x8,
    0x63, 0x0, 0x0, 0x0, 0x0, 0x0, 0x0, 0x8,
    0xa, 0x20, 0x0, 0x0, 0x0, 0x0, 0x0, 0x46,
    0x0, 0x68, 0x88, 0x88, 0x88, 0x88, 0x88, 0x60,

    /* U+26F5 "⛵" */
    0x0, 0x0, 0x0, 0x5, 0x40, 0x0, 0x0, 0x0,
    0x0, 0x0, 0x3f, 0xa0, 0x0, 0x0, 0x0, 0x0,
    0x3, 0xad, 0xb0, 0x0, 0x0, 0x0, 0x0, 0x29,
    0x4b, 0x64, 0x0, 0x0, 0x0, 0x0, 0xa0, 0x6b,
    0x9, 0x0, 0x0, 0x0, 0x9, 0x20, 0x8a, 0x7,
    0x10, 0x0, 0x0, 0x36, 0x0, 0x89, 0x1, 0x70,
    0x0, 0x0, 0x90, 0x0, 0x89, 0x0, 0x90, 0x0,
    0x2, 0x60, 0x0, 0x89, 0x0, 0x54, 0x0, 0x7,
    0x10, 0x1, 0x89, 0x0, 0x9, 0x0, 0xa, 0x89,
    0x87, 0x8f, 0x88, 0x87, 0x0, 0x13, 0x3, 0xdd,
    0x9d, 0x83, 0x0, 0x0, 0x78, 0x8b, 0xef, 0xff,
    0xfe, 0x64, 0x30, 0x19, 0x0, 0x0, 0x0, 0x2,
    0x35, 0xc0, 0x3, 0x88, 0x88, 0x88, 0x88, 0x88,
    0x30,

    /* U+26F7 "⛷" */
    0x2, 0xbd, 0x70, 0x0, 0x0, 0x0, 0x0, 0x0,
    0xef, 0xff, 0x50, 0x0, 0x0, 0x0, 0x0, 0x2f,
    0xff, 0xfd, 0x99, 0x84, 0x0, 0x59, 0x30, 0xef,
    0xff, 0xff, 0xff, 0xfd, 0x6b, 0xc0, 0x3, 0xde,
    0xef, 0xff, 0xfd, 0xd5, 0x10, 0x0, 0x0, 0x4,
    0xff, 0xfc, 0xf8, 0x0, 0x0, 0x0, 0x1, 0x5d,
    0xff, 0xa1, 0x0, 0x0, 0x0, 0x8, 0xff, 0xea,
    0xf7, 0x0, 0x0, 0x45, 0x2, 0xbf, 0x81, 0xd,
    0xf1, 0x2, 0x67, 0x50, 0x0, 0x0, 0x0, 0x5f,
    0x96, 0x76, 0x10, 0x0, 0x0, 0x0, 0x4f, 0xf9,
    0x62, 0x0, 0x0, 0x0, 0x0, 0x8, 0xa6, 0x40,
    0x0, 0x0, 0x0, 0x10, 0x36, 0x65, 0x0, 0x0,
    0x0, 0x0, 0x7, 0x56, 0x50, 0x0, 0x0, 0x0,
    0x0, 0x0, 0x14, 0x10, 0x0, 0x0, 0x0, 0x0,
    0x0,

    /* U+26F8 "⛸" */
    0x0, 0x0, 0x0, 0x69, 0x70, 0x0, 0x0, 0x0,
    0x0, 0x4, 0x77, 0x30, 0x80, 0x0, 0x0, 0x0,
    0x0, 0x8, 0x0, 0x2e, 0xf3, 0x0, 0x0, 0x0,
    0x0, 0x44, 0x0, 0x1, 0x74, 0x0, 0x0, 0x0,
    0x0, 0x80, 0x0, 0xf, 0xd6, 0x0, 0x0, 0x0,
    0x0, 0x80, 0x0, 0x0, 0x3d, 0x0, 0x0, 0x0,
    0x3, 0x50, 0x0, 0x0, 0xfc, 0x70, 0x0, 0x0,
    0x7, 0x10, 0x0, 0x0, 0xa, 0xf8, 0x0, 0x0,
    0x8, 0x30, 0x0, 0x0, 0x7, 0x1e, 0xb1, 0x0,
    0x5, 0xb9, 0x85, 0x10, 0x0, 0x76, 0x19, 0x60,
    0x3, 0x50, 0x59, 0x99, 0xa8, 0x76, 0x55, 0xd1,
    0x0, 0xbb, 0xa4, 0x99, 0x31, 0x34, 0x45, 0xc1,
    0x0, 0x7d, 0x0, 0x0, 0x46, 0xda, 0x66, 0x80,
    0x3c, 0xfe, 0xef, 0xfe, 0xdc, 0xfd, 0xbb, 0xf0,
    0x0, 0x0, 0x0, 0x0, 0x11, 0x22, 0x21, 0x0,

    /* U+26F9 "⛹" */
    0x0, 0x0, 0x1, 0xbd, 0x60, 0x0, 0x0, 0x0,
    0x0, 0xa, 0xff, 0xf3, 0x0, 0x0, 0x0, 0x0,
    0xc, 0xff, 0xf4, 0x0, 0x0, 0x0, 0x0, 0x4,
    0xff, 0xe3, 0x0, 0x0, 0x0, 0x0, 0x7, 0xef,
    0xff, 0xfa, 0x30, 0x0, 0x0, 0x9f, 0xff, 0xff,
    0x8e, 0xf6, 0x1, 0x7c, 0xfb, 0xff, 0xff, 0x30,
    0xdb, 0x8, 0xfd, 0x50, 0xef, 0xff, 0x70, 0x0,
    0x0, 0x10, 0x0, 0xaf, 0xff, 0xb0, 0x0, 0x8,
    0x93, 0x0, 0xdf, 0xff, 0xb0, 0x0, 0x85, 0x6c,
    0x3, 0xff, 0xef, 0xc0, 0x40, 0x89, 0xba, 0x15,
    0xfa, 0x5f, 0xff, 0xf4, 0x36, 0x87, 0x6, 0xf6,
    0x5, 0xb9, 0xa3, 0x0, 0x0, 0xe, 0xf4, 0x0,
    0x0, 0x0, 0x0, 0x0, 0x1, 0x30, 0x0, 0x0,
    0x0,

    /* U+26FA "⛺" */
    0x0, 0x0, 0x7, 0x64, 0x31, 0x0, 0x0, 0x0,
    0x0, 0x0, 0x0, 0x71, 0x23, 0x57, 0x9c, 0x70,
    0x0, 0x0, 0x0, 0x0, 0x90, 0x0, 0x0, 0x62,
    0x91, 0x0, 0x0, 0x0, 0x5, 0x40, 0x0, 0x0,
    0x80, 0x27, 0x0, 0x0, 0x0, 0x9, 0x0, 0x0,
    0x6, 0x35, 0x9, 0x0, 0x0, 0x0, 0x54, 0x0,
    0x0, 0x8, 0xb, 0x44, 0x50, 0x0, 0x0, 0x90,
    0x0, 0x0, 0x53, 0x46, 0x70, 0x90, 0x0, 0x7,
    0x30, 0x0, 0x0, 0x80, 0xd2, 0x81, 0x54, 0x0,
    0x2f, 0x0, 0x0, 0x5, 0x36, 0xf0, 0x69, 0x9,
    0x10, 0x1f, 0x30, 0x0, 0x38, 0xe, 0xd0, 0x3f,
    0x65, 0xe2, 0x1, 0x69, 0x62, 0xf2, 0x8f, 0xf8,
    0x9f, 0xfe, 0xf1, 0x0, 0x0, 0x37, 0xf8, 0xff,
    0x60, 0x3, 0x31, 0x0,

    /* U+26FD "⛽" */
    0x2, 0x88, 0x88, 0x88, 0x10, 0x0, 0x7, 0x1a,
    0x0, 0x0, 0x1, 0x90, 0x0, 0x91, 0x62, 0xfd,
    0xdd, 0xdc, 0x65, 0xa, 0x50, 0x71, 0xd4, 0x88,
    0x3c, 0x4b, 0x60, 0x80, 0x81, 0xa2, 0x44, 0x29,
    0x4b, 0x66, 0xa0, 0x81, 0x73, 0x66, 0x36, 0x4b,
    0x63, 0xb0, 0x81, 0x25, 0x55, 0x51, 0x44, 0x1f,
    0x20, 0x81, 0x1, 0x76, 0x0, 0x57, 0x7, 0x10,
    0x81, 0x8, 0x21, 0x80, 0x4d, 0x18, 0x0, 0x81,
    0x25, 0xb8, 0x70, 0x44, 0x99, 0x0, 0x81, 0x8,
    0x54, 0x80, 0x44, 0x4e, 0x0, 0x81, 0x1, 0x77,
    0x0, 0x44, 0x74, 0x50, 0xa9, 0x88, 0x88, 0x88,
    0xd4, 0x82, 0x90, 0x90, 0x0, 0x0, 0x0, 0x9,
    0x2a, 0x30, 0x68, 0x88, 0x88, 0x88, 0x85, 0x0,
    0x0,

    /* U+2702 "✂" */
    0x8, 0x89, 0x30, 0x0, 0x6, 0x98, 0x60, 0x73,
    0x63, 0x91, 0x0, 0x46, 0x44, 0x64, 0x94, 0x47,
    0x27, 0x0, 0x83, 0x57, 0x18, 0x93, 0x67, 0x19,
    0x0, 0x94, 0x58, 0x27, 0x47, 0x44, 0xa, 0x8a,
    0x70, 0x53, 0x91, 0x5, 0x98, 0x88, 0x4b, 0xa8,
    0x89, 0x20, 0x0, 0x0, 0x5a, 0x50, 0xf1, 0x0,
    0x0, 0x0, 0x0, 0xf, 0x10, 0xa0, 0x0, 0x0,
    0x0, 0x0, 0x63, 0xa0, 0x63, 0x0, 0x0, 0x0,
    0x0, 0x90, 0xc6, 0x8, 0x0, 0x0, 0x0, 0x2,
    0x64, 0x68, 0x19, 0x0, 0x0, 0x0, 0x7, 0x19,
    0x1, 0x94, 0x50, 0x0, 0x0, 0x8, 0x72, 0x0,
    0x54, 0x80, 0x0, 0x0, 0xa, 0x70, 0x0, 0x9,
    0x80, 0x0, 0x0, 0x1, 0x0, 0x0, 0x1, 0x10,
    0x0,

    /* U+2705 "✅" */
    0xc, 0xff, 0xff, 0xff, 0xff, 0xff, 0xff, 0xb0,
    0x2f, 0xff, 0xff, 0xff, 0xff, 0xff, 0xff, 0xf1,
    0x2f, 0xff, 0xff, 0xff, 0xff, 0xf5, 0x4f, 0xf1,
    0x2f, 0xff, 0xff, 0xff, 0xff, 0x70, 0x2f, 0xf1,
    0x2f, 0xff, 0xff, 0xff, 0xfa, 0x0, 0xdf, 0xf1,
    0x2f, 0xf5, 0x9f, 0xff, 0xd0, 0xb, 0xff, 0xf1,
    0x2f, 0xf0, 0xf, 0xfe, 0x20, 0x8f, 0xff, 0xf1,
    0x2f, 0xf5, 0xa, 0xf4, 0x5, 0xff, 0xff, 0xf1,
    0x2f, 0xfa, 0x4, 0x70, 0x2f, 0xff, 0xff, 0xf1,
    0x2f, 0xff, 0x0, 0x1, 0xdf, 0xff, 0xff, 0xf1,
    0x2f, 0xff, 0x50, 0xb, 0xff, 0xff, 0xff, 0xf1,
    0x2f, 0xff, 0xb0, 0x8f, 0xff, 0xff, 0xff, 0xf1,
    0x2f, 0xff, 0xff, 0xff, 0xff, 0xff, 0xff, 0xf1,
    0xe, 0xff, 0xff, 0xff, 0xff, 0xff, 0xff, 0xd0,
    0x0, 0x11, 0x11, 0x11, 0x11, 0x11, 0x11, 0x0,

    /* U+2708 "✈" */
    0x3, 0x0, 0x0, 0x1, 0x0, 0x4, 0x99, 0x7,
    0x68, 0x86, 0x21, 0xe9, 0x9, 0xa7, 0x72, 0x29,
    0x70, 0x26, 0xbf, 0x7a, 0x10, 0xe, 0x0, 0x16,
    0xa6, 0x0, 0x2e, 0x10, 0x7, 0x50, 0x0, 0x3,
    0x4d, 0x29, 0x10, 0x8, 0x70, 0x0, 0x0, 0x0,
    0x3f, 0x10, 0x7, 0xe3, 0x0, 0x0, 0x0, 0x7,
    0x30, 0x8, 0x9d, 0xf8, 0x0, 0x0, 0x4, 0x60,
    0xb, 0x90, 0x8b, 0x0, 0x45, 0x21, 0x90, 0x7,
    0x6d, 0x12, 0x60, 0x9, 0xff, 0xf0, 0x19, 0x30,
    0x48, 0x9, 0x0, 0x3, 0xf5, 0x7b, 0x0, 0x0,
    0xc1, 0x80, 0x0, 0x1a, 0xef, 0x70, 0x0, 0x1,
    0x84, 0x40, 0x3, 0x93, 0xfa, 0x0, 0x0, 0xb,
    0x28, 0x0, 0x0, 0x7, 0xc0, 0x0, 0x0, 0xc,
    0x40, 0x0, 0x0, 0x1, 0x0, 0x0, 0x0, 0x0,
    0x0,

    /* U+2709 "✉" */
    0xbc, 0x88, 0x88, 0x88, 0x88, 0x88, 0x88, 0xd8,
    0x86, 0x70, 0x0, 0x0, 0x0, 0x0, 0x8, 0x48,
    0x80, 0x48, 0x0, 0x0, 0x0, 0x1, 0x92, 0x8,
    0x80, 0x2, 0x91, 0x0, 0x0, 0x29, 0x10, 0x8,
    0x80, 0x0, 0x98, 0x20, 0x4, 0x88, 0x0, 0x8,
    0x80, 0x7, 0x30, 0x74, 0x65, 0x6, 0x40, 0x8,
    0x80, 0x27, 0x0, 0x4, 0x30, 0x0, 0x91, 0x8,
    0x80, 0x90, 0x0, 0x0, 0x0, 0x0, 0x19, 0x8,
    0x87, 0x20, 0x0, 0x0, 0x0, 0x0, 0x4, 0x58,
    0xa6, 0x0, 0x0, 0x0, 0x0, 0x0, 0x0, 0x88,
    0x68, 0x88, 0x88, 0x88, 0x88, 0x88, 0x88, 0x85,

    /* U+270A "✊" */
    0x0, 0x0, 0x0, 0x0, 0x0, 0x0, 0x0, 0x0,
    0x1, 0x87, 0x49, 0x94, 0x88, 0x10, 0x6, 0x69,
    0x12, 0xc0, 0xc, 0x10, 0x80, 0x72, 0x2b, 0x0,
    0x80, 0x8, 0x0, 0x80, 0x80, 0x8, 0x0, 0x80,
    0x8, 0x0, 0x80, 0x80, 0x8, 0x2, 0xb6, 0x8c,
    0x50, 0xf0, 0x90, 0xa, 0x49, 0x42, 0x10, 0x5b,
    0xe2, 0xe4, 0x39, 0xc3, 0x0, 0x0, 0x0, 0x26,
    0x85, 0x60, 0x8, 0x88, 0x85, 0x0, 0x8, 0x80,
    0x0, 0x0, 0x0, 0x6, 0x50, 0x8, 0x53, 0x0,
    0x0, 0x0, 0x0, 0x60, 0x35, 0x18, 0x0, 0x0,
    0x0, 0x0, 0x0, 0x80, 0x7, 0x30, 0x0, 0x0,
    0x0, 0x4, 0x60, 0x0, 0x93, 0x0, 0x0, 0x0,
    0x38, 0x0, 0x0, 0x7, 0x83, 0x1, 0x38, 0x60,
    0x0, 0x0, 0x0, 0x5, 0x77, 0x50, 0x0, 0x0,

    /* U+270B "✋" */
    0x0, 0x0, 0x89, 0x20, 0x0, 0x0, 0x0, 0x38,
    0x81, 0xb4, 0x0, 0x0, 0x0, 0x91, 0x80, 0x99,
    0x0, 0x0, 0x69, 0xa0, 0x80, 0x88, 0x0, 0x0,
    0x80, 0x80, 0x80, 0x88, 0x0, 0x0, 0x80, 0x80,
    0x80, 0x88, 0x0, 0x0, 0x80, 0x80, 0x80, 0x78,
    0x3a, 0x94, 0x80, 0x0, 0x0, 0x8, 0xb0, 0x55,
    0x80, 0x0, 0x0, 0x88, 0x13, 0x70, 0x80, 0x0,
    0x5, 0x60, 0x9, 0x0, 0x80, 0x0, 0xa, 0x0,
    0x35, 0x0, 0x71, 0x0, 0x3, 0x0, 0x90, 0x0,
    0x35, 0x0, 0x0, 0x3, 0x60, 0x0, 0x8, 0x61,
    0x2, 0x68, 0x0, 0x0, 0x0, 0x37, 0x86, 0x20,
    0x0, 0x0,

    /* U+270C "✌" */
    0x0, 0x29, 0x90, 0x3, 0x70, 0x0, 0x80, 0x54,
    0x9, 0x17, 0x0, 0x53, 0x8, 0x45, 0x8, 0x0,
    0x26, 0x9, 0x71, 0x17, 0x0, 0xd, 0x18, 0x90,
    0x44, 0x27, 0xa4, 0xa4, 0x90, 0x62, 0x91, 0x90,
    0x80, 0x0, 0x80, 0x80, 0x81, 0xca, 0x88, 0xb0,
    0x90, 0xeb, 0x20, 0x1, 0xb3, 0xda, 0x89, 0x0,
    0x0, 0x8, 0x80, 0x3, 0x88, 0xd1, 0x8, 0x53,
    0x0, 0x5, 0x43, 0x7, 0x8, 0x0, 0x3, 0x0,
    0x82, 0x3, 0x93, 0x1, 0x4a, 0x40, 0x0, 0x5,
    0x77, 0x50, 0x0,

    /* U+270D "✍" */
    0x0, 0x0, 0x0, 0x7, 0x90, 0x0, 0x0, 0x0,
    0x0, 0x0, 0x1f, 0xb0, 0x0, 0x0, 0x0, 0x0,
    0x0, 0xbf, 0x20, 0x0, 0x0, 0x0, 0x0, 0x4,
    0xf8, 0x0, 0x0, 0x0, 0x0, 0x0, 0x7f, 0xf1,
    0x0, 0x0, 0x0, 0x1, 0x88, 0xbf, 0x89, 0x60,
    0x0, 0x0, 0x9, 0x12, 0xfb, 0x0, 0x39, 0x60,
    0x0, 0x17, 0xb, 0xfa, 0x86, 0x0, 0x39, 0x82,
    0x44, 0x4f, 0xd1, 0x0, 0x0, 0x0, 0x9, 0x72,
    0xe9, 0x0, 0x0, 0x0, 0x0, 0x8, 0x6c, 0xf0,
    0x59, 0x91, 0x0, 0x0, 0x8, 0x2f, 0xfd, 0x9f,
    0x3f, 0x20, 0x0, 0x9, 0x8f, 0x27, 0x96, 0x62,
    0x78, 0x88, 0x83, 0xb3, 0x0, 0x0, 0x0, 0x0,
    0x0, 0x0, 0x0, 0x0, 0x0, 0x0, 0x0, 0x0,
    0x0,

    /* U+270F "✏" */
    0x0, 0x5a, 0xa0, 0x0, 0x0, 0x0, 0x0, 0x0,
    0x7, 0x69, 0x2b, 0x60, 0x0, 0x0, 0x0, 0x0,
    0x37, 0x92, 0x9, 0x76, 0x0, 0x0, 0x0, 0x0,
    0x5b, 0x10, 0x83, 0xc, 0x10, 0x0, 0x0, 0x0,
    0x8, 0x59, 0x30, 0x85, 0x91, 0x0, 0x0, 0x0,
    0x1, 0xc1, 0x8, 0x59, 0x29, 0x10, 0x0, 0x0,
    0x0, 0x2a, 0xa8, 0x40, 0x92, 0x91, 0x0, 0x0,
    0x0, 0x0, 0x83, 0x74, 0x9, 0x29, 0x10, 0x0,
    0x0, 0x0, 0x8, 0x37, 0x40, 0x92, 0x91, 0x0,
    0x0, 0x0, 0x0, 0x83, 0x74, 0x9, 0x5c, 0x0,
    0x0, 0x0, 0x0, 0x8, 0x37, 0x41, 0xa8, 0x10,
    0x0, 0x0, 0x0, 0x0, 0x83, 0xa9, 0x21, 0x70,
    0x0, 0x0, 0x0, 0x0, 0x8, 0xd3, 0x0, 0xd0,
    0x0, 0x0, 0x0, 0x0, 0x0, 0x16, 0x9d, 0xf2,
    0x0, 0x0, 0x0, 0x0, 0x0, 0x0, 0x1, 0x30,

    /* U+2712 "✒" */
    0x0, 0x0, 0x49, 0x60, 0x0, 0x0, 0x0, 0x0,
    0x0, 0x6, 0x70, 0x55, 0x0, 0x0, 0x0, 0x0,
    0x0, 0x65, 0x0, 0x7, 0x40, 0x0, 0x0, 0x0,
    0x4, 0x60, 0x0, 0x0, 0xa4, 0x0, 0x0, 0x0,
    0x9, 0x0, 0x0, 0x4, 0xec, 0x0, 0x0, 0x0,
    0x8, 0x30, 0x0, 0x5f, 0xd6, 0x70, 0x0, 0x0,
    0x0, 0x75, 0x4, 0xfc, 0x10, 0x29, 0x40, 0x0,
    0x0, 0x6, 0x9e, 0xd1, 0x0, 0x0, 0x82, 0x0,
    0x0, 0x0, 0x6e, 0x50, 0x0, 0x0, 0x17, 0x0,
    0x0, 0x0, 0x0, 0x91, 0x2, 0xf8, 0x9, 0x0,
    0x0, 0x0, 0x0, 0x18, 0x0, 0xce, 0x7, 0x20,
    0x0, 0x0, 0x0, 0x6, 0x60, 0x1, 0x92, 0x70,
    0x0, 0x0, 0x0, 0x0, 0x48, 0x96, 0x29, 0xa0,
    0x0, 0x0, 0x0, 0x0, 0x0, 0x2, 0x8a, 0xf3,
    0x0, 0x0, 0x0, 0x0, 0x0, 0x0, 0x0, 0x30,

    /* U+2714 "✔" */
    0x0, 0x0, 0x0, 0x0, 0x0, 0x0, 0x7d, 0x60,
    0x0, 0x0, 0x0, 0x0, 0x0, 0x6, 0xff, 0xf0,
    0x0, 0x0, 0x0, 0x0, 0x0, 0x3f, 0xff, 0xc0,
    0x0, 0x0, 0x0, 0x0, 0x1, 0xef, 0xfe, 0x20,
    0x3, 0x60, 0x0, 0x0, 0xc, 0xff, 0xf4, 0x0,
    0x2f, 0xfa, 0x0, 0x0, 0xaf, 0xff, 0x60, 0x0,
    0x3f, 0xff, 0x10, 0x7, 0xff, 0xf9, 0x0, 0x0,
    0xe, 0xff, 0x60, 0x4f, 0xff, 0xc0, 0x0, 0x0,
    0x9, 0xff, 0xb2, 0xef, 0xfe, 0x10, 0x0, 0x0,
    0x4, 0xff, 0xfd, 0xff, 0xf3, 0x0, 0x0, 0x0,
    0x0, 0xef, 0xff, 0xff, 0x50, 0x0, 0x0, 0x0,
    0x0, 0x9f, 0xff, 0xf8, 0x0, 0x0, 0x0, 0x0,
    0x0, 0x4f, 0xff, 0xb0, 0x0, 0x0, 0x0, 0x0,
    0x0, 0xc, 0xfd, 0x10, 0x0, 0x0, 0x0, 0x0,
    0x0, 0x1, 0x40, 0x0, 0x0, 0x0, 0x0, 0x0,

    /* U+2716 "✖" */
    0x0, 0x30, 0x0, 0x0, 0x0, 0x2, 0x0, 0x4,
    0xf9, 0x0, 0x0, 0x0, 0xce, 0x20, 0x4f, 0xff,
    0x90, 0x0, 0xb, 0xff, 0xe2, 0x3e, 0xff, 0xf8,
    0x0, 0xbf, 0xff, 0xd1, 0x3, 0xff, 0xff, 0x9b,
    0xff, 0xfd, 0x10, 0x0, 0x3f, 0xff, 0xff, 0xff,
    0xd1, 0x0, 0x0, 0x3, 0xff, 0xff, 0xfd, 0x10,
    0x0, 0x0, 0x0, 0xcf, 0xff, 0xf9, 0x0, 0x0,
    0x0, 0xb, 0xff, 0xff, 0xff, 0x80, 0x0, 0x0,
    0xbf, 0xff, 0xdf, 0xff, 0xf8, 0x0, 0xb, 0xff,
    0xfd, 0x13, 0xff, 0xff, 0x70, 0x7f, 0xff, 0xd1,
    0x0, 0x4f, 0xff, 0xf3, 0xb, 0xfd, 0x10, 0x0,
    0x4, 0xff, 0x70, 0x0, 0x91, 0x0, 0x0, 0x0,
    0x47, 0x0,

    /* U+271D "✝" */
    0xd, 0xff, 0xff, 0xff, 0xff, 0xff, 0xff, 0xa3,
    0xff, 0xff, 0xff, 0xff, 0xff, 0xff, 0xff, 0x3f,
    0xff, 0xff, 0xfa, 0xcf, 0xff, 0xff, 0xf3, 0xff,
    0xff, 0xff, 0x7a, 0xff, 0xff, 0xff, 0x3f, 0xff,
    0xfe, 0xe6, 0x9e, 0xef, 0xff, 0xf3, 0xff, 0xff,
    0x33, 0x11, 0x36, 0xff, 0xff, 0x3f, 0xff, 0xff,
    0xf7, 0xaf, 0xff, 0xff, 0xf3, 0xff, 0xff, 0xff,
    0x7a, 0xff, 0xff, 0xff, 0x3f, 0xff, 0xff, 0xf7,
    0xaf, 0xff, 0xff, 0xf3, 0xff, 0xff, 0xff, 0x7a,
    0xff, 0xff, 0xff, 0x3f, 0xff, 0xff, 0xf7, 0xaf,
    0xff, 0xff, 0xf3, 0xff, 0xff, 0xff, 0x7a, 0xff,
    0xff, 0xff, 0x3f, 0xff, 0xff, 0xff, 0xff, 0xff,
    0xff, 0xf2, 0xff, 0xff, 0xff, 0xff, 0xff, 0xff,
    0xfe, 0x2, 0x55, 0x55, 0x55, 0x55, 0x55, 0x54,
    0x10,

    /* U+2721 "✡" */
    0xd, 0xff, 0xff, 0xff, 0xff, 0xff, 0xff, 0xa3,
    0xff, 0xff, 0xff, 0xff, 0xff, 0xff, 0xff, 0x3f,
    0xff, 0xff, 0xf7, 0xbf, 0xff, 0xff, 0xf3, 0xff,
    0xff, 0xfd, 0x86, 0xff, 0xff, 0xff, 0x3f, 0xf9,
    0x77, 0x36, 0x54, 0x77, 0xaf, 0xf3, 0xff, 0xaa,
    0xaa, 0xff, 0x7d, 0x7d, 0xff, 0x3f, 0xff, 0x66,
    0xff, 0xff, 0x57, 0xff, 0xf3, 0xff, 0xf7, 0x8f,
    0xff, 0xf5, 0xaf, 0xff, 0x3f, 0xfd, 0x87, 0xdf,
    0xfa, 0xa6, 0xff, 0xf3, 0xff, 0x66, 0x63, 0x76,
    0x27, 0x59, 0xff, 0x3f, 0xff, 0xff, 0xab, 0x7d,
    0xff, 0xff, 0xf3, 0xff, 0xff, 0xff, 0x68, 0xff,
    0xff, 0xff, 0x3f, 0xff, 0xff, 0xfd, 0xff, 0xff,
    0xff, 0xf2, 0xff, 0xff, 0xff, 0xff, 0xff, 0xff,
    0xfe, 0x2, 0x55, 0x55, 0x55, 0x55, 0x55, 0x54,
    0x10,

    /* U+2728 "✨" */
    0x0, 0x0, 0x75, 0x0, 0x0, 0xb, 0x0, 0x0,
    0x0, 0x0, 0x0, 0x88, 0x0, 0x0, 0x2e, 0x0,
    0x0, 0x0, 0x0, 0x48, 0x45, 0x83, 0x0, 0x5b,
    0x10, 0x0, 0x0, 0x0, 0x38, 0x46, 0x82, 0x0,
    0x85, 0x40, 0x0, 0x0, 0x0, 0x0, 0x88, 0x0,
    0x0, 0x90, 0x80, 0x0, 0x0, 0x0, 0x0, 0x64,
    0x0, 0x7, 0x40, 0x74, 0x0, 0x0, 0x0, 0x1,
    0x1, 0x58, 0x94, 0x0, 0x6, 0x98, 0x40, 0x0,
    0x9, 0x53, 0xa9, 0x50, 0x0, 0x1, 0x79, 0x91,
    0x0, 0x9, 0x80, 0x0, 0x3a, 0x10, 0x49, 0x10,
    0x0, 0x0, 0x74, 0x83, 0x0, 0x0, 0x80, 0x90,
    0x0, 0x0, 0x2e, 0x50, 0x9, 0xc0, 0x0, 0x84,
    0x50, 0x0, 0x0, 0x1, 0x83, 0x75, 0x0, 0x0,
    0x69, 0x20, 0x0, 0x0, 0x0, 0x9, 0x80, 0x0,
    0x0, 0x3e, 0x0, 0x0, 0x0, 0x0, 0xa, 0x50,
    0x0, 0x0, 0x1d, 0x0, 0x0, 0x0, 0x0, 0x2,
    0x0, 0x0, 0x0, 0x3, 0x0, 0x0, 0x0,

    /* U+2733 "✳" */
    0x0, 0x0, 0x0, 0x99, 0x0, 0x0, 0x0, 0x0,
    0x0, 0x4, 0x45, 0x40, 0x0, 0x0, 0x2, 0xaa,
    0x23, 0x45, 0x32, 0xaa, 0x20, 0x4, 0x40, 0xa3,
    0x66, 0x3a, 0x4, 0x40, 0x0, 0x84, 0x1b, 0x77,
    0xb1, 0x48, 0x0, 0x0, 0x6, 0x63, 0x77, 0x36,
    0x60, 0x0, 0x89, 0x98, 0xc6, 0x0, 0x6b, 0x99,
    0x98, 0x90, 0x0, 0x23, 0x0, 0x32, 0x0, 0x9,
    0x59, 0x88, 0xd3, 0x33, 0x3d, 0x88, 0x95, 0x0,
    0x19, 0x26, 0x88, 0x62, 0x91, 0x0, 0x1, 0x91,
    0x48, 0x67, 0x84, 0x19, 0x0, 0x4, 0x43, 0x83,
    0x56, 0x28, 0x34, 0x40, 0x0, 0x87, 0x4, 0x44,
    0x30, 0x78, 0x0, 0x0, 0x0, 0x3, 0x66, 0x30,
    0x0, 0x0, 0x0, 0x0, 0x0, 0x66, 0x0, 0x0,
    0x0,

    /* U+2734 "✴" */
    0x0, 0x0, 0x0, 0x3, 0x0, 0x0, 0x0, 0x0,
    0x14, 0x0, 0x0, 0x84, 0x0, 0x0, 0x50, 0x0,
    0x8b, 0x30, 0x8, 0x80, 0x5, 0xc5, 0x0, 0x0,
    0x96, 0x94, 0x68, 0x49, 0x59, 0x0, 0x0, 0x5,
    0x50, 0xc2, 0x78, 0x8, 0x20, 0x0, 0x0, 0x9,
    0x3a, 0x1, 0x94, 0x70, 0x0, 0x0, 0x48, 0xa7,
    0x10, 0x2, 0xa9, 0x73, 0x0, 0x5a, 0x84, 0x0,
    0x0, 0x0, 0x59, 0xa3, 0x0, 0x0, 0xba, 0x80,
    0x9, 0xd6, 0x0, 0x0, 0x0, 0x18, 0x8, 0x4,
    0x50, 0x90, 0x0, 0x0, 0x9, 0x17, 0xb5, 0x99,
    0x63, 0x60, 0x0, 0x4, 0xb9, 0x20, 0x88, 0x3,
    0x9c, 0x10, 0x0, 0x93, 0x0, 0x8, 0x60, 0x0,
    0x58, 0x0, 0x0, 0x0, 0x0, 0x52, 0x0, 0x0,
    0x0, 0x0, 0x0, 0x0, 0x0, 0x0, 0x0, 0x0,
    0x0,

    /* U+2744 "❄" */
    0x0, 0x0, 0x0, 0x86, 0x0, 0x0, 0x0, 0x0,
    0x0, 0x2a, 0x6a, 0x80, 0x0, 0x0, 0x0, 0x44,
    0x55, 0x23, 0x81, 0x62, 0x0, 0x38, 0xc8, 0x17,
    0x58, 0x44, 0x7c, 0x81, 0x55, 0x35, 0x50, 0x88,
    0x9, 0x24, 0x81, 0x1c, 0x23, 0x5a, 0x79, 0x93,
    0x43, 0xb0, 0x19, 0x86, 0x91, 0x32, 0x39, 0x59,
    0x80, 0x4, 0x20, 0x84, 0x85, 0x76, 0x4, 0x30,
    0x3a, 0x69, 0x27, 0x46, 0x54, 0xa5, 0xb0, 0x2b,
    0x23, 0x93, 0x88, 0x49, 0x14, 0xb0, 0x66, 0xb6,
    0x22, 0x89, 0x6, 0x3a, 0x92, 0x2, 0x89, 0x28,
    0x12, 0x92, 0xa6, 0x10, 0x0, 0x0, 0x5a, 0x69,
    0xb2, 0x0, 0x0, 0x0, 0x0, 0x1, 0x99, 0x0,
    0x0, 0x0, 0x0, 0x0, 0x0, 0x21, 0x0, 0x0,
    0x0,

    /* U+2747 "❇" */
    0x0, 0x0, 0x0, 0x99, 0x20, 0x0, 0x0, 0x0,
    0x0, 0x5, 0x30, 0x80, 0x0, 0x0, 0x0, 0xc3,
    0x5, 0x30, 0x80, 0x1b, 0x30, 0x0, 0xbe, 0x13,
    0x52, 0x60, 0xcd, 0x10, 0x0, 0x9, 0xc0, 0x86,
    0x29, 0xb1, 0x0, 0x4, 0x31, 0x52, 0x67, 0x7,
    0x3, 0x40, 0x94, 0x47, 0x94, 0x46, 0x29, 0x85,
    0x49, 0x90, 0x1, 0x57, 0x9c, 0x56, 0x10, 0x9,
    0x49, 0x87, 0x40, 0x24, 0x4, 0x78, 0x94, 0x0,
    0x3, 0xd1, 0x99, 0x1c, 0x50, 0x0, 0x0, 0x5f,
    0x51, 0x74, 0x42, 0xf8, 0x0, 0x1, 0xf8, 0x4,
    0x41, 0x70, 0x5f, 0x40, 0x0, 0x20, 0x6, 0x20,
    0x80, 0x2, 0x0, 0x0, 0x0, 0x3, 0x63, 0x60,
    0x0, 0x0, 0x0, 0x0, 0x0, 0x56, 0x0, 0x0,
    0x0,

    /* U+274C "❌" */
    0x3, 0x71, 0x0, 0x0, 0x0, 0x0, 0x27, 0x10,
    0xef, 0xd1, 0x0, 0x0, 0x0, 0x3f, 0xfb, 0xb,
    0xff, 0xd1, 0x0, 0x0, 0x4f, 0xff, 0x80, 0xc,
    0xff, 0xe2, 0x0, 0x4f, 0xff, 0x90, 0x0, 0xb,
    0xff, 0xe2, 0x4f, 0xff, 0x80, 0x0, 0x0, 0xb,
    0xff, 0xef, 0xff, 0x80, 0x0, 0x0, 0x0, 0xb,
    0xff, 0xff, 0x80, 0x0, 0x0, 0x0, 0x0, 0x5f,
    0xff, 0xf2, 0x0, 0x0, 0x0, 0x0, 0x5f, 0xff,
    0xff, 0xe2, 0x0, 0x0, 0x0, 0x5f, 0xff, 0x8b,
    0xff, 0xe3, 0x0, 0x0, 0x6f, 0xff, 0x70, 0xa,
    0xff, 0xe3, 0x0, 0x6f, 0xff, 0x60, 0x0, 0xa,
    0xff, 0xf3, 0xf, 0xff, 0x60, 0x0, 0x0, 0x9,
    0xff, 0xb0, 0x9e, 0x50, 0x0, 0x0, 0x0, 0x8,
    0xe6,

    /* U+274E "❎" */
    0xa, 0xee, 0xee, 0xee, 0xee, 0xee, 0xee, 0xa0,
    0x1f, 0xff, 0xff, 0xff, 0xff, 0xff, 0xff, 0xf1,
    0x1f, 0xf3, 0x6f, 0xff, 0xff, 0xf6, 0x2f, 0xf1,
    0x1f, 0xf1, 0x5, 0xff, 0xff, 0x50, 0x1f, 0xf1,
    0x1f, 0xfd, 0x20, 0x5f, 0xf5, 0x1, 0xdf, 0xf1,
    0x1f, 0xff, 0xe2, 0x5, 0x50, 0x1d, 0xff, 0xf1,
    0x1f, 0xff, 0xfe, 0x20, 0x1, 0xdf, 0xff, 0xf1,
    0x1f, 0xff, 0xff, 0x50, 0x4, 0xff, 0xff, 0xf1,
    0x1f, 0xff, 0xf5, 0x2, 0x30, 0x4f, 0xff, 0xf1,
    0x1f, 0xff, 0x50, 0x2e, 0xe3, 0x3, 0xff, 0xf1,
    0x1f, 0xf5, 0x2, 0xef, 0xff, 0x30, 0x3f, 0xf1,
    0x1f, 0xf0, 0x2e, 0xff, 0xff, 0xf4, 0xe, 0xf1,
    0x1f, 0xfe, 0xff, 0xff, 0xff, 0xff, 0xef, 0xf1,
    0xd, 0xff, 0xff, 0xff, 0xff, 0xff, 0xff, 0xd0,
    0x0, 0x11, 0x11, 0x11, 0x11, 0x11, 0x11, 0x0,

    /* U+2753 "❓" */
    0x0, 0x3a, 0xdc, 0xa2, 0x0, 0x5f, 0xfe, 0xff,
    0xf3, 0xe, 0xf7, 0x0, 0xaf, 0xb1, 0xba, 0x0,
    0x3, 0xfe, 0x0, 0x0, 0x0, 0x4f, 0xc0, 0x0,
    0x0, 0x1d, 0xf6, 0x0, 0x0, 0x1d, 0xf9, 0x0,
    0x0, 0xc, 0xf9, 0x0, 0x0, 0x2, 0xfd, 0x0,
    0x0, 0x0, 0x29, 0x60, 0x0, 0x0, 0x0, 0x0,
    0x0, 0x0, 0x0, 0x4c, 0x80, 0x0, 0x0, 0xc,
    0xff, 0x20, 0x0, 0x0, 0x8f, 0xd0, 0x0, 0x0,
    0x0, 0x20, 0x0, 0x0,

    /* U+2754 "❔" */
    0x0, 0x59, 0x88, 0x93, 0x0, 0x75, 0x27, 0x71,
    0x75, 0x8, 0x29, 0x11, 0x91, 0x92, 0xaa, 0x0,
    0x3, 0x49, 0x0, 0x0, 0x0, 0x53, 0x80, 0x0,
    0x0, 0x28, 0x27, 0x0, 0x0, 0x39, 0x19, 0x0,
    0x0, 0xa, 0x18, 0x0, 0x0, 0x4, 0x46, 0x0,
    0x0, 0x0, 0x49, 0x80, 0x0, 0x0, 0x0, 0x0,
    0x0, 0x0, 0x0, 0x58, 0x80, 0x0, 0x0, 0x8,
    0x2, 0x60, 0x0, 0x0, 0x91, 0x64, 0x0, 0x0,
    0x1, 0x74, 0x0, 0x0,

    /* U+2755 "❕" */
    0x59, 0xb1, 0x62, 0x71, 0x52, 0x80, 0x53, 0x80,
    0x53, 0x80, 0x43, 0x80, 0x44, 0x80, 0x34, 0x80,
    0x35, 0x80, 0x29, 0x80, 0x0, 0x0, 0x39, 0x80,
    0x80, 0x25, 0x72, 0x63, 0x6, 0x40,

    /* U+2757 "❗" */
    0x4f, 0xf1, 0x4f, 0xf0, 0x4f, 0xf0, 0x3f, 0xf0,
    0x3f, 0xf0, 0x3f, 0xf0, 0x2f, 0xe0, 0x2f, 0xe0,
    0x1f, 0xe0, 0x8, 0x70, 0x0, 0x0, 0x2b, 0xa0,
    0x9f, 0xf5, 0x5f, 0xf2, 0x2, 0x10,

    /* U+2763 "❣" */
    0x6, 0x98, 0x80, 0x18, 0x89, 0x40, 0x55, 0x0,
    0x2a, 0x91, 0x0, 0x82, 0x80, 0x0, 0x3, 0x20,
    0x0, 0x8, 0x80, 0x0, 0x0, 0x0, 0x0, 0x8,
    0x80, 0x0, 0x0, 0x0, 0x0, 0x35, 0x27, 0x0,
    0x0, 0x0, 0x0, 0x90, 0x7, 0x30, 0x0, 0x0,
    0x6, 0x40, 0x0, 0x92, 0x0, 0x0, 0x56, 0x0,
    0x0, 0x9, 0x30, 0x5, 0x60, 0x0, 0x0, 0x0,
    0x84, 0x76, 0x0, 0x0, 0x0, 0x0, 0x6, 0x30,
    0x0, 0x0, 0x0, 0x0, 0x7, 0x70, 0x0, 0x0,
    0x0, 0x0, 0x71, 0x26, 0x0, 0x0, 0x0, 0x0,
    0x63, 0x45, 0x0, 0x0, 0x0, 0x0, 0x6, 0x50,
    0x0, 0x0,

    /* U+2764 "❤" */
    0x1, 0x88, 0xd8, 0x0, 0x5, 0x9d, 0x97, 0x0,
    0x9, 0xa0, 0x89, 0x91, 0x7e, 0x8, 0xc, 0x80,
    0x72, 0x80, 0x88, 0x1e, 0x68, 0x8, 0x8, 0x53,
    0x80, 0x80, 0x88, 0xc, 0x8, 0x8, 0x8, 0x8,
    0x80, 0x80, 0x88, 0x8, 0x8, 0x8, 0x8, 0x8,
    0x80, 0x80, 0x88, 0x8, 0x8, 0x8, 0x8, 0x26,
    0x54, 0x80, 0x88, 0x8, 0x8, 0x8, 0x8, 0x71,
    0x9, 0x80, 0x88, 0x8, 0x8, 0x8, 0xa, 0x80,
    0x3, 0xa0, 0x88, 0x8, 0x8, 0x8, 0xd, 0x10,
    0x0, 0x64, 0x88, 0x8, 0x8, 0x8, 0x73, 0x0,
    0x0, 0x7, 0xa8, 0x8, 0x8, 0xd, 0x40, 0x0,
    0x0, 0x0, 0x6d, 0x8, 0x8, 0x74, 0x0, 0x0,
    0x0, 0x0, 0x9, 0x78, 0xc, 0x30, 0x0, 0x0,
    0x0, 0x0, 0x0, 0x3f, 0x91, 0x0, 0x0, 0x0,
    0x0, 0x0, 0x0, 0x1, 0x0, 0x0, 0x0, 0x0,

    /* U+2795 "➕" */
    0x0, 0x0, 0x8, 0x88, 0x10, 0x0, 0x0, 0x0,
    0x0, 0xf, 0xff, 0x30, 0x0, 0x0, 0x0, 0x0,
    0xf, 0xff, 0x30, 0x0, 0x0, 0x0, 0x0, 0xf,
    0xff, 0x30, 0x0, 0x0, 0x0, 0x0, 0xf, 0xff,
    0x30, 0x0, 0x0, 0x45, 0x55, 0x5f, 0xff, 0x75,
    0x55, 0x50, 0xcf, 0xff, 0xff, 0xff, 0xff, 0xff,
    0xf1, 0xcf, 0xff, 0xff, 0xff, 0xff, 0xff, 0xf1,
    0x9c, 0xcc, 0xcf, 0xff, 0xdc, 0xcc, 0xc1, 0x0,
    0x0, 0xf, 0xff, 0x30, 0x0, 0x0, 0x0, 0x0,
    0xf, 0xff, 0x30, 0x0, 0x0, 0x0, 0x0, 0xf,
    0xff, 0x30, 0x0, 0x0, 0x0, 0x0, 0xf, 0xff,
    0x30, 0x0, 0x0, 0x0, 0x0, 0xe, 0xff, 0x30,
    0x0, 0x0,

    /* U+2796 "➖" */
    0x57, 0x77, 0x77, 0x77, 0x77, 0x77, 0x70, 0xcf,
    0xff, 0xff, 0xff, 0xff, 0xff, 0xf1, 0xcf, 0xff,
    0xff, 0xff, 0xff, 0xff, 0xf1, 0xbf, 0xff, 0xff,
    0xff, 0xff, 0xff, 0xf1,

    /* U+2797 "➗" */
    0x0, 0x0, 0x7, 0xda, 0x0, 0x0, 0x0, 0x0,
    0x0, 0x4f, 0xff, 0x90, 0x0, 0x0, 0x0, 0x0,
    0x5f, 0xff, 0xb0, 0x0, 0x0, 0x0, 0x0, 0xc,
    0xff, 0x30, 0x0, 0x0, 0x0, 0x0, 0x0, 0x31,
    0x0, 0x0, 0x0, 0x57, 0x77, 0x77, 0x77, 0x77,
    0x77, 0x70, 0xcf, 0xff, 0xff, 0xff, 0xff, 0xff,
    0xf1, 0xcf, 0xff, 0xff, 0xff, 0xff, 0xff, 0xf1,
    0xbf, 0xff, 0xff, 0xff, 0xff, 0xff, 0xf1, 0x0,
    0x0, 0x0, 0x0, 0x0, 0x0, 0x0, 0x0, 0x0,
    0x6, 0xda, 0x0, 0x0, 0x0, 0x0, 0x0, 0x3f,
    0xff, 0x90, 0x0, 0x0, 0x0, 0x0, 0x5f, 0xff,
    0xb0, 0x0, 0x0, 0x0, 0x0, 0xd, 0xff, 0x30,
    0x0, 0x0, 0x0, 0x0, 0x0, 0x41, 0x0, 0x0,
    0x0,

    /* U+27A1 "➡" */
    0xd, 0xff, 0xff, 0xff, 0xff, 0xff, 0xff, 0xa3,
    0xff, 0xff, 0xff, 0xff, 0xff, 0xff, 0xff, 0x3f,
    0xff, 0xff, 0xff, 0xff, 0xff, 0xff, 0xf3, 0xff,
    0xff, 0xff, 0xff, 0xff, 0xff, 0xff, 0x3f, 0xff,
    0xff, 0xff, 0xfc, 0xef, 0xff, 0xf3, 0xff, 0xff,
    0xff, 0xff, 0xa2, 0xdf, 0xff, 0x3f, 0xf8, 0x55,
    0x55, 0x53, 0x1, 0xdf, 0xf3, 0xff, 0x40, 0x0,
    0x0, 0x0, 0x9, 0xff, 0x3f, 0xff, 0xff, 0xff,
    0xf9, 0x9, 0xff, 0xf3, 0xff, 0xff, 0xff, 0xff,
    0xaa, 0xff, 0xff, 0x3f, 0xff, 0xff, 0xff, 0xff,
    0xff, 0xff, 0xf3, 0xff, 0xff, 0xff, 0xff, 0xff,
    0xff, 0xff, 0x3f, 0xff, 0xff, 0xff, 0xff, 0xff,
    0xff, 0xf2, 0xff, 0xff, 0xff, 0xff, 0xff, 0xff,
    0xfe, 0x3, 0x55, 0x55, 0x55, 0x55, 0x55, 0x55,
    0x20,

    /* U+27B0 "➰" */
    0x4a, 0xcd, 0xb8, 0x46, 0xac, 0xdb, 0x80, 0x8f,
    0xff, 0xff, 0xff, 0xff, 0xff, 0xf1, 0x22, 0x0,
    0xcf, 0xdf, 0xf5, 0x0, 0x40, 0x0, 0x8, 0xf9,
    0x2, 0xef, 0x10, 0x0, 0x0, 0xe, 0xe0, 0x0,
    0x6f, 0x80, 0x0, 0x0, 0x2f, 0xb0, 0x0, 0x2f,
    0xb0, 0x0, 0x0, 0x2f, 0xb0, 0x0, 0x2f, 0xb0,
    0x0, 0x0, 0xe, 0xf2, 0x0, 0x9f, 0x70, 0x0,
    0x0, 0x5, 0xff, 0xac, 0xfe, 0x10, 0x0, 0x0,
    0x0, 0x5e, 0xff, 0xb2, 0x0, 0x0, 0x0, 0x0,
    0x0, 0x10, 0x0, 0x0, 0x0,

    /* U+27BF "➿" */
    0x9, 0x62, 0x1, 0x7a, 0xcc, 0xa5, 0x0, 0x37,
    0x70, 0xef, 0xfd, 0xff, 0xec, 0xdf, 0xfe, 0xef,
    0xfb, 0x0, 0x1e, 0xff, 0x90, 0x0, 0xc, 0xff,
    0xc0, 0x0, 0xa, 0xf4, 0x6f, 0x60, 0xa, 0xf3,
    0x7f, 0x60, 0x2, 0xf8, 0x0, 0xae, 0x2, 0xf7,
    0x0, 0xbe, 0x0, 0x7f, 0x20, 0x5, 0xf3, 0x6f,
    0x10, 0x5, 0xf3, 0x8, 0xf0, 0x0, 0x4f, 0x48,
    0xf0, 0x0, 0x4f, 0x50, 0x6f, 0x20, 0x6, 0xf3,
    0x6f, 0x30, 0x6, 0xf3, 0x1, 0xfc, 0x34, 0xed,
    0x1, 0xfc, 0x34, 0xed, 0x0, 0x5, 0xff, 0xfe,
    0x20, 0x5, 0xff, 0xfe, 0x20, 0x0, 0x1, 0x54,
    0x0, 0x0, 0x1, 0x54, 0x0, 0x0,

    /* U+1F32D "🌭" */
    0x1, 0x74, 0x0, 0x0, 0x0, 0x0, 0x0, 0x0,
    0xb, 0xef, 0xc9, 0x30, 0x0, 0x0, 0x0, 0x0,
    0xc, 0xd6, 0x92, 0x83, 0x0, 0x0, 0x0, 0x0,
    0x4c, 0xff, 0x7b, 0x8, 0x20, 0x0, 0x0, 0x0,
    0x90, 0x1f, 0xad, 0x70, 0x93, 0x0, 0x0, 0x0,
    0x80, 0x6, 0xf7, 0xf6, 0x7, 0x70, 0x0, 0x0,
    0x80, 0x0, 0xef, 0x76, 0x70, 0x28, 0x70, 0x0,
    0x81, 0x0, 0xf, 0xff, 0x6d, 0x60, 0x29, 0x20,
    0x18, 0x0, 0x0, 0xff, 0xb8, 0x99, 0x95, 0x90,
    0x7, 0x30, 0x0, 0x4, 0xff, 0xfb, 0x7f, 0xf2,
    0x0, 0x92, 0x0, 0x0, 0x2, 0xef, 0xdf, 0xf6,
    0x0, 0x8, 0x50, 0x0, 0x0, 0x2, 0xff, 0xe2,
    0x0, 0x0, 0x59, 0x30, 0x0, 0x1, 0x92, 0x0,
    0x0, 0x0, 0x0, 0x58, 0x88, 0x88, 0x10, 0x0,

    /* U+1F32E "🌮" */
    0x0, 0x0, 0x0, 0x4, 0x66, 0x30, 0x0, 0x0,
    0x0, 0x0, 0x0, 0x7, 0x73, 0x11, 0x4a, 0x77,
    0x40, 0x0, 0x0, 0x1, 0x81, 0x0, 0x8e, 0xb5,
    0x0, 0x39, 0x0, 0x0, 0x9, 0x6, 0xbb, 0x8f,
    0x40, 0x0, 0x1, 0x80, 0x0, 0x72, 0x5f, 0x4a,
    0xfb, 0x0, 0x0, 0x0, 0x80, 0x1, 0x70, 0xcf,
    0x6d, 0xf0, 0x0, 0x0, 0x0, 0x80, 0x7, 0x18,
    0xb4, 0xff, 0xb2, 0x0, 0x0, 0x0, 0x90, 0x8,
    0xf, 0x23, 0xff, 0x11, 0x2, 0x0, 0x1a, 0x20,
    0x8, 0xf, 0x39, 0xfe, 0x0, 0x0, 0x7, 0x91,
    0x0, 0x8, 0xf, 0xff, 0xf2, 0x2, 0x6, 0x92,
    0x0, 0x0, 0x8, 0xf, 0x3e, 0xf2, 0x12, 0xa4,
    0x0, 0x0, 0x0, 0x9, 0xf, 0x5f, 0x30, 0x69,
    0x0, 0x0, 0x0, 0x0, 0x5, 0x5e, 0xfc, 0x3a,
    0x60, 0x0, 0x0, 0x0, 0x0, 0x0, 0x5b, 0xf9,
    0x60, 0x0, 0x0, 0x0, 0x0, 0x0,

    /* U+1F32F "🌯" */
    0x0, 0x58, 0x88, 0x70, 0x0, 0x0, 0x0, 0x9,
    0x30, 0x44, 0x97, 0x0, 0x0, 0x0, 0x72, 0xd,
    0xff, 0xfb, 0x40, 0x0, 0x0, 0x81, 0xda, 0x9d,
    0xf3, 0xa1, 0x0, 0x0, 0x95, 0xfb, 0xd9, 0xf2,
    0x1a, 0x0, 0x0, 0xa3, 0xca, 0x7f, 0xf4, 0x4,
    0xa0, 0x0, 0x76, 0xff, 0xff, 0xfb, 0x4, 0xb4,
    0x0, 0x9, 0xf9, 0x54, 0x79, 0x7a, 0x9, 0x20,
    0x0, 0x85, 0x0, 0x1, 0xc4, 0x0, 0xa0, 0x0,
    0x6, 0x75, 0x98, 0xa0, 0x0, 0x28, 0x0, 0x0,
    0x5f, 0xc0, 0x2a, 0x0, 0x8, 0x0, 0x0, 0x4,
    0xf9, 0x5, 0x50, 0x8, 0x0, 0x0, 0x0, 0x2f,
    0x70, 0x65, 0x36, 0x0, 0x0, 0x0, 0x1, 0xf7,
    0x1b, 0x90, 0x0, 0x0, 0x0, 0x0, 0x9, 0x73,
    0x0,

    /* U+1F330 "🌰" */
    0x0, 0x0, 0x0, 0x7, 0x60, 0x0, 0x0, 0x0,
    0x0, 0x0, 0x0, 0x84, 0x48, 0x0, 0x0, 0x0,
    0x0, 0x0, 0x4d, 0x50, 0x5, 0xd3, 0x0, 0x0,
    0x0, 0x9, 0xff, 0xfe, 0xef, 0xff, 0x80, 0x0,
    0x0, 0xcf, 0x6e, 0xff, 0xff, 0xff, 0xcc, 0x0,
    0xb, 0xf8, 0xdf, 0xff, 0xff, 0xff, 0x8c, 0xa0,
    0x4f, 0xf7, 0xff, 0xff, 0xff, 0xe8, 0xf6, 0xf3,
    0x9f, 0xbb, 0xff, 0xff, 0xff, 0xf6, 0xf7, 0xf9,
    0xbf, 0x9d, 0xff, 0xff, 0xff, 0xf7, 0xf9, 0xdb,
    0xaf, 0xac, 0xff, 0xff, 0xff, 0xf7, 0xf7, 0xea,
    0x6f, 0xd9, 0xff, 0xff, 0xff, 0xe8, 0xf6, 0xf5,
    0xd, 0xfb, 0xfe, 0xcf, 0xfc, 0xde, 0xd8, 0xc0,
    0x2, 0xde, 0x40, 0x0, 0x0, 0x4, 0xed, 0x10,
    0x0, 0x8, 0xa5, 0x20, 0x2, 0x5a, 0x80, 0x0,
    0x0, 0x0, 0x4, 0x68, 0x86, 0x30, 0x0, 0x0,

    /* U+1F331 "🌱" */
    0x0, 0x0, 0x0, 0x0, 0x0, 0x5, 0x88, 0x88,
    0x0, 0x0, 0x0, 0x0, 0x1, 0x94, 0x0, 0x8,
    0x1, 0x68, 0x87, 0x10, 0x9, 0x16, 0x70, 0x25,
    0x78, 0x20, 0x1, 0x76, 0x62, 0x74, 0x0, 0x70,
    0x63, 0x6, 0x98, 0x24, 0x81, 0x50, 0x1, 0x60,
    0x9, 0x10, 0x1, 0x80, 0x0, 0x0, 0x17, 0x0,
    0x0, 0x95, 0x0, 0x0, 0x0, 0x15, 0x50, 0x0,
    0x0, 0x4, 0x88, 0x87, 0x59, 0x30, 0x0, 0x0,
    0x0, 0x0, 0x0, 0x0, 0x87, 0x20, 0x0, 0x0,
    0x0, 0x0, 0x0, 0x0, 0x83, 0x50, 0x0, 0x0,
    0x0, 0x0, 0x0, 0x0, 0x81, 0x70, 0x0, 0x0,
    0x0, 0x0, 0x0, 0x0, 0x80, 0x80, 0x0, 0x0,
    0x0, 0x0, 0x0, 0x4, 0x40, 0x80, 0x0, 0x0,
    0x0, 0x0, 0x0, 0x9, 0x16, 0x40, 0x0, 0x0,
    0x0, 0x0, 0x0, 0x2, 0x74, 0x0, 0x0, 0x0,

    /* U+1F332 "🌲" */
    0x0, 0x0, 0x0, 0x86, 0x0, 0x0, 0x0, 0x0,
    0x0, 0x7, 0x36, 0x30, 0x0, 0x0, 0x0, 0x0,
    0x46, 0x0, 0x83, 0x0, 0x0, 0x0, 0x5, 0x60,
    0x33, 0x36, 0x40, 0x0, 0x0, 0xa, 0x67, 0x2,
    0x67, 0x90, 0x0, 0x0, 0x6, 0xa5, 0x77, 0x5a,
    0x40, 0x0, 0x2, 0xa5, 0x10, 0x45, 0x23, 0x79,
    0x10, 0x8, 0x20, 0x41, 0x0, 0x10, 0x2, 0x80,
    0x0, 0x9c, 0x89, 0x17, 0x88, 0xd7, 0x10, 0x5,
    0x90, 0x2, 0x73, 0x0, 0x39, 0x20, 0x75, 0x4,
    0x22, 0x0, 0x41, 0x0, 0x83, 0x28, 0x85, 0x14,
    0x2, 0x30, 0x78, 0x70, 0x0, 0x6, 0x85, 0xff,
    0x58, 0x40, 0x0, 0x0, 0x0, 0x1, 0xfd, 0x0,
    0x0, 0x0, 0x0, 0x0, 0x0, 0x33, 0x0, 0x0,
    0x0,

    /* U+1F333 "🌳" */
    0x0, 0x0, 0x48, 0x98, 0x81, 0x0, 0x0, 0x0,
    0x76, 0x0, 0x0, 0x84, 0x0, 0x0, 0x48, 0x0,
    0x0, 0x0, 0x91, 0x0, 0x85, 0x80, 0x0, 0x0,
    0x1, 0x91, 0x54, 0x0, 0x0, 0x0, 0x0, 0x0,
    0x98, 0x0, 0x0, 0x0, 0x0, 0x26, 0x9, 0x53,
    0x1, 0x40, 0x0, 0x29, 0x0, 0xd0, 0xc4, 0x1b,
    0xfe, 0xcf, 0xa7, 0xcb, 0x9, 0xff, 0xe5, 0xf1,
    0xff, 0xff, 0x30, 0x1c, 0xff, 0xa3, 0x2d, 0xfa,
    0x20, 0x0, 0x6, 0x9b, 0x21, 0x47, 0x0, 0x0,
    0x0, 0x0, 0x62, 0xa, 0x0, 0x0, 0x0, 0x0,
    0x7, 0x10, 0x80, 0x0, 0x0, 0x0, 0x0, 0x81,
    0x18, 0x0, 0x0, 0x0, 0x0, 0x1, 0x77, 0x10,
    0x0, 0x0,

    /* U+1F334 "🌴" */
    0x0, 0x0, 0x1, 0x8b, 0x0, 0x0, 0x0, 0x0,
    0x0, 0x91, 0x81, 0x78, 0x20, 0x0, 0x0, 0x8,
    0xa, 0x81, 0xa, 0x10, 0x29, 0x99, 0x80, 0x10,
    0x7, 0x60, 0xa, 0x0, 0x0, 0x20, 0x7, 0xa2,
    0x1, 0xa8, 0xa2, 0x17, 0xb1, 0x1, 0x64, 0x0,
    0x85, 0x1, 0x6f, 0xb4, 0x0, 0x80, 0x37, 0x5,
    0x4, 0xa8, 0xca, 0xab, 0x6, 0x28, 0x90, 0x9d,
    0x69, 0x0, 0x40, 0x5a, 0x48, 0x36, 0x69, 0xb1,
    0x0, 0x0, 0x10, 0xa9, 0x4, 0xbb, 0x40, 0x0,
    0x0, 0x2, 0x40, 0x55, 0x26, 0x0, 0x0, 0x0,
    0x0, 0x8, 0x98, 0x80, 0x0, 0x0, 0x0, 0x0,
    0x90, 0x18, 0x0, 0x0, 0x0, 0x0, 0x3, 0x87,
    0x20, 0x0,

    /* U+1F335 "🌵" */
    0x0, 0x0, 0x0, 0x0, 0x0, 0x0, 0x0, 0x0,
    0x0, 0x0, 0x9f, 0x0, 0x0, 0x0, 0x0, 0x0,
    0x8, 0xba, 0xb2, 0x0, 0x0, 0x0, 0x0, 0x3a,
    0x87, 0x92, 0x12, 0x0, 0x0, 0x83, 0x18, 0x97,
    0x81, 0xcd, 0x10, 0x6, 0xca, 0x8, 0xd8, 0x84,
    0x56, 0xc0, 0x1d, 0x66, 0x28, 0x97, 0x84, 0x46,
    0x90, 0x9, 0xb6, 0x27, 0x97, 0x83, 0x56, 0xa0,
    0x1d, 0x66, 0x3d, 0x88, 0x68, 0x55, 0xa0, 0x8,
    0x55, 0xa9, 0x88, 0x77, 0x69, 0x0, 0x3, 0xa7,
    0x65, 0x97, 0x78, 0x99, 0x0, 0x0, 0x69, 0x56,
    0xc7, 0x92, 0x0, 0x0, 0x0, 0x1, 0x7b, 0x87,
    0x91, 0x0, 0x0, 0x0, 0x0, 0x1c, 0x97, 0xc2,
    0x0, 0x0, 0x0, 0x0, 0x3, 0xfc, 0x70, 0x0,
    0x0, 0x0, 0x0, 0x0, 0x23, 0x0, 0x0, 0x0,

    /* U+1F336 "🌶" */
    0x0, 0x0, 0x0, 0x0, 0x0, 0x1, 0xc6, 0x0,
    0x0, 0x0, 0x0, 0x0, 0x0, 0x0, 0xd, 0x0,
    0x0, 0x0, 0x0, 0x0, 0x0, 0x0, 0x5b, 0x0,
    0x0, 0x0, 0x0, 0x0, 0xb, 0xdd, 0xfa, 0x0,
    0x0, 0x0, 0x0, 0x0, 0x37, 0xdd, 0xff, 0x60,
    0x0, 0x0, 0x0, 0x0, 0x80, 0x0, 0x8c, 0xe2,
    0x0, 0x0, 0x0, 0x0, 0x80, 0x30, 0x0, 0xb4,
    0x0, 0x0, 0x0, 0x3, 0x54, 0x40, 0x0, 0x80,
    0x28, 0x0, 0x0, 0x8, 0x8, 0x0, 0x0, 0x90,
    0x82, 0x90, 0x0, 0x46, 0x5, 0x0, 0x4, 0x40,
    0x80, 0x39, 0x88, 0x60, 0x0, 0x0, 0x9, 0x0,
    0x45, 0x0, 0x0, 0x0, 0x0, 0x0, 0x91, 0x0,
    0x9, 0x20, 0x0, 0x0, 0x0, 0x29, 0x20, 0x0,
    0x0, 0x78, 0x30, 0x1, 0x59, 0x70, 0x0, 0x0,
    0x0, 0x1, 0x57, 0x86, 0x30, 0x0, 0x0, 0x0,

    /* U+1F337 "🌷" */
    0x0, 0x0, 0x0, 0x0, 0x0, 0x0, 0x0, 0x7,
    0x59, 0x9a, 0x93, 0x0, 0x0, 0x72, 0x86, 0x63,
    0x9, 0x0, 0x0, 0x80, 0x8, 0xa0, 0x6, 0x10,
    0x0, 0x80, 0x0, 0x90, 0x2, 0x50, 0x0, 0x80,
    0x0, 0x72, 0x1, 0x70, 0x0, 0x90, 0x0, 0x14,
    0x1, 0x70, 0x0, 0x71, 0x0, 0x0, 0x4, 0x40,
    0x0, 0x9, 0x0, 0x0, 0xa, 0x0, 0x8, 0x62,
    0x95, 0x35, 0x93, 0x82, 0x9, 0x39, 0x63, 0xd3,
    0x48, 0x44, 0x6, 0x40, 0x4a, 0xa6, 0x60, 0x81,
    0x0, 0x84, 0x0, 0xf5, 0x2, 0x80, 0x0, 0x5,
    0x87, 0x50, 0x19, 0x0, 0x0, 0x0, 0xb, 0x4,
    0x91, 0x0, 0x0, 0x0, 0x5, 0x74, 0x0, 0x0,

    /* U+1F338 "🌸" */
    0x0, 0x0, 0x0, 0x75, 0x77, 0x0, 0x0, 0x0,
    0x0, 0x0, 0x8, 0x29, 0x63, 0x80, 0x0, 0x0,
    0x0, 0x0, 0x8, 0x1, 0x0, 0x90, 0x0, 0x0,
    0x4, 0x98, 0x98, 0x0, 0x0, 0x98, 0x89, 0x20,
    0x39, 0x0, 0x0, 0x0, 0x0, 0x0, 0x0, 0xa0,
    0x1c, 0x20, 0x0, 0x63, 0x45, 0x0, 0x4, 0xa0,
    0xa4, 0x0, 0x0, 0xaa, 0x98, 0x0, 0x1, 0x58,
    0x72, 0x0, 0x0, 0xa8, 0xaa, 0x0, 0x0, 0x63,
    0x9, 0x40, 0x1, 0x7a, 0xc7, 0x10, 0x6, 0x70,
    0x0, 0x85, 0x0, 0x6, 0x50, 0x0, 0x74, 0x0,
    0x0, 0x90, 0x0, 0x0, 0x0, 0x0, 0x17, 0x0,
    0x0, 0x80, 0x0, 0x0, 0x0, 0x0, 0x8, 0x0,
    0x0, 0x85, 0xc1, 0x4, 0x20, 0x2b, 0x65, 0x0,
    0x0, 0x6, 0x90, 0x47, 0x93, 0x19, 0x60, 0x0,
    0x0, 0x0, 0x47, 0x40, 0x5, 0x73, 0x0, 0x0,

    /* U+1F339 "🌹" */
    0x0, 0x78, 0x88, 0x98, 0x30, 0x1d, 0xc0, 0x0,
    0x63, 0xb2, 0x99, 0x76, 0xdf, 0x70, 0x98, 0x88,
    0x27, 0xf7, 0x18, 0x88, 0x73, 0x77, 0x1b, 0xa2,
    0x43, 0x8, 0x2, 0x9a, 0x0, 0x80, 0x8, 0x0,
    0x8, 0x30, 0x80, 0x8, 0x0, 0x0, 0x90, 0x80,
    0x9, 0x0, 0x0, 0x82, 0x60, 0x2, 0xa4, 0x10,
    0xa9, 0x0, 0x0, 0xde, 0xff, 0xf9, 0x0, 0x1,
    0xc9, 0xf7, 0xa9, 0x0, 0x4, 0x3a, 0xa3, 0x77,
    0x0, 0x0, 0x0, 0x85, 0x50, 0x0, 0x0, 0x0,
    0x37, 0x0, 0x0,

    /* U+1F33A "🌺" */
    0x0, 0x49, 0x99, 0x28, 0x88, 0x93, 0x0, 0x0,
    0x0, 0x76, 0xc4, 0xe1, 0x0, 0x8, 0x30, 0x0,
    0x0, 0x76, 0xe9, 0x50, 0x42, 0x0, 0x90, 0x0,
    0x0, 0xa9, 0xb9, 0xd0, 0x89, 0x50, 0x80, 0x0,
    0x2, 0x50, 0x0, 0x76, 0x6a, 0x20, 0x56, 0x0,
    0x6, 0xa0, 0x0, 0xe, 0x0, 0x12, 0x2, 0x50,
    0x36, 0x2, 0x87, 0x9, 0x38, 0xe5, 0x0, 0x62,
    0x43, 0x0, 0x8d, 0x0, 0x2, 0xa4, 0x0, 0x18,
    0x80, 0x0, 0x52, 0x7, 0x60, 0x30, 0x0, 0x54,
    0x55, 0x0, 0x0, 0xa, 0x93, 0x0, 0x7, 0x70,
    0x6, 0x61, 0xc2, 0x1, 0x20, 0x1d, 0xff, 0x40,
    0x0, 0xff, 0xe2, 0x0, 0x0, 0xf, 0x8e, 0xb0,
    0x4, 0xf8, 0xfc, 0x10, 0x0, 0x8f, 0xff, 0xc0,
    0x6, 0xff, 0xff, 0xc3, 0x2c, 0x75, 0x79, 0xd1,
    0x5, 0x73, 0x60, 0x6, 0x61, 0x0, 0x0, 0x0,

    /* U+1F33B "🌻" */
    0x0, 0x0, 0x0, 0x0, 0x0, 0x0, 0x0, 0x0,
    0x9, 0x80, 0x10, 0x0, 0x0, 0x78, 0xb1, 0x4a,
    0x86, 0x0, 0x5, 0xb0, 0x27, 0x62, 0xb, 0x40,
    0x37, 0x4, 0x91, 0x29, 0x30, 0x82, 0xa, 0x9,
    0x4e, 0xd2, 0xa0, 0xa0, 0x83, 0x17, 0xbf, 0xf7,
    0x80, 0x47, 0x48, 0x8, 0x7f, 0xf3, 0x90, 0x93,
    0x9, 0x8, 0x43, 0x26, 0x70, 0x90, 0x1a, 0x90,
    0x68, 0x85, 0x9, 0xa0, 0x0, 0x84, 0x80, 0x18,
    0x57, 0x0, 0x0, 0x13, 0x2a, 0xa0, 0x31, 0x0,
    0x0, 0x79, 0x98, 0x79, 0x82, 0x0, 0x0, 0x56,
    0x3f, 0xc0, 0x57, 0x0, 0x0, 0x3, 0x6c, 0x47,
    0x40, 0x0, 0x0, 0x0, 0x1, 0x0, 0x0, 0x0,

    /* U+1F33C "🌼" */
    0x0, 0x0, 0x0, 0x0, 0x0, 0x0, 0x0, 0x0,
    0x0, 0x1, 0x7a, 0x93, 0x69, 0x95, 0x0, 0x0,
    0x0, 0x7, 0x21, 0xa, 0x80, 0x19, 0x0, 0x0,
    0x0, 0x7, 0x15, 0x2, 0x2, 0x38, 0x0, 0x0,
    0x8, 0x99, 0x35, 0x21, 0x8, 0x7, 0x99, 0x50,
    0x9, 0x0, 0x3, 0x9a, 0x86, 0x20, 0x0, 0x90,
    0x72, 0x27, 0x47, 0x94, 0x6d, 0x25, 0x60, 0x72,
    0x38, 0x0, 0x4c, 0x52, 0x13, 0xb2, 0x2, 0xa0,
    0x9, 0x50, 0x4c, 0x43, 0x1, 0xc2, 0x9, 0x70,
    0x72, 0x16, 0x8a, 0x57, 0x9, 0x88, 0x50, 0x72,
    0x38, 0x10, 0x6, 0xaa, 0xb9, 0x40, 0x11, 0xa0,
    0x9, 0x2, 0x12, 0x64, 0x18, 0x3, 0x11, 0x80,
    0x3, 0x8b, 0x27, 0x0, 0x5, 0x18, 0x87, 0x10,
    0x0, 0x8, 0x1, 0x7, 0x30, 0x18, 0x0, 0x0,
    0x0, 0x4, 0x97, 0x47, 0x92, 0x89, 0x0, 0x0,
    0x0, 0x0, 0x4, 0x50, 0x7, 0x20, 0x0, 0x0,

    /* U+1F33D "🌽" */
    0x0, 0x0, 0x39, 0xa4, 0x72, 0x89, 0x92, 0x0,
    0x0, 0x2, 0x92, 0xc8, 0x90, 0x12, 0x60, 0x0,
    0x0, 0x9, 0x4, 0x92, 0x20, 0x16, 0x0, 0x0,
    0x6, 0x44, 0xb0, 0x1c, 0x4, 0x50, 0x0, 0x3,
    0x74, 0x50, 0x5c, 0x20, 0xa0, 0x0, 0x1, 0x92,
    0xa1, 0xa, 0x83, 0xac, 0xe5, 0x0, 0x91, 0x80,
    0xe, 0x79, 0x72, 0x92, 0x0, 0x27, 0x58, 0x17,
    0xfb, 0x10, 0x69, 0x70, 0x7, 0x18, 0x8, 0xf7,
    0x0, 0x6, 0x9a, 0x0, 0x80, 0x80, 0xd4, 0x0,
    0x9, 0x41, 0x40, 0x8, 0x9, 0xa2, 0x0, 0x1a,
    0x20, 0x0, 0x0, 0x81, 0x31, 0x0, 0x2a, 0x10,
    0x0, 0x0, 0x56, 0x3, 0x12, 0x78, 0x0, 0x0,
    0x0, 0x3, 0x77, 0x68, 0x62, 0x0, 0x0, 0x0,
    0x0, 0x3, 0x50, 0x0, 0x0, 0x0, 0x0, 0x0,
    0x0,

    /* U+1F33E "🌾" */
    0x0, 0x0, 0x0, 0x0, 0x29, 0xb0, 0x0, 0x0,
    0x0, 0x0, 0x0, 0x0, 0x39, 0x92, 0x0, 0x0,
    0x0, 0x4, 0x30, 0x0, 0x18, 0x73, 0x26, 0x96,
    0xa6, 0x50, 0xc6, 0x91, 0x8, 0x28, 0xa9, 0x87,
    0xa7, 0x71, 0x2, 0xa1, 0x91, 0x86, 0x1f, 0x99,
    0x71, 0x17, 0x0, 0x4, 0x54, 0x94, 0x88, 0x43,
    0x51, 0x0, 0x0, 0x0, 0x9, 0xf, 0x3c, 0x90,
    0x4d, 0xba, 0x0, 0x0, 0x0, 0x53, 0x76, 0xd7,
    0x96, 0x9c, 0xdb, 0x0, 0x0, 0x0, 0x90, 0x9e,
    0xb0, 0x6, 0x7c, 0x82, 0x0, 0x0, 0x7, 0x27,
    0xe9, 0x89, 0x91, 0x22, 0x40, 0x0, 0x0, 0x18,
    0x1f, 0x54, 0x84, 0x90, 0x0, 0x0, 0x0, 0x0,
    0x82, 0x30, 0x80, 0x7b, 0x0, 0x0, 0x0, 0x0,
    0x0, 0x90, 0x17, 0x0, 0x0, 0x0, 0x0, 0x0,
    0x0, 0x3, 0x82, 0x70, 0x0, 0x0, 0x0, 0x0,
    0x0, 0x0, 0x2, 0x71, 0x0, 0x0, 0x0, 0x0,

    /* U+1F33F "🌿" */
    0x0, 0x0, 0x0, 0x34, 0x0, 0x1, 0x88, 0x87,
    0x0, 0x0, 0x0, 0x98, 0x20, 0x39, 0x50, 0x16,
    0x0, 0x0, 0x6, 0x30, 0x80, 0x96, 0x20, 0x62,
    0x68, 0x83, 0x8, 0x60, 0x84, 0x40, 0x2, 0x80,
    0x80, 0x7, 0x56, 0x40, 0x87, 0x1, 0x69, 0x0,
    0x83, 0x30, 0x82, 0x84, 0x6c, 0x87, 0x20, 0x0,
    0x44, 0x60, 0x27, 0x3c, 0x91, 0x78, 0x99, 0x40,
    0x9, 0x34, 0x8, 0xc, 0x69, 0x26, 0x40, 0xa1,
    0x2, 0x92, 0x9, 0xf, 0xa9, 0x42, 0x48, 0x30,
    0x0, 0x17, 0x8b, 0x54, 0x3, 0x9b, 0x60, 0x0,
    0x0, 0x0, 0x8, 0x91, 0x95, 0x23, 0x69, 0x10,
    0x0, 0x0, 0xf, 0xbd, 0x13, 0x63, 0x2, 0xa0,
    0x0, 0x0, 0x37, 0x3, 0x81, 0x0, 0x19, 0x30,
    0x0, 0x17, 0x70, 0x0, 0x17, 0x88, 0x71, 0x0,
    0x0, 0x21, 0x0, 0x0, 0x0, 0x0, 0x0, 0x0,

    /* U+1F340 "🍀" */
    0x0, 0x0, 0x0, 0x0, 0x0, 0x0, 0x0, 0x68,
    0x80, 0x68, 0x91, 0x0, 0x7, 0x70, 0x29, 0x70,
    0x1a, 0x40, 0x82, 0x0, 0xa, 0x0, 0x0, 0x55,
    0x80, 0x0, 0x8, 0x0, 0x0, 0x8, 0x73, 0x0,
    0x5, 0x0, 0x0, 0x63, 0xa, 0xa8, 0x50, 0x18,
    0x9b, 0x40, 0x67, 0x10, 0x0, 0x0, 0x2, 0x82,
    0x80, 0x0, 0x9, 0x0, 0x0, 0x8, 0x75, 0x0,
    0xf, 0x20, 0x2, 0x74, 0x8, 0x10, 0x5e, 0x90,
    0x8, 0x10, 0x1, 0x99, 0x59, 0x29, 0x87, 0x0,
    0x0, 0x0, 0x8, 0x10, 0x0, 0x0, 0x0, 0x0,
    0x4, 0x60, 0x0, 0x0, 0x0, 0x0, 0x0, 0x93,
    0x0, 0x0, 0x0, 0x0, 0x0, 0x0, 0x0, 0x0,

    /* U+1F341 "🍁" */
    0x0, 0x0, 0x0, 0x0, 0x0, 0x0, 0x0, 0x0,
    0x0, 0x0, 0x97, 0x0, 0x0, 0x0, 0x0, 0x0,
    0xb, 0x58, 0x80, 0x0, 0x0, 0x0, 0x0, 0x96,
    0x20, 0x97, 0x0, 0x0, 0x0, 0x0, 0x92, 0x51,
    0x28, 0x0, 0x0, 0x78, 0x46, 0x90, 0x52, 0xa,
    0x65, 0x94, 0x72, 0x58, 0xc0, 0x52, 0x3b, 0x83,
    0x53, 0x27, 0x21, 0x10, 0x52, 0x10, 0x30, 0x90,
    0x4b, 0x7, 0x40, 0x52, 0x6, 0x51, 0xc2, 0x9,
    0x30, 0x47, 0x53, 0x82, 0x6, 0x70, 0x29, 0x62,
    0x79, 0xee, 0x87, 0x17, 0x80, 0x8, 0x73, 0x20,
    0xc5, 0x2, 0x47, 0x70, 0x0, 0x14, 0xa8, 0xb9,
    0x99, 0x40, 0x0, 0x0, 0x0, 0x0, 0x62, 0x0,
    0x0, 0x0, 0x0, 0x0, 0x0, 0x73, 0x0, 0x0,
    0x0, 0x0, 0x0, 0x0, 0x0, 0x0, 0x0, 0x0,

    /* U+1F342 "🍂" */
    0x0, 0x0, 0x0, 0x0, 0x50, 0x0, 0x0, 0x0,
    0x0, 0x0, 0x0, 0x4, 0x40, 0x0, 0x12, 0x0,
    0x0, 0x0, 0x5, 0x6c, 0x0, 0x2b, 0xc6, 0x80,
    0x0, 0x4, 0x93, 0x4c, 0x70, 0x8, 0x6f, 0x54,
    0x0, 0x18, 0x0, 0xd0, 0x54, 0x6, 0x53, 0x18,
    0x0, 0x92, 0x88, 0xf1, 0x9, 0x0, 0x6a, 0xaa,
    0x2, 0x60, 0x9, 0x48, 0x9, 0x0, 0x30, 0x1,
    0x5, 0x34, 0xaf, 0x3, 0x8, 0x1, 0xd3, 0x0,
    0x8, 0x4, 0x9a, 0x0, 0x28, 0x29, 0xa6, 0x70,
    0x8, 0x7, 0x53, 0x26, 0x93, 0x81, 0xe7, 0x90,
    0x81, 0x26, 0x4, 0x47, 0x0, 0x72, 0x44, 0x71,
    0x88, 0x88, 0x84, 0x50, 0x0, 0x1c, 0x3, 0x80,
    0x0, 0x0, 0x0, 0x0, 0x0, 0x8, 0x20, 0x71,
    0x0, 0x0, 0x0, 0x0, 0x0, 0x0, 0x96, 0x37,
    0x0, 0x0, 0x0, 0x0, 0x0, 0x0, 0x3, 0x75,

    /* U+1F343 "🍃" */
    0x0, 0x7, 0x80, 0x0, 0x0, 0x0, 0x92, 0x0,
    0x0, 0x0, 0x1, 0x60, 0x0, 0x0, 0x0, 0x0,
    0x84, 0x98, 0x96, 0x0, 0x0, 0xbd, 0x0, 0x3,
    0x80, 0x0, 0x83, 0x96, 0x21, 0xa0, 0x0, 0x80,
    0x3, 0x67, 0x30, 0x0, 0x10, 0x0, 0x0, 0x0,
    0x0, 0x7, 0x88, 0x88, 0xa3, 0x0, 0x91, 0x0,
    0x0, 0x44, 0x5, 0x30, 0x17, 0x60, 0x62, 0x8,
    0x17, 0x82, 0x0, 0xa0, 0x6e, 0xc2, 0x0, 0x6,
    0x40, 0x0, 0x94, 0x1, 0x76, 0x0, 0x0, 0x4,
    0x76, 0x10, 0x0,

    /* U+1F344 "🍄" */
    0x0, 0x2, 0x8b, 0x9b, 0xa4, 0x0, 0x0, 0x0,
    0x7a, 0xe0, 0x0, 0xcf, 0xc2, 0x0, 0x9, 0x56,
    0xf2, 0x1, 0xd2, 0xa, 0x20, 0x3f, 0xde, 0xff,
    0xef, 0xf0, 0x4, 0xb0, 0x99, 0x1, 0xff, 0x86,
    0xda, 0x17, 0xf2, 0xb2, 0x0, 0xe8, 0x0, 0x1f,
    0xfd, 0xf4, 0xa4, 0x3, 0xf5, 0x0, 0xf, 0xf3,
    0xd3, 0x4f, 0xcf, 0xfc, 0x10, 0x7f, 0xff, 0xc0,
    0x4, 0xcf, 0xff, 0xff, 0xff, 0xe8, 0x0, 0x0,
    0x3, 0x73, 0x43, 0x39, 0x0, 0x0, 0x0, 0x5,
    0x30, 0x0, 0x9, 0x0, 0x0, 0x0, 0x8, 0x0,
    0x0, 0x8, 0x0, 0x0, 0x0, 0x8, 0x0, 0x0,
    0x6, 0x10, 0x0, 0x0, 0x4, 0x82, 0x1, 0x49,
    0x0, 0x0, 0x0, 0x0, 0x16, 0x87, 0x40, 0x0,
    0x0,

    /* U+1F345 "🍅" */
    0x0, 0x0, 0x0, 0x4, 0x40, 0x0, 0x0, 0x0,
    0x0, 0x0, 0x21, 0xa, 0x22, 0x10, 0x0, 0x0,
    0x0, 0x0, 0x3f, 0x7b, 0x7e, 0x30, 0x0, 0x0,
    0x0, 0x29, 0x8f, 0xff, 0xff, 0x79, 0x81, 0x0,
    0x3, 0x90, 0x8e, 0xff, 0xfe, 0x91, 0x1a, 0x10,
    0xa, 0x0, 0x1, 0x1a, 0xf2, 0x0, 0x1, 0x90,
    0x62, 0x21, 0x0, 0x0, 0x87, 0x0, 0x0, 0x63,
    0x80, 0x71, 0x0, 0x0, 0x0, 0x0, 0x0, 0x17,
    0x80, 0x71, 0x0, 0x0, 0x0, 0x0, 0x0, 0x8,
    0x80, 0x36, 0x0, 0x0, 0x0, 0x0, 0x0, 0x35,
    0x35, 0x4, 0x0, 0x0, 0x0, 0x0, 0x0, 0x80,
    0x8, 0x20, 0x0, 0x0, 0x0, 0x0, 0x4, 0x60,
    0x0, 0x84, 0x0, 0x0, 0x0, 0x0, 0x66, 0x0,
    0x0, 0x5, 0x85, 0x10, 0x2, 0x69, 0x30, 0x0,
    0x0, 0x0, 0x3, 0x67, 0x75, 0x20, 0x0, 0x0,

    /* U+1F346 "🍆" */
    0x9, 0x20, 0x0, 0x0, 0x0, 0x0, 0x0, 0x0,
    0xa, 0xb5, 0x10, 0x0, 0x0, 0x0, 0x0, 0x0,
    0x9, 0xff, 0xfa, 0x60, 0x0, 0x0, 0x0, 0x0,
    0x1f, 0xff, 0xdf, 0x80, 0x0, 0x0, 0x0, 0x0,
    0x2f, 0xef, 0x50, 0x93, 0x0, 0x0, 0x0, 0x0,
    0x4f, 0x29, 0x0, 0x8, 0x50, 0x0, 0x0, 0x0,
    0x38, 0x30, 0x0, 0x0, 0x59, 0x20, 0x0, 0x0,
    0x0, 0x90, 0x0, 0x0, 0x0, 0x79, 0x40, 0x0,
    0x0, 0x54, 0x0, 0x0, 0x0, 0x0, 0x5a, 0x30,
    0x0, 0x9, 0x20, 0x0, 0x0, 0x0, 0x0, 0x91,
    0x0, 0x0, 0x91, 0x0, 0x0, 0x0, 0x0, 0x17,
    0x0, 0x0, 0x9, 0x20, 0x0, 0x0, 0x0, 0x17,
    0x0, 0x0, 0x0, 0x76, 0x0, 0x0, 0x0, 0x72,
    0x0, 0x0, 0x0, 0x3, 0x96, 0x20, 0x28, 0x50,
    0x0, 0x0, 0x0, 0x0, 0x2, 0x68, 0x61, 0x0,

    /* U+1F347 "🍇" */
    0x0, 0x5d, 0x40, 0x0, 0x0, 0x0, 0x0, 0xc,
    0x0, 0x0, 0x0, 0x0, 0x0, 0x0, 0xb0, 0x0,
    0x3, 0x83, 0x0, 0x0, 0xa, 0x82, 0x58, 0x80,
    0x90, 0x0, 0x0, 0x86, 0xd5, 0x19, 0x6, 0x20,
    0x0, 0xc, 0xad, 0x0, 0x87, 0xf4, 0x0, 0x4,
    0x60, 0x8b, 0x2f, 0x40, 0x90, 0x0, 0x84, 0x3,
    0xff, 0xf3, 0x9, 0x20, 0x46, 0x99, 0xf3, 0x9,
    0x9b, 0x77, 0x27, 0x10, 0x3f, 0x60, 0x80, 0x55,
    0x8, 0x19, 0x8e, 0x43, 0xad, 0x3, 0xbd, 0x40,
    0x0, 0x44, 0xc, 0xf9, 0xf5, 0x29, 0x0, 0x0,
    0x78, 0xe0, 0x18, 0x0, 0x90, 0x0, 0x0, 0x6,
    0x42, 0xf5, 0x57, 0x0, 0x0, 0x0, 0x5, 0x71,
    0x44, 0x0,

    /* U+1F348 "🍈" */
    0x0, 0x0, 0x0, 0x0, 0x0, 0x0, 0x0, 0x0,
    0x4b, 0x99, 0xac, 0xb0, 0x0, 0x0, 0x0, 0x12,
    0xb3, 0x0, 0x0, 0x0, 0x0, 0x18, 0xaf, 0xd9,
    0x40, 0x0, 0x0, 0x7f, 0xc2, 0xa6, 0x8f, 0xf0,
    0x0, 0x6f, 0x38, 0x14, 0xa, 0x2a, 0xe0, 0xf,
    0x1a, 0x30, 0xa0, 0x1b, 0x1f, 0x45, 0xa2, 0xa0,
    0xa, 0x50, 0xa6, 0x3f, 0xa5, 0x69, 0x0, 0xc4,
    0x2, 0x80, 0xfc, 0x17, 0x50, 0xa, 0x60, 0xd,
    0xe, 0x85, 0xa2, 0x0, 0x98, 0x0, 0xb0, 0xb1,
    0xb7, 0x60, 0xa, 0x80, 0xb, 0x36, 0x7, 0x94,
    0x0, 0x8a, 0x0, 0xd9, 0x0, 0xd, 0xd0, 0x9,
    0xa0, 0x1f, 0x10, 0x0, 0x9, 0x96, 0xdf, 0x88,
    0x10, 0x0, 0x0, 0x0, 0x24, 0x30, 0x0, 0x0,

    /* U+1F349 "🍉" */
    0x0, 0x13, 0x0, 0x0, 0x0, 0x0, 0x0, 0x0,
    0x0, 0xb9, 0xd5, 0x0, 0x0, 0x0, 0x0, 0x0,
    0x4, 0x69, 0x5, 0xa6, 0x0, 0x0, 0x0, 0x0,
    0xa, 0x46, 0x0, 0x4, 0xa7, 0x10, 0x0, 0x0,
    0xb, 0x71, 0x44, 0x0, 0x3, 0xa8, 0x10, 0x0,
    0x2a, 0x80, 0x0, 0x0, 0x0, 0x2, 0x9b, 0x20,
    0x39, 0x80, 0x4, 0x21, 0x2, 0x40, 0x66, 0xf0,
    0x2b, 0x53, 0x0, 0x7, 0x0, 0x22, 0x88, 0xa1,
    0xe, 0x19, 0x0, 0x0, 0x0, 0x38, 0x5e, 0x91,
    0x9, 0x84, 0x81, 0x0, 0x28, 0x66, 0xcc, 0xc0,
    0x2, 0xf7, 0x27, 0x88, 0x63, 0xaf, 0xae, 0x80,
    0x0, 0x4f, 0xe9, 0x57, 0xb7, 0xba, 0x8d, 0x10,
    0x0, 0x3, 0xcd, 0xaf, 0x5d, 0xda, 0xa1, 0x0,
    0x0, 0x0, 0x3, 0x78, 0x88, 0x61, 0x0, 0x0,

    /* U+1F34A "🍊" */
    0x0, 0x0, 0x0, 0x0, 0x6, 0xcd, 0x60, 0x0,
    0x0, 0x0, 0x0, 0x9, 0xdf, 0xfd, 0x10, 0x0,
    0x0, 0x0, 0x1, 0x4a, 0xf9, 0x50, 0x0, 0x0,
    0x0, 0x3, 0x87, 0x36, 0xf3, 0x78, 0x30, 0x0,
    0x0, 0x66, 0x0, 0xa, 0xf1, 0x0, 0x65, 0x0,
    0x3, 0x70, 0x45, 0x0, 0x0, 0x0, 0x17, 0x30,
    0x9, 0x3, 0x70, 0x0, 0x0, 0x1, 0x40, 0x90,
    0x9, 0x8, 0x0, 0x0, 0x0, 0x0, 0x0, 0x90,
    0x8, 0x8, 0x0, 0x0, 0x0, 0x0, 0x51, 0x80,
    0x8, 0x0, 0x0, 0x0, 0x0, 0x0, 0x0, 0x80,
    0x9, 0x0, 0x0, 0x0, 0x0, 0x5, 0x10, 0x90,
    0x3, 0x60, 0x0, 0x0, 0x0, 0x0, 0x6, 0x30,
    0x0, 0x65, 0x0, 0x0, 0x43, 0x0, 0x66, 0x0,
    0x0, 0x4, 0x96, 0x20, 0x2, 0x69, 0x40, 0x0,
    0x0, 0x0, 0x2, 0x67, 0x76, 0x20, 0x0, 0x0,

    /* U+1F34B "🍋" */
    0x1, 0x0, 0x0, 0x0, 0x0, 0x0, 0x0, 0x0,
    0x8, 0x50, 0x0, 0x0, 0x0, 0x0, 0x0, 0x0,
    0x1, 0xda, 0x88, 0x88, 0x88, 0x72, 0x0, 0x0,
    0x0, 0x8f, 0x20, 0x0, 0x0, 0x5, 0x60, 0x0,
    0x3, 0xf1, 0x0, 0x3, 0x99, 0x30, 0x25, 0x0,
    0xd, 0xf1, 0x0, 0x0, 0x0, 0x60, 0x5, 0x0,
    0x4f, 0xf3, 0x0, 0x0, 0x0, 0x0, 0x0, 0x50,
    0x7f, 0xf4, 0x0, 0x0, 0x0, 0x0, 0x0, 0x50,
    0x6f, 0xf9, 0x0, 0x0, 0x0, 0x0, 0x0, 0x50,
    0x2f, 0xff, 0x0, 0x0, 0x0, 0x0, 0x0, 0x50,
    0xa, 0xfc, 0x60, 0x0, 0x0, 0x0, 0x0, 0x24,
    0x1, 0xb0, 0x56, 0x0, 0x0, 0x0, 0x0, 0x17,
    0x0, 0x0, 0x3, 0x85, 0x0, 0x0, 0x23, 0x91,
    0x0, 0x0, 0x0, 0x3, 0x78, 0x87, 0x55, 0x10,

    /* U+1F34C "🍌" */
    0x0, 0x0, 0x38, 0x81, 0x0, 0x0, 0x0, 0x0,
    0x0, 0x80, 0x9, 0x0, 0x0, 0x0, 0x0, 0x0,
    0x80, 0x3, 0x50, 0x0, 0x0, 0x0, 0x0, 0x80,
    0x0, 0x90, 0x0, 0x0, 0x0, 0x0, 0x71, 0x0,
    0x80, 0x0, 0x0, 0x0, 0x0, 0x44, 0x0, 0x53,
    0x0, 0x0, 0x0, 0x26, 0x66, 0x0, 0x3f, 0xa2,
    0x0, 0x5, 0x83, 0x6d, 0x14, 0xef, 0xff, 0x0,
    0x9, 0x2, 0xaf, 0xd9, 0x90, 0x1f, 0x40, 0x26,
    0xa, 0x45, 0xb1, 0x54, 0xf, 0xa0, 0x44, 0x73,
    0x90, 0x90, 0x8a, 0xa, 0x90, 0x75, 0x86, 0x48,
    0x21, 0x89, 0x5, 0x30, 0x25, 0x57, 0x94, 0xa,
    0x12, 0x95, 0x70, 0x5, 0xf8, 0x24, 0x92, 0x0,
    0x14, 0x0, 0x0, 0x57, 0x74, 0x0, 0x0, 0x0,
    0x0,

    /* U+1F34D "🍍" */
    0x0, 0x4b, 0x25, 0xc1, 0x0, 0x74, 0xff, 0xfc,
    0x66, 0x3, 0xff, 0xff, 0xfe, 0x10, 0x8e, 0xff,
    0xff, 0xc7, 0x2, 0xff, 0xff, 0xfd, 0x10, 0x5f,
    0xff, 0xff, 0xe3, 0x0, 0xcf, 0xff, 0xf8, 0x0,
    0x55, 0x0, 0x0, 0x82, 0x9, 0x17, 0x24, 0x70,
    0x81, 0x70, 0x0, 0x0, 0x8, 0x17, 0x52, 0x64,
    0x34, 0x80, 0x80, 0x10, 0x0, 0x9, 0x8, 0x13,
    0x22, 0x23, 0x60, 0x19, 0x40, 0x15, 0x80, 0x0,
    0x4, 0x77, 0x30, 0x0,

    /* U+1F34E "🍎" */
    0x0, 0x0, 0x0, 0x0, 0x0, 0x0, 0x0, 0x0,
    0x0, 0x0, 0x1, 0x9e, 0x70, 0x0, 0x0, 0x0,
    0x0, 0x2b, 0xfe, 0x10, 0x0, 0x0, 0x0, 0x0,
    0xbf, 0xc3, 0x0, 0x0, 0x0, 0x4a, 0xa7, 0xa3,
    0x8b, 0x92, 0x0, 0x8, 0xff, 0xff, 0xff, 0xff,
    0xff, 0x40, 0x3f, 0xff, 0xff, 0xff, 0xff, 0xff,
    0xe0, 0x9f, 0xff, 0xff, 0xff, 0xff, 0xff, 0xf4,
    0xbf, 0xff, 0xff, 0xff, 0xff, 0xff, 0xf7, 0xbf,
    0xff, 0xff, 0xff, 0xff, 0xff, 0xf7, 0x9f, 0xff,
    0xff, 0xff, 0xff, 0xff, 0xf5, 0x4f, 0xff, 0xff,
    0xff, 0xff, 0xff, 0xf1, 0xd, 0xff, 0xff, 0xff,
    0xff, 0xff, 0x90, 0x3, 0xff, 0xff, 0xff, 0xff,
    0xfd, 0x0, 0x0, 0x3c, 0xff, 0xbd, 0xff, 0xa1,
    0x0, 0x0, 0x0, 0x10, 0x0, 0x10, 0x0, 0x0,

    /* U+1F34F "🍏" */
    0x0, 0x0, 0x0, 0x0, 0x7c, 0x40, 0x0, 0x0,
    0x0, 0x0, 0xb, 0xfe, 0x0, 0x0, 0x0, 0x0,
    0x0, 0xcf, 0xd3, 0x0, 0x0, 0x0, 0x27, 0x74,
    0xa4, 0x68, 0x50, 0x0, 0x6, 0x71, 0x4, 0xf7,
    0x20, 0x39, 0x0, 0x28, 0x0, 0x7, 0xe7, 0x30,
    0x1, 0x80, 0x71, 0x0, 0x0, 0x11, 0x0, 0x0,
    0x80, 0x80, 0x0, 0x0, 0x0, 0x0, 0x0, 0x62,
    0x80, 0x0, 0x0, 0x0, 0x0, 0x0, 0x53, 0x80,
    0x0, 0x0, 0x0, 0x0, 0x0, 0x61, 0x62, 0x0,
    0x0, 0x0, 0x0, 0x0, 0x90, 0x19, 0x0, 0x0,
    0x0, 0x0, 0x2, 0x70, 0x6, 0x40, 0x0, 0x0,
    0x0, 0x9, 0x0, 0x0, 0x86, 0x1, 0x74, 0x3,
    0x92, 0x0, 0x0, 0x3, 0x76, 0x14, 0x76, 0x0,
    0x0,

    /* U+1F350 "🍐" */
    0x0, 0x0, 0x2d, 0x10, 0x0, 0x0, 0x0, 0x0,
    0xf1, 0x0, 0x0, 0x0, 0x0, 0x7f, 0x91, 0x0,
    0x0, 0x0, 0x54, 0x41, 0x90, 0x0, 0x0, 0x9,
    0x0, 0x7, 0x10, 0x0, 0x3, 0x60, 0x0, 0x18,
    0x0, 0x0, 0x90, 0x0, 0x3, 0x64, 0x0, 0x82,
    0x0, 0x0, 0x0, 0x91, 0x27, 0x0, 0x0, 0x0,
    0x21, 0x86, 0x21, 0x0, 0x0, 0x40, 0x9, 0x71,
    0x80, 0x0, 0x0, 0x30, 0x85, 0x42, 0x92, 0x0,
    0x0, 0x8, 0x9, 0x1, 0x62, 0x0, 0x8, 0x20,
    0x19, 0x51, 0x1, 0x49, 0x40, 0x0, 0x3, 0x68,
    0x74, 0x0, 0x0,

    /* U+1F351 "🍑" */
    0x0, 0x5c, 0xeb, 0x40, 0x7, 0xdd, 0xa0, 0x0,
    0x1, 0xff, 0xff, 0xbf, 0xff, 0xf8, 0x0, 0x0,
    0x78, 0x20, 0x2e, 0xc1, 0x4, 0x93, 0x0, 0x73,
    0x0, 0x0, 0x9, 0x0, 0x0, 0x91, 0x27, 0x0,
    0x0, 0x0, 0x36, 0x0, 0x1, 0x86, 0x10, 0x0,
    0x0, 0x0, 0x90, 0x0, 0x8, 0x80, 0x0, 0x0,
    0x0, 0x8, 0x0, 0x0, 0x87, 0x10, 0x0, 0x0,
    0x0, 0x80, 0x0, 0x8, 0x35, 0x0, 0x0, 0x0,
    0x8, 0x0, 0x0, 0x80, 0x90, 0x0, 0x0, 0x0,
    0x80, 0x0, 0x54, 0x3, 0x60, 0x0, 0x0, 0x17,
    0x0, 0x19, 0x0, 0x6, 0x50, 0x0, 0x6, 0x20,
    0x19, 0x0, 0x0, 0x5, 0x81, 0x0, 0x20, 0x49,
    0x0, 0x0, 0x0, 0x1, 0x88, 0x57, 0x94, 0x0,
    0x0, 0x0, 0x0, 0x0, 0x3, 0x10, 0x0, 0x0,
    0x0,

    /* U+1F352 "🍒" */
    0x0, 0x5, 0x88, 0x88, 0x95, 0x0, 0x1, 0x93,
    0x0, 0x0, 0x75, 0x0, 0x6f, 0xa2, 0x1, 0x49,
    0x40, 0x0, 0x5, 0x9d, 0xf8, 0x40, 0x0, 0x0,
    0x0, 0x80, 0x19, 0x30, 0x0, 0x0, 0x0, 0x25,
    0x0, 0x74, 0x0, 0x0, 0x0, 0x8, 0x0, 0x8,
    0x10, 0x0, 0x0, 0x8, 0x0, 0x6, 0xe3, 0x0,
    0x3, 0x9f, 0x97, 0x94, 0xa6, 0x90, 0x28, 0x3b,
    0x37, 0x54, 0xa3, 0x54, 0x80, 0x3, 0x20, 0x90,
    0x0, 0x8, 0x80, 0x0, 0x0, 0x80, 0x0, 0x26,
    0x63, 0x0, 0x0, 0xe0, 0x1, 0xa0, 0x9, 0x40,
    0x2a, 0x49, 0x98, 0x10, 0x0, 0x47, 0x60, 0x0,
    0x0, 0x0,

    /* U+1F353 "🍓" */
    0x5, 0x50, 0x0, 0x0, 0x0, 0x0, 0x0, 0x8,
    0x70, 0x4a, 0xcf, 0x70, 0x0, 0x0, 0x4, 0xea,
    0xff, 0xf9, 0x49, 0x50, 0x0, 0x0, 0xdf, 0xff,
    0xf9, 0x3, 0x57, 0x0, 0x6, 0xff, 0xff, 0xff,
    0x34, 0x7, 0x30, 0xd, 0xff, 0xff, 0x90, 0x0,
    0x0, 0x80, 0x3f, 0xff, 0xdf, 0xb0, 0x60, 0x60,
    0x90, 0x6f, 0x9f, 0x40, 0x10, 0x0, 0x10, 0x80,
    0x8, 0x2e, 0x3, 0x50, 0x0, 0x0, 0x90, 0x8,
    0x0, 0x0, 0x0, 0x70, 0x0, 0x90, 0x3, 0x65,
    0x10, 0x0, 0x10, 0x52, 0x70, 0x0, 0x84, 0x5,
    0x10, 0x0, 0x0, 0x62, 0x0, 0x6, 0x83, 0x0,
    0x34, 0x0, 0x80, 0x0, 0x0, 0x16, 0x89, 0x51,
    0x5, 0x70, 0x0, 0x0, 0x0, 0x0, 0x37, 0x73,
    0x0,

    /* U+1F354 "🍔" */
    0x0, 0x3, 0x88, 0x88, 0x98, 0x20, 0x0, 0x0,
    0x86, 0x0, 0x0, 0x1, 0x77, 0x0, 0x7, 0x12,
    0x1, 0x11, 0x11, 0x4, 0x60, 0x15, 0x0, 0x3,
    0x3, 0x1, 0x0, 0x80, 0x42, 0x0, 0x0, 0x0,
    0x0, 0x0, 0x71, 0x28, 0x0, 0x0, 0x0, 0x0,
    0x0, 0xd8, 0x94, 0x85, 0x20, 0x0, 0x13, 0x69,
    0x57, 0x6d, 0x2, 0x57, 0x88, 0x75, 0x10, 0x82,
    0x5b, 0xfe, 0xb0, 0x1a, 0xdb, 0xff, 0xc0, 0x7d,
    0x6a, 0xff, 0xff, 0xed, 0x89, 0xf0, 0x3f, 0xfe,
    0x30, 0x0, 0x6, 0xff, 0xf0, 0x19, 0xaf, 0xff,
    0x44, 0xff, 0xf9, 0x90, 0x7, 0x21, 0x68, 0xde,
    0x85, 0x5, 0x60, 0x0, 0x69, 0x42, 0x1, 0x25,
    0x95, 0x0, 0x0, 0x0, 0x46, 0x88, 0x63, 0x0,
    0x0,

    /* U+1F355 "🍕" */
    0x0, 0x0, 0x5, 0x88, 0x88, 0x40, 0x0, 0x7,
    0x94, 0x0, 0x0, 0x90, 0x1, 0xa3, 0x0, 0x13,
    0x7a, 0xb0, 0xa, 0x10, 0x9, 0x86, 0x34, 0x80,
    0x72, 0x0, 0x92, 0x0, 0xcf, 0xa0, 0x90, 0x49,
    0x20, 0x0, 0x8b, 0x90, 0x90, 0xc1, 0xcb, 0x1c,
    0x60, 0xc0, 0x7b, 0xb9, 0xdb, 0x1a, 0x58, 0xf2,
    0x0, 0x66, 0x81, 0x31, 0x7, 0xf6, 0x0, 0x7,
    0x58, 0xd8, 0x0, 0x28, 0x0, 0x0, 0x67, 0x70,
    0xe, 0x49, 0x0, 0x0, 0x6, 0x92, 0x85, 0x9,
    0x0, 0x0, 0x0, 0x65, 0x78, 0x6a, 0x0, 0x0,
    0x0, 0x78, 0x78, 0x4b, 0x0, 0x0, 0x0, 0x45,
    0x0, 0x63,

    /* U+1F356 "🍖" */
    0x3, 0x97, 0x0, 0x0, 0x0, 0x0, 0x0, 0x59,
    0x8, 0x0, 0x0, 0x0, 0x0, 0x0, 0x80, 0x5,
    0x89, 0xca, 0x30, 0x0, 0x0, 0x28, 0x78, 0xff,
    0xff, 0xf2, 0x0, 0x0, 0x0, 0xaf, 0xff, 0xff,
    0xfc, 0x0, 0x0, 0x1, 0xff, 0xff, 0xff, 0xff,
    0xe5, 0x0, 0x4, 0xff, 0xff, 0xfb, 0x40, 0x26,
    0x60, 0x6, 0xff, 0xff, 0x94, 0xe8, 0xdc, 0x71,
    0x2, 0xff, 0xfc, 0x4f, 0xff, 0xff, 0x64, 0x0,
    0x5f, 0xf4, 0xcf, 0xf4, 0xf5, 0x63, 0x0, 0x3,
    0xf0, 0x39, 0xf0, 0x28, 0xb0, 0x0, 0x0, 0xb2,
    0xff, 0xf8, 0x2, 0x95, 0x0, 0x0, 0x29, 0x4a,
    0x86, 0x30, 0x46, 0x0, 0x0, 0x3, 0x98, 0x8b,
    0x66, 0x60, 0x0, 0x0, 0x0, 0x0, 0x0, 0x66,
    0x0,

    /* U+1F357 "🍗" */
    0x5, 0x92, 0x0, 0x0, 0x0, 0x0, 0x0, 0x9,
    0x8, 0x0, 0x0, 0x0, 0x0, 0x0, 0xa2, 0x7,
    0x20, 0x0, 0x0, 0x0, 0x0, 0x84, 0x0, 0xa0,
    0x0, 0x0, 0x0, 0x0, 0x5, 0x99, 0xfa, 0x10,
    0x0, 0x0, 0x0, 0x0, 0x9, 0xff, 0xf9, 0x30,
    0x0, 0x0, 0x0, 0x0, 0xdf, 0xff, 0xfd, 0x70,
    0x0, 0x0, 0x0, 0x7f, 0x9f, 0xff, 0xfe, 0x30,
    0x0, 0x0, 0x3f, 0xdf, 0xff, 0xff, 0xf1, 0x0,
    0x0, 0xf, 0xff, 0xff, 0xff, 0xf8, 0x0, 0x0,
    0xc, 0xf7, 0xff, 0xff, 0xfb, 0x0, 0x0, 0x6,
    0xff, 0xef, 0xff, 0xfa, 0x0, 0x0, 0x0, 0xcf,
    0xbc, 0xff, 0xf4, 0x0, 0x0, 0x0, 0x1a, 0xff,
    0xff, 0x70, 0x0, 0x0, 0x0, 0x0, 0x14, 0x41,
    0x0,

    /* U+1F358 "🍘" */
    0x0, 0x0, 0x15, 0x88, 0x72, 0x0, 0x0, 0x0,
    0x18, 0x73, 0x0, 0x17, 0x81, 0x0, 0x1, 0x90,
    0x0, 0x40, 0x0, 0x1a, 0x10, 0x9, 0x0, 0x20,
    0x1, 0x0, 0x0, 0x90, 0x54, 0x0, 0x20, 0x2,
    0x0, 0x30, 0x45, 0x80, 0x3, 0x33, 0x33, 0x34,
    0x40, 0x8, 0x80, 0xe, 0xff, 0xff, 0xff, 0xf0,
    0x8, 0x80, 0xf, 0x6b, 0xff, 0xff, 0xf0, 0x8,
    0x80, 0xf, 0x6f, 0xff, 0xff, 0xf1, 0x8, 0x62,
    0xf, 0x6f, 0xff, 0xff, 0xf1, 0x44, 0x8, 0xe,
    0x9f, 0xff, 0xff, 0xf2, 0xa0, 0x5, 0x6e, 0xff,
    0xff, 0xff, 0xfb, 0x30, 0x0, 0x3f, 0xff, 0xff,
    0xff, 0xf4, 0x0, 0x0, 0x0, 0x5f, 0xff, 0xf8,
    0x0, 0x0,

    /* U+1F359 "🍙" */
    0x0, 0x0, 0x0, 0x17, 0x71, 0x0, 0x0, 0x0,
    0x0, 0x0, 0x6, 0x81, 0x18, 0x60, 0x0, 0x0,
    0x0, 0x0, 0x94, 0x6, 0x20, 0x49, 0x0, 0x0,
    0x0, 0x9, 0x25, 0x60, 0x0, 0x12, 0x90, 0x0,
    0x0, 0x75, 0x0, 0x0, 0x0, 0x70, 0x37, 0x0,
    0x3, 0x71, 0x40, 0x0, 0x0, 0x0, 0x7, 0x30,
    0x9, 0x0, 0x33, 0x22, 0x23, 0x32, 0x1, 0x90,
    0x26, 0x0, 0xff, 0xff, 0xff, 0xfb, 0x52, 0x72,
    0x62, 0x40, 0xf1, 0xaf, 0xff, 0xfb, 0x0, 0x26,
    0x81, 0x30, 0xf0, 0xff, 0xff, 0xfb, 0x35, 0x8,
    0x71, 0x0, 0xf0, 0xff, 0xff, 0xfb, 0x0, 0x26,
    0x18, 0x0, 0xe1, 0xff, 0xff, 0xfa, 0x0, 0x81,
    0x4, 0x82, 0xef, 0xff, 0xff, 0xfa, 0x28, 0x40,
    0x0, 0x16, 0xff, 0xff, 0xff, 0xff, 0x61, 0x0,

    /* U+1F35A "🍚" */
    0x0, 0x0, 0x6, 0x98, 0x98, 0x30, 0x0, 0x0,
    0x0, 0x69, 0x20, 0x0, 0x6, 0x91, 0x0, 0x0,
    0x55, 0x0, 0x1, 0x1, 0x40, 0x91, 0x0, 0x26,
    0x0, 0x0, 0x70, 0x11, 0x1, 0x70, 0x8, 0x10,
    0x0, 0x0, 0x20, 0x6, 0x7, 0x14, 0xa2, 0x0,
    0x0, 0x5, 0x0, 0x1, 0x69, 0x72, 0x68, 0x88,
    0x88, 0x88, 0x88, 0x72, 0x87, 0x10, 0x0, 0x0,
    0x0, 0x0, 0x0, 0x9, 0x54, 0x0, 0x0, 0x0,
    0x0, 0x0, 0x0, 0x90, 0xa0, 0x0, 0x0, 0x0,
    0x0, 0x0, 0x55, 0x6, 0x70, 0x0, 0x0, 0x0,
    0x0, 0x3a, 0x0, 0x5, 0xa5, 0x10, 0x0, 0x3,
    0x88, 0x0, 0x0, 0x0, 0x5f, 0xff, 0xff, 0xe1,
    0x0, 0x0, 0x0, 0x0, 0xef, 0xff, 0xf8, 0x0,
    0x0, 0x0, 0x0, 0x0, 0x34, 0x42, 0x0, 0x0,
    0x0,

    /* U+1F35B "🍛" */
    0x0, 0x0, 0x0, 0x25, 0x0, 0x0, 0x0, 0x0,
    0x0, 0x0, 0x4, 0x86, 0x38, 0x91, 0x0, 0x0,
    0x0, 0x0, 0x6, 0x40, 0x0, 0x1, 0x93, 0x0,
    0x0, 0x0, 0x5, 0x40, 0x0, 0x0, 0x41, 0xf9,
    0x0, 0x0, 0x4, 0xe0, 0x0, 0x0, 0x2, 0x41,
    0xa9, 0x50, 0x2, 0x88, 0x0, 0x0, 0x1, 0x20,
    0x2c, 0x26, 0x50, 0x91, 0xd1, 0x0, 0x5, 0x4,
    0x5, 0xfe, 0x28, 0x8, 0x4f, 0xe8, 0x31, 0x1,
    0x39, 0x91, 0x19, 0x34, 0x83, 0xef, 0xca, 0xfc,
    0xff, 0xdd, 0xcd, 0xa3, 0x59, 0xa, 0x49, 0x7e,
    0x6e, 0xf1, 0x9f, 0xf3, 0x62, 0x46, 0x19, 0x89,
    0xfb, 0xd, 0x9f, 0xd4, 0x18, 0x0, 0x6b, 0x2,
    0x69, 0xa8, 0xa8, 0x40, 0x6b, 0x0, 0x0, 0x7f,
    0xc5, 0x10, 0x1, 0x4a, 0xff, 0x0, 0x0, 0x0,
    0x2a, 0xff, 0xff, 0xff, 0xe5, 0x0, 0x0, 0x0,
    0x0, 0x0, 0x12, 0x21, 0x0, 0x0, 0x0, 0x0,

    /* U+1F35C "🍜" */
    0x0, 0x1, 0x35, 0x33, 0x56, 0x8a, 0xa5, 0x0,
    0x0, 0x8, 0xfe, 0xf5, 0x42, 0x10, 0x0, 0x0,
    0x0, 0x4, 0xf9, 0xf8, 0x99, 0x9a, 0xa5, 0x0,
    0x0, 0x0, 0xa0, 0x80, 0x0, 0x0, 0x31, 0x0,
    0x0, 0x0, 0x90, 0x80, 0x0, 0x4d, 0xf6, 0x0,
    0x0, 0x38, 0xf8, 0xf8, 0x8e, 0xff, 0xff, 0x0,
    0x18, 0x50, 0xb6, 0xfa, 0x88, 0xff, 0xff, 0xf1,
    0x85, 0x9e, 0xfb, 0xef, 0xf9, 0x6d, 0xff, 0xf9,
    0x6a, 0xff, 0xab, 0x7c, 0x4e, 0x85, 0xff, 0xc6,
    0x19, 0x2, 0x8c, 0xff, 0xad, 0x96, 0x20, 0x91,
    0x8, 0xc8, 0x42, 0x0, 0x0, 0x24, 0x7c, 0x80,
    0x0, 0x96, 0x47, 0x88, 0x88, 0x64, 0x8a, 0x0,
    0x0, 0x6, 0x96, 0x20, 0x2, 0x7b, 0x50, 0x0,
    0x0, 0x0, 0xf, 0xff, 0xff, 0xf0, 0x0, 0x0,
    0x0, 0x0, 0x1, 0x56, 0x64, 0x10, 0x0, 0x0,

    /* U+1F35D "🍝" */
    0x0, 0x0, 0x0, 0x0, 0x0, 0x17, 0xa3, 0x0,
    0x0, 0x0, 0x5, 0x26, 0x82, 0x0, 0x0, 0x0,
    0x0, 0x76, 0xba, 0x0, 0x0, 0x0, 0x0, 0x38,
    0x9f, 0x81, 0x0, 0x0, 0x0, 0x0, 0x13, 0x77,
    0x40, 0x0, 0x0, 0x0, 0x0, 0x25, 0xb6, 0x60,
    0x0, 0x0, 0x0, 0x8f, 0xff, 0xf6, 0xff, 0xf5,
    0x0, 0xc, 0xe9, 0xff, 0x8c, 0xff, 0xff, 0xb0,
    0x89, 0x9c, 0x9f, 0x7d, 0xff, 0xf7, 0xc7, 0x87,
    0x9a, 0x9c, 0xf6, 0xe9, 0x9d, 0x78, 0x85, 0x78,
    0x89, 0x97, 0xb8, 0x79, 0x68, 0x80, 0x67, 0x78,
    0x8c, 0x78, 0x9a, 0x18, 0x19, 0x11, 0x77, 0xbc,
    0x89, 0x72, 0x91, 0x0, 0x88, 0x43, 0x65, 0x24,
    0x88, 0x0, 0x0, 0x0, 0x46, 0x88, 0x64, 0x0,
    0x0,

    /* U+1F35E "🍞" */
    0x0, 0x1, 0x6a, 0xcd, 0xda, 0x60, 0x0, 0x0,
    0x19, 0xff, 0xff, 0xff, 0xff, 0xe5, 0x0, 0x2e,
    0xff, 0xff, 0xff, 0xff, 0xff, 0xf5, 0x9, 0x32,
    0x5a, 0xff, 0xff, 0xff, 0xff, 0xe0, 0x80, 0x0,
    0x1, 0xbf, 0xff, 0xff, 0xff, 0x18, 0x0, 0x0,
    0x0, 0x8f, 0xff, 0xff, 0xf0, 0x18, 0x0, 0x0,
    0x0, 0xdf, 0xff, 0xf7, 0x0, 0x80, 0x0, 0x0,
    0xb, 0xff, 0xff, 0x0, 0x8, 0x0, 0x0, 0x8,
    0xff, 0xff, 0xf0, 0x0, 0x80, 0x0, 0x0, 0xff,
    0xff, 0xff, 0x0, 0x8, 0x0, 0x0, 0xf, 0xff,
    0xff, 0xc0, 0x0, 0x67, 0x0, 0x0, 0xff, 0xff,
    0xb1, 0x0, 0x0, 0x29, 0x50, 0xf, 0xff, 0x70,
    0x0, 0x0, 0x0, 0x4, 0x98, 0xfa, 0x10, 0x0,
    0x0, 0x0, 0x0, 0x0, 0x33, 0x0, 0x0, 0x0,
    0x0,

    /* U+1F35F "🍟" */
    0x0, 0x1, 0x89, 0x13, 0x10, 0x0, 0x0, 0x98,
    0x66, 0x73, 0xa7, 0x50, 0x68, 0x62, 0xa6, 0x60,
    0x69, 0x57, 0x73, 0x68, 0x8b, 0xb4, 0xaf, 0x33,
    0x24, 0xe4, 0x95, 0x67, 0x2b, 0x60, 0x7, 0xc1,
    0x93, 0x76, 0x66, 0x60, 0x8, 0x94, 0xa2, 0xb1,
    0x78, 0x80, 0x5, 0xff, 0xe1, 0xd3, 0xff, 0x50,
    0x0, 0xff, 0xfe, 0xff, 0xfe, 0x20, 0x0, 0xdf,
    0xff, 0xff, 0xad, 0x0, 0x0, 0x9f, 0xff, 0xff,
    0x8c, 0x0, 0x0, 0x6f, 0xff, 0xff, 0x89, 0x0,
    0x0, 0x3f, 0xff, 0xfb, 0x86, 0x0, 0x0, 0xc,
    0xff, 0xfd, 0xd1, 0x0, 0x0, 0x0, 0x2, 0x21,
    0x0, 0x0,

    /* U+1F360 "🍠" */
    0x0, 0x0, 0x0, 0x0, 0x0, 0x1, 0xb1, 0x0,
    0x0, 0x0, 0x1, 0x7a, 0xcf, 0xf3, 0x0, 0x0,
    0x0, 0x9f, 0xff, 0xfb, 0xf3, 0x0, 0x0, 0x3e,
    0xff, 0xdb, 0xfe, 0xf4, 0x0, 0x3, 0xa2, 0x8,
    0xff, 0xdd, 0xf3, 0x0, 0xa, 0x0, 0x0, 0x9f,
    0xff, 0xf0, 0x0, 0x9, 0x0, 0x0, 0xe, 0x9f,
    0x90, 0x0, 0x8, 0x0, 0x0, 0x9, 0xff, 0x20,
    0x0, 0x8, 0x0, 0x0, 0x8, 0xf9, 0x0, 0x2,
    0x8a, 0xa9, 0x40, 0xb, 0xc0, 0x0, 0x47, 0x0,
    0x0, 0x67, 0x5a, 0x0, 0x0, 0x90, 0x0, 0x0,
    0xc, 0x40, 0x0, 0x0, 0x6a, 0x30, 0x0, 0x6c,
    0x0, 0x0, 0x0, 0xa, 0xff, 0xff, 0xe4, 0x0,
    0x0, 0x0, 0x0, 0x14, 0x43, 0x0, 0x0, 0x0,
    0x0,

    /* U+1F361 "🍡" */
    0xa, 0x16, 0x72, 0x0, 0x0, 0x0, 0x0, 0x0,
    0x8f, 0x31, 0x92, 0x0, 0x0, 0x0, 0x0, 0x8,
    0x30, 0x1, 0x80, 0x0, 0x0, 0x0, 0x0, 0x95,
    0x0, 0x4c, 0x82, 0x0, 0x0, 0x0, 0x8, 0x30,
    0x2f, 0x40, 0x82, 0x0, 0x0, 0x0, 0x8, 0xaf,
    0x30, 0x0, 0x80, 0x0, 0x0, 0x0, 0x0, 0x95,
    0x10, 0x18, 0x20, 0x0, 0x0, 0x0, 0x8, 0x20,
    0xd, 0xff, 0xe2, 0x0, 0x0, 0x0, 0x9, 0x8b,
    0xff, 0xff, 0xc0, 0x0, 0x0, 0x0, 0x0, 0x6a,
    0xff, 0xfd, 0x0, 0x0, 0x0, 0x0, 0x6, 0xdf,
    0xff, 0x90, 0x0, 0x0, 0x0, 0x0, 0xb, 0xff,
    0xfd, 0x10, 0x0, 0x0, 0x0, 0x0, 0x2, 0x10,
    0x9d, 0x10, 0x0, 0x0, 0x0, 0x0, 0x0, 0x0,
    0x9b, 0x0, 0x0, 0x0, 0x0, 0x0, 0x0, 0x0,
    0x10,

    /* U+1F362 "🍢" */
    0xa, 0xc8, 0xc8, 0x83, 0x0, 0x0, 0x0, 0x0,
    0x87, 0x7, 0x3, 0x70, 0x0, 0x0, 0x0, 0xd,
    0xe7, 0xfa, 0xe0, 0x0, 0x0, 0x0, 0x0, 0xaa,
    0x3a, 0xa2, 0x0, 0x0, 0x0, 0x0, 0xb, 0xb6,
    0xff, 0xff, 0x50, 0x0, 0x0, 0x0, 0x88, 0xa9,
    0xdf, 0xff, 0x10, 0x88, 0x10, 0x7, 0x80, 0xa8,
    0xff, 0xf2, 0x94, 0x8a, 0x0, 0x0, 0x3, 0xcf,
    0xff, 0xa4, 0x73, 0x97, 0x0, 0x0, 0x3, 0x86,
    0xf5, 0x73, 0x68, 0x30, 0x0, 0x0, 0x0, 0x93,
    0x74, 0x58, 0x30, 0x0, 0x0, 0x0, 0xa2, 0x64,
    0x5c, 0x30, 0x0, 0x0, 0x0, 0x45, 0x60, 0x48,
    0x9c, 0x0, 0x0, 0x0, 0x0, 0xa2, 0x18, 0x20,
    0x7c, 0x0, 0x0, 0x0, 0x1, 0x99, 0x20, 0x0,
    0x7b, 0x0, 0x0, 0x0, 0x0, 0x0, 0x0, 0x0,
    0x10,

    /* U+1F363 "🍣" */
    0x0, 0x0, 0x28, 0xeb, 0x89, 0xb1, 0x0, 0x0,
    0x0, 0x66, 0x83, 0x18, 0x75, 0x77, 0x0, 0x0,
    0x36, 0x62, 0x9, 0x0, 0x38, 0xbc, 0x0, 0x6,
    0x6f, 0x8a, 0xa5, 0x76, 0x0, 0x36, 0x0, 0x1e,
    0x3, 0x20, 0x5c, 0x31, 0x89, 0xd0, 0x3, 0xdf,
    0xcb, 0x73, 0x6, 0xf2, 0x9, 0xa, 0xbc, 0xff,
    0xff, 0xfa, 0x11, 0x9b, 0x81, 0xf7, 0x7c, 0xff,
    0xff, 0xff, 0x69, 0x20, 0xd, 0xce, 0x9f, 0xff,
    0xff, 0xff, 0x80, 0x0, 0x81, 0x37, 0xef, 0xff,
    0xff, 0xff, 0x0, 0x4, 0x70, 0x31, 0x8f, 0xff,
    0xfd, 0xa0, 0x0, 0x3, 0x91, 0x20, 0x18, 0x96,
    0x8, 0x0, 0x0, 0x0, 0x87, 0x0, 0x0, 0x6,
    0x50, 0x0, 0x0, 0x0, 0x28, 0x71, 0x18, 0x50,
    0x0, 0x0, 0x0, 0x0, 0x2, 0x77, 0x10, 0x0,
    0x0,

    /* U+1F364 "🍤" */
    0x0, 0x0, 0x0, 0x0, 0x8, 0x88, 0x87, 0x0,
    0x0, 0x0, 0x0, 0x0, 0x3, 0x81, 0x0, 0x4,
    0x80, 0x0, 0x0, 0x24, 0x21, 0x8, 0x0, 0x0,
    0x0, 0x27, 0x0, 0x1, 0xce, 0xfc, 0x8, 0x0,
    0x0, 0x4, 0x27, 0x10, 0xf, 0xf8, 0x9d, 0x9,
    0x0, 0x0, 0x0, 0x21, 0x70, 0xe, 0x99, 0x9c,
    0x8, 0x0, 0x0, 0x0, 0x0, 0x90, 0x5, 0xbc,
    0xdc, 0x2, 0xa6, 0x10, 0x0, 0x21, 0x43, 0x0,
    0x5e, 0xfd, 0x10, 0x4, 0x78, 0x0, 0x32, 0x80,
    0x0, 0x8, 0xff, 0xe2, 0x0, 0x8, 0x0, 0x0,
    0x71, 0x0, 0x4, 0xff, 0xfe, 0x88, 0x84, 0x0,
    0x0, 0x90, 0x0, 0x0, 0xcf, 0xfb, 0x0, 0x0,
    0x0, 0x4, 0x60, 0x0, 0x0, 0x2e, 0xf9, 0x0,
    0x7, 0x0, 0x47, 0x0, 0x0, 0x0, 0x2, 0xd0,
    0x16, 0x0, 0x14, 0xa0, 0x0, 0x0, 0x0, 0x0,
    0x39, 0x53, 0x24, 0xa4, 0x0, 0x0, 0x0, 0x0,
    0x0, 0x0, 0x45, 0x64, 0x10, 0x0, 0x0,

    /* U+1F365 "🍥" */
    0x0, 0x0, 0x1, 0x99, 0x20, 0x0, 0x0, 0x0,
    0x8, 0x89, 0x10, 0x88, 0x80, 0x0, 0x0, 0x72,
    0x0, 0x0, 0x0, 0x27, 0x0, 0x8, 0x60, 0x6,
    0x91, 0x0, 0x6, 0x80, 0x17, 0x0, 0x93, 0x17,
    0x72, 0x0, 0x80, 0x46, 0x5, 0x41, 0x91, 0x17,
    0x40, 0x63, 0x90, 0x9, 0x7, 0x10, 0x0, 0x90,
    0x9, 0x90, 0x8, 0x7, 0x10, 0x50, 0x80, 0x9,
    0x64, 0x9, 0x1, 0x99, 0x40, 0x90, 0x55, 0x17,
    0x4, 0x50, 0x0, 0x3, 0x70, 0x80, 0xa, 0x0,
    0x76, 0x10, 0x58, 0x0, 0xa0, 0x1, 0xa0, 0x2,
    0x78, 0x30, 0xa, 0x20, 0x0, 0x37, 0x10, 0x0,
    0x1, 0x64, 0x0, 0x0, 0x4, 0x79, 0x53, 0x97,
    0x40, 0x0, 0x0, 0x0, 0x0, 0x56, 0x0, 0x0,
    0x0,

    /* U+1F366 "🍦" */
    0x0, 0x2c, 0x81, 0x0, 0x0, 0x1, 0x72, 0x90,
    0x0, 0x0, 0x57, 0x6, 0x10, 0x0, 0x9, 0x0,
    0x93, 0x0, 0x8, 0x79, 0x84, 0x91, 0x2, 0x70,
    0x0, 0x6, 0x30, 0x69, 0x88, 0x88, 0x87, 0x9,
    0x0, 0x0, 0x0, 0x90, 0xb7, 0x0, 0x0, 0x6b,
    0x1, 0xc7, 0x88, 0x7b, 0x10, 0x9, 0x12, 0x21,
    0x90, 0x0, 0x44, 0x77, 0x36, 0x0, 0x3, 0x67,
    0x74, 0x40, 0x0, 0x19, 0x0, 0x72, 0x0, 0x0,
    0x47, 0x84, 0x0, 0x0,

    /* U+1F367 "🍧" */
    0x0, 0xb, 0xff, 0xff, 0x30, 0x0, 0x70, 0x2,
    0xff, 0xdb, 0xff, 0xf9, 0x2d, 0xb0, 0xf, 0xf6,
    0xdf, 0xff, 0xff, 0xf8, 0x0, 0x6f, 0xbb, 0xcf,
    0xff, 0xbf, 0xf0, 0x0, 0x9d, 0xcd, 0xde, 0xcf,
    0xd9, 0xe0, 0x0, 0x82, 0x89, 0x79, 0xa9, 0x10,
    0x80, 0x0, 0x82, 0x0, 0x0, 0x0, 0x0, 0xa0,
    0x0, 0x9a, 0x0, 0x0, 0x0, 0x5, 0xf0, 0x0,
    0x82, 0x88, 0x88, 0x88, 0x85, 0x80, 0x0, 0x54,
    0x0, 0x0, 0x0, 0x0, 0x90, 0x0, 0xb, 0x84,
    0x10, 0x12, 0x7c, 0x30, 0x0, 0x7, 0x14, 0x68,
    0x75, 0x29, 0x0, 0x0, 0x3, 0x50, 0x0, 0x0,
    0x8, 0x0, 0x0, 0x0, 0x87, 0x20, 0x15, 0xa2,
    0x0, 0x0, 0x0, 0x2, 0x67, 0x64, 0x0, 0x0,
    0x0,

    /* U+1F368 "🍨" */
    0x0, 0x0, 0x88, 0x85, 0x0, 0x0, 0x0, 0x82,
    0x10, 0x64, 0x0, 0x0, 0x9, 0x10, 0x10, 0x80,
    0x0, 0x6, 0xb2, 0x0, 0xa, 0x0, 0x9, 0x43,
    0x79, 0x22, 0xca, 0x15, 0x32, 0x10, 0xd, 0x92,
    0x9, 0x94, 0x1, 0x0, 0x81, 0x0, 0xc8, 0xa4,
    0x0, 0x36, 0x2, 0x9b, 0x29, 0x48, 0x7b, 0x88,
    0x75, 0x60, 0x49, 0x20, 0x0, 0x17, 0x80, 0x0,
    0x17, 0x9f, 0xc8, 0x20, 0x0, 0x0, 0x49, 0xfd,
    0x60, 0x0, 0x0, 0x55, 0x29, 0x52, 0x80, 0x0,
    0x4, 0x82, 0x1, 0x67, 0x0, 0x0, 0x1, 0x67,
    0x63, 0x0, 0x0,

    /* U+1F369 "🍩" */
    0x0, 0x0, 0x49, 0xcd, 0xdb, 0x71, 0x0, 0x0,
    0x0, 0x3d, 0xff, 0xfa, 0xaf, 0xff, 0x80, 0x0,
    0x5, 0xff, 0x7f, 0xff, 0xff, 0xf7, 0xfb, 0x0,
    0x1f, 0xff, 0xf8, 0x21, 0x15, 0xdf, 0xad, 0x80,
    0x7a, 0xf9, 0xc4, 0x99, 0x97, 0x7f, 0xff, 0xe0,
    0xab, 0xfc, 0xff, 0x32, 0x28, 0xff, 0xff, 0xf2,
    0xef, 0xff, 0xff, 0xef, 0xff, 0xff, 0x8f, 0xf0,
    0x6a, 0xfa, 0xcf, 0xac, 0xf9, 0xdf, 0xfe, 0x90,
    0x36, 0xad, 0xdf, 0xff, 0xff, 0xed, 0xc4, 0x80,
    0x9, 0x0, 0x3, 0xae, 0xc6, 0x0, 0x5, 0x40,
    0x2, 0x90, 0x0, 0x0, 0x0, 0x0, 0x48, 0x0,
    0x0, 0x29, 0x74, 0x11, 0x12, 0x59, 0x60, 0x0,
    0x0, 0x0, 0x14, 0x67, 0x76, 0x30, 0x0, 0x0,

    /* U+1F36A "🍪" */
    0x0, 0x0, 0x4, 0x78, 0x63, 0x0, 0x0, 0x0,
    0x0, 0x4f, 0x60, 0x9, 0xfb, 0x50, 0x0, 0x0,
    0x48, 0xf9, 0x0, 0x67, 0x6, 0xa0, 0x0, 0xc,
    0x72, 0x0, 0xe8, 0x32, 0xc, 0xc0, 0x8, 0x21,
    0x10, 0x8, 0xf4, 0x0, 0xcc, 0x54, 0x40, 0x1f,
    0x70, 0x6, 0x2a, 0x4, 0xa, 0x70, 0x0, 0x53,
    0x7, 0x1, 0x50, 0xf3, 0x98, 0x7, 0x80, 0x0,
    0x60, 0x0, 0x1, 0xb, 0x65, 0x0, 0xf, 0xa0,
    0x5, 0xc0, 0x1, 0xc2, 0xe2, 0x0, 0xae, 0x10,
    0xcf, 0x20, 0x97, 0x8, 0xe6, 0x0, 0x2, 0x10,
    0x10, 0x5d, 0x10, 0x9, 0xfa, 0x0, 0x1a, 0x76,
    0xbf, 0x20, 0x0, 0x4, 0xee, 0xa8, 0xcf, 0xfd,
    0x40, 0x0, 0x0, 0x2, 0x9d, 0xfc, 0x51, 0x0,
    0x0,

    /* U+1F36B "🍫" */
    0x0, 0x0, 0xb, 0x40, 0x0, 0x0, 0x0, 0x0,
    0x0, 0xc, 0xff, 0x40, 0x0, 0x0, 0x0, 0x0,
    0xc, 0xe7, 0xcf, 0x40, 0x0, 0x0, 0x0, 0xc,
    0xff, 0xcf, 0xdf, 0x41, 0x0, 0x0, 0xb, 0xe9,
    0xef, 0x98, 0xfd, 0x92, 0x0, 0x0, 0xcd, 0xaf,
    0xff, 0xfb, 0x11, 0x80, 0x0, 0x1, 0xcf, 0x88,
    0xf9, 0x12, 0x8d, 0x40, 0x0, 0x1, 0xce, 0xfb,
    0x0, 0xa0, 0x8, 0x40, 0x0, 0x1, 0xcd, 0x30,
    0x37, 0x0, 0x8, 0x40, 0x0, 0x1, 0xaa, 0x86,
    0x10, 0x0, 0xa, 0x0, 0x0, 0x6, 0xa1, 0x0,
    0x0, 0x9, 0x20, 0x0, 0x0, 0x0, 0x91, 0x0,
    0x9, 0x20, 0x0, 0x0, 0x0, 0x0, 0x91, 0x9,
    0x20, 0x0, 0x0, 0x0, 0x0, 0x0, 0x99, 0x20,
    0x0, 0x0, 0x0, 0x0, 0x0, 0x0, 0x10, 0x0,
    0x0,

    /* U+1F36C "🍬" */
    0x0, 0x0, 0x0, 0x0, 0x0, 0x0, 0x0, 0x0,
    0x0, 0x7, 0x50, 0x0, 0x0, 0x0, 0x0, 0x0,
    0x2, 0x85, 0x82, 0x0, 0x0, 0x0, 0x0, 0x0,
    0x8, 0x2, 0x29, 0x0, 0x0, 0x0, 0x0, 0x0,
    0x27, 0x23, 0x48, 0x3a, 0x71, 0x0, 0x0, 0x0,
    0x79, 0x13, 0xf, 0x69, 0x2d, 0x30, 0x0, 0x0,
    0x1, 0x89, 0xd7, 0x9, 0x8, 0x90, 0x0, 0x0,
    0x0, 0x0, 0x80, 0x44, 0x17, 0x62, 0x0, 0x0,
    0x0, 0x0, 0x80, 0x90, 0x81, 0x62, 0x0, 0x0,
    0x0, 0x0, 0x5d, 0x12, 0x70, 0xb8, 0x60, 0x0,
    0x0, 0x0, 0x9, 0x49, 0x9, 0xd1, 0x38, 0x81,
    0x0, 0x0, 0x0, 0x79, 0x8b, 0x14, 0x60, 0xa0,
    0x0, 0x0, 0x0, 0x0, 0x5, 0x36, 0x3, 0x40,
    0x0, 0x0, 0x0, 0x0, 0x0, 0x91, 0x68, 0x0,
    0x0, 0x0, 0x0, 0x0, 0x0, 0x1c, 0x30, 0x0,
    0x0, 0x0, 0x0, 0x0, 0x0, 0x0, 0x0, 0x0,

    /* U+1F36D "🍭" */
    0x0, 0x5, 0x88, 0x88, 0x30, 0x0, 0x0, 0x0,
    0x9, 0x40, 0x0, 0x7, 0x70, 0x0, 0x0, 0x8,
    0x21, 0x88, 0x87, 0x8, 0x50, 0x0, 0x2, 0x70,
    0x90, 0x0, 0x47, 0xd, 0x0, 0x0, 0x62, 0x62,
    0x48, 0x92, 0x80, 0xc2, 0x0, 0x8, 0x8, 0x8,
    0x18, 0x68, 0xd, 0x40, 0x0, 0x71, 0x80, 0x91,
    0x63, 0x81, 0xf2, 0x0, 0x2, 0x64, 0x53, 0x88,
    0x80, 0x9b, 0x0, 0x0, 0x9, 0x17, 0x61, 0x3,
    0x88, 0x70, 0x0, 0x0, 0x9, 0x23, 0x77, 0x55,
    0xfb, 0x0, 0x0, 0x0, 0x6, 0x88, 0x99, 0x42,
    0xec, 0x10, 0x0, 0x0, 0x0, 0x0, 0x0, 0x2,
    0xdd, 0x10, 0x0, 0x0, 0x0, 0x0, 0x0, 0x1,
    0xdd, 0x10, 0x0, 0x0, 0x0, 0x0, 0x0, 0x1,
    0xd7, 0x0, 0x0, 0x0, 0x0, 0x0, 0x0, 0x0,
    0x0,

    /* U+1F36E "🍮" */
    0x0, 0x0, 0x2, 0x68, 0x86, 0x20, 0x0, 0x0,
    0x0, 0x1, 0xcf, 0xff, 0xff, 0xba, 0x0, 0x0,
    0x0, 0x9, 0xff, 0xff, 0xff, 0xc9, 0x80, 0x0,
    0x0, 0xf, 0xff, 0xff, 0xff, 0x7c, 0xe0, 0x0,
    0x1, 0x9d, 0x5c, 0xff, 0xff, 0xb4, 0xe8, 0x10,
    0x19, 0x27, 0x0, 0x1, 0x10, 0x0, 0x81, 0x90,
    0x81, 0x44, 0x80, 0x0, 0x0, 0x0, 0x53, 0x27,
    0x90, 0x71, 0x90, 0x0, 0x0, 0x0, 0x26, 0x9,
    0x80, 0x71, 0x74, 0x0, 0x0, 0x0, 0x26, 0x8,
    0x90, 0x19, 0x30, 0x0, 0x0, 0x3, 0x90, 0x9,
    0x82, 0x0, 0x69, 0x99, 0x99, 0x95, 0x0, 0x36,
    0xa, 0x10, 0x0, 0x0, 0x0, 0x0, 0x2, 0x90,
    0x0, 0x87, 0x10, 0x0, 0x0, 0x1, 0x78, 0x0,
    0x0, 0x2, 0x88, 0x98, 0x89, 0x87, 0x20, 0x0,

    /* U+1F36F "🍯" */
    0x0, 0x0, 0x0, 0x0, 0x29, 0x50, 0x0, 0x0,
    0x0, 0x0, 0x80, 0x72, 0x0, 0x0, 0x11, 0x14,
    0x76, 0xa0, 0x5, 0xce, 0xba, 0xfb, 0xdd, 0x10,
    0xa, 0xc0, 0x37, 0x9e, 0xff, 0x30, 0xd, 0xb1,
    0xff, 0xff, 0xff, 0x50, 0x6f, 0xe0, 0xff, 0xff,
    0xff, 0xd0, 0xdf, 0xc0, 0xef, 0xff, 0xff, 0xf0,
    0xdf, 0xe0, 0xef, 0xff, 0xff, 0xf0, 0x3f, 0xeb,
    0xff, 0xff, 0xfd, 0xd0, 0xe, 0x31, 0x33, 0x32,
    0x2b, 0x40, 0x9, 0xff, 0xed, 0xdf, 0xff, 0x0,
    0x0, 0x92, 0x34, 0x42, 0x73, 0x0, 0x0, 0x2c,
    0xdc, 0xcd, 0x70, 0x0, 0x0, 0x0, 0x1, 0x10,
    0x0, 0x0,

    /* U+1F370 "🍰" */
    0x0, 0x0, 0x5, 0xd7, 0x0, 0x0, 0x0, 0x0,
    0x0, 0x2c, 0xfc, 0x92, 0x0, 0x0, 0x0, 0x0,
    0xdf, 0xbf, 0xc8, 0x90, 0x0, 0x0, 0x4, 0xfc,
    0xec, 0xf1, 0x49, 0x70, 0x0, 0x38, 0x2c, 0xed,
    0x58, 0x81, 0x90, 0x1, 0xa0, 0x0, 0x0, 0x1,
    0x8d, 0xb0, 0xa, 0x10, 0x1, 0x48, 0x98, 0x30,
    0x80, 0x8b, 0x88, 0x87, 0x33, 0x68, 0x90, 0x80,
    0xa2, 0x35, 0x88, 0x86, 0x21, 0xd0, 0x80, 0xb6,
    0x42, 0x13, 0x69, 0x86, 0xb0, 0x80, 0xc8, 0x88,
    0xaf, 0xf4, 0x7f, 0xf0, 0x90, 0x80, 0x9b, 0x35,
    0x88, 0xe7, 0x91, 0x80, 0xab, 0xfe, 0x94, 0x10,
    0x27, 0xc9, 0x30, 0x62, 0x13, 0x58, 0x88, 0x51,
    0x0, 0x0, 0x38, 0x75, 0x31, 0x0, 0x0, 0x0,
    0x0,

    /* U+1F371 "🍱" */
    0x69, 0x88, 0x88, 0x88, 0x88, 0x88, 0x88, 0xc0,
    0x72, 0xdc, 0xcd, 0x4c, 0xed, 0x45, 0x76, 0x71,
    0x82, 0x50, 0x8, 0x5c, 0xbd, 0x57, 0xf8, 0x61,
    0x82, 0x60, 0x9, 0x5c, 0xbd, 0x59, 0x88, 0x62,
    0x83, 0x59, 0x57, 0x38, 0x8c, 0x39, 0x8a, 0x53,
    0x83, 0x61, 0x9, 0x2d, 0x86, 0x4b, 0xba, 0x44,
    0x84, 0x60, 0x7, 0x5a, 0xae, 0x5e, 0xbf, 0x44,
    0x85, 0xda, 0xae, 0x54, 0x8a, 0x6b, 0x7d, 0x45,
    0x81, 0x55, 0x55, 0x19, 0x87, 0x17, 0x86, 0x36,
    0xd8, 0x88, 0x88, 0x88, 0x88, 0x88, 0x88, 0xb5,
    0x80, 0x0, 0x0, 0x0, 0x0, 0x0, 0x0, 0x53,
    0x62, 0x0, 0x0, 0x0, 0x0, 0x0, 0x0, 0x70,
    0x29, 0x88, 0x88, 0x88, 0x88, 0x88, 0x88, 0x80,

    /* U+1F372 "🍲" */
    0x0, 0x0, 0x0, 0x0, 0x0, 0x63, 0x0, 0x0,
    0x0, 0x0, 0x0, 0x0, 0x0, 0x28, 0x69, 0x0,
    0x0, 0x0, 0x0, 0x0, 0x0, 0x7, 0x60, 0x47,
    0x0, 0x0, 0x0, 0x0, 0x0, 0x0, 0x3c, 0x4d,
    0x92, 0x0, 0x0, 0x0, 0x0, 0x2, 0x88, 0x59,
    0xd5, 0x46, 0x98, 0x20, 0x0, 0x1a, 0x97, 0x38,
    0x87, 0x55, 0x78, 0x83, 0x89, 0xa0, 0x71, 0x4,
    0x71, 0x58, 0xaa, 0x85, 0x17, 0x40, 0x26, 0x73,
    0x7, 0x8e, 0x6c, 0xc9, 0xea, 0xf8, 0x60, 0x47,
    0x7, 0x70, 0x8e, 0xab, 0xfe, 0xca, 0xe7, 0x8,
    0x60, 0x0, 0x80, 0x0, 0x35, 0x77, 0x53, 0x0,
    0x17, 0x0, 0x0, 0x44, 0x0, 0x0, 0x0, 0x0,
    0x0, 0x63, 0x0, 0x0, 0x8, 0x0, 0x0, 0x0,
    0x0, 0x0, 0x90, 0x0, 0x0, 0x8, 0x20, 0x0,
    0x0, 0x0, 0x3, 0x70, 0x0, 0x0, 0x0, 0x87,
    0x31, 0x0, 0x13, 0x78, 0x0, 0x0, 0x0, 0x0,
    0x1, 0x57, 0x88, 0x75, 0x10, 0x0, 0x0,

    /* U+1F373 "🍳" */
    0x0, 0x2, 0x9d, 0xda, 0x40, 0x0, 0x0, 0x5,
    0xff, 0xfc, 0xff, 0x80, 0x0, 0x2, 0xff, 0xf3,
    0x1, 0xdf, 0x50, 0x0, 0xaf, 0xfa, 0x0, 0x4,
    0xfd, 0x0, 0xe, 0xff, 0x26, 0xe4, 0xe, 0xf2,
    0x0, 0xff, 0x70, 0xbf, 0x90, 0xcf, 0x30, 0xe,
    0xf2, 0x7, 0xd3, 0xe, 0xf2, 0x0, 0xaf, 0x30,
    0x0, 0x3, 0xfd, 0x0, 0x2, 0xfd, 0x66, 0x34,
    0xff, 0x50, 0x0, 0x4, 0xff, 0xff, 0xff, 0xf0,
    0x0, 0x0, 0x1, 0x8c, 0xc9, 0xaf, 0x60, 0x0,
    0x0, 0x0, 0x0, 0x0, 0xcf, 0x20, 0x0, 0x0,
    0x0, 0x0, 0x2, 0xf7, 0x0, 0x0, 0x0, 0x0,
    0x0, 0x6, 0xe5, 0x0, 0x0, 0x0, 0x0, 0x0,
    0x4, 0x0,

    /* U+1F374 "🍴" */
    0x0, 0x0, 0x1, 0x80, 0x12, 0x20, 0x7, 0xb0,
    0x57, 0x70, 0xb, 0xb0, 0x77, 0x70, 0xd, 0xc0,
    0x77, 0x70, 0xf, 0xc0, 0x7e, 0xe0, 0xf, 0xd0,
    0x2f, 0xa0, 0xe, 0xd0, 0xb, 0x20, 0x3, 0xd0,
    0xb, 0x20, 0x0, 0xe0, 0xc, 0x30, 0x0, 0xe0,
    0xd, 0x50, 0x1, 0xf0, 0xd, 0x70, 0x4, 0xf0,
    0xe, 0x90, 0x6, 0xf1, 0xf, 0xa0, 0x7, 0xf1,
    0x3, 0x20, 0x1, 0x40,

    /* U+1F375 "🍵" */
    0x0, 0x0, 0x0, 0xb3, 0x0, 0x0, 0x0, 0x19,
    0x49, 0x0, 0x0, 0x7, 0x81, 0x46, 0x0, 0x0,
    0x46, 0x18, 0x60, 0x0, 0x0, 0x6c, 0xf8, 0x62,
    0x0, 0x9, 0x64, 0x40, 0x26, 0x80, 0x1a, 0x7c,
    0xff, 0xc7, 0xa1, 0x1a, 0xdf, 0xff, 0xfd, 0xa0,
    0x8, 0x0, 0x0, 0x0, 0x80, 0x8, 0x60, 0x0,
    0x0, 0x80, 0x8, 0x60, 0x0, 0x0, 0x80, 0x9,
    0x27, 0x0, 0x0, 0x90, 0x6, 0x60, 0x0, 0x6,
    0x60, 0x0, 0x8f, 0xff, 0xf5, 0x0, 0x0, 0x2,
    0x44, 0x10, 0x0,

    /* U+1F376 "🍶" */
    0x0, 0x0, 0x5, 0xff, 0xfe, 0x10, 0x0, 0x0,
    0x97, 0x88, 0xc3, 0x0, 0x0, 0x4, 0x30, 0xa,
    0x0, 0x0, 0x0, 0x8, 0x6, 0x30, 0x0, 0x0,
    0x0, 0x90, 0x80, 0x0, 0x0, 0x0, 0x28, 0x3,
    0x60, 0x0, 0x0, 0x9, 0x10, 0x9, 0x0, 0x0,
    0x0, 0x90, 0x0, 0x35, 0x0, 0x0, 0x55, 0x0,
    0x0, 0x90, 0x35, 0x5b, 0x30, 0x2, 0x39, 0x8c,
    0xee, 0xf8, 0x0, 0x25, 0x96, 0x10, 0x1, 0x60,
    0x6, 0x39, 0x17, 0x0, 0x78, 0x0, 0x53, 0x60,
    0x3f, 0xf1, 0x49, 0x88, 0x70, 0x0, 0x32, 0x0,
    0x0, 0x0, 0x0,

    /* U+1F377 "🍷" */
    0x4, 0x88, 0x89, 0x30, 0xa, 0x88, 0x89, 0x90,
    0x16, 0x0, 0x0, 0x71, 0x53, 0x0, 0x0, 0x35,
    0x80, 0x0, 0x0, 0x17, 0x86, 0x20, 0x3d, 0x88,
    0x68, 0xfe, 0xff, 0x76, 0x19, 0x8e, 0xe8, 0x91,
    0x2, 0x8a, 0x88, 0x20, 0x0, 0xd, 0x20, 0x0,
    0x0, 0xd, 0x20, 0x0, 0x0, 0x6f, 0xc5, 0x0,
    0xa, 0x45, 0x44, 0xa0, 0xa, 0x30, 0x3, 0xb0,
    0x0, 0x57, 0x75, 0x0,

    /* U+1F378 "🍸" */
    0x1, 0x47, 0x87, 0x78, 0x74, 0x51, 0x86, 0x31,
    0x2, 0x20, 0x19, 0xc8, 0xfc, 0xc9, 0x65, 0x56,
    0xff, 0xcf, 0x1a, 0x56, 0x77, 0x7d, 0xc5, 0xa0,
    0x1, 0xa0, 0x5, 0xf8, 0x19, 0x0, 0x0, 0x1a,
    0x9, 0xf5, 0x90, 0x0, 0x0, 0x2, 0xa4, 0x69,
    0x10, 0x0, 0x0, 0x0, 0x37, 0x81, 0x0, 0x0,
    0x0, 0x0, 0x9, 0x70, 0x0, 0x0, 0x0, 0x0,
    0xa, 0x60, 0x0, 0x0, 0x0, 0x0, 0xa, 0x60,
    0x0, 0x0, 0x0, 0x0, 0x9, 0x80, 0x0, 0x0,
    0x0, 0x7, 0x83, 0x38, 0x60, 0x0, 0x0, 0x66,
    0x10, 0x1, 0x76, 0x0, 0x0, 0x3, 0x68, 0x86,
    0x30, 0x0,

    /* U+1F379 "🍹" */
    0x34, 0x0, 0x0, 0x0, 0x0, 0x2f, 0x89, 0x10,
    0x1, 0x41, 0xa, 0x9a, 0x80, 0x3a, 0x50, 0xb,
    0xff, 0xdd, 0xf6, 0x0, 0x8, 0xc1, 0x1, 0x88,
    0x0, 0x0, 0x90, 0x2b, 0x28, 0x0, 0x0, 0x8d,
    0xff, 0xf7, 0x20, 0x3, 0x78, 0xff, 0xf7, 0x50,
    0x4, 0x78, 0xff, 0xf7, 0x60, 0x0, 0x99, 0xef,
    0xb8, 0x20, 0x0, 0x39, 0x88, 0x95, 0x0, 0x0,
    0x0, 0xbe, 0x0, 0x0, 0x0, 0x2, 0xef, 0x30,
    0x0, 0x0, 0x4a, 0x55, 0x86, 0x0, 0x0, 0x5,
    0x78, 0x60, 0x0,

    /* U+1F37A "🍺" */
    0x0, 0x7, 0x89, 0x40, 0x0, 0x0, 0x5a, 0x30,
    0x8, 0x20, 0x0, 0x9, 0x0, 0x0, 0x18, 0x70,
    0x7, 0x20, 0x0, 0x0, 0x9, 0x0, 0x7b, 0x0,
    0x45, 0x79, 0xc0, 0x4, 0x6b, 0xcf, 0xff, 0xe,
    0x92, 0x44, 0xff, 0xfb, 0xf0, 0xe4, 0x94, 0x4b,
    0xfb, 0xbf, 0x9, 0x88, 0x43, 0xba, 0xfd, 0xf0,
    0xb7, 0x85, 0x3b, 0xaf, 0xbe, 0xc, 0x46, 0x53,
    0xba, 0xff, 0xf0, 0xe6, 0x6, 0x3a, 0xbf, 0xff,
    0x9, 0x0, 0x80, 0x16, 0x87, 0x20, 0x80, 0x4,
    0x84, 0x10, 0x13, 0x77, 0x0, 0x0, 0x47, 0x87,
    0x51, 0x0, 0x0,

    /* U+1F37B "🍻" */
    0x0, 0x0, 0x0, 0x0, 0x0, 0x0, 0x0, 0x0,
    0x0, 0x0, 0x0, 0x4, 0x6, 0x0, 0x0, 0x0,
    0x0, 0x0, 0x0, 0x3, 0x25, 0x32, 0x99, 0x81,
    0x0, 0x0, 0x0, 0x0, 0x5, 0x1a, 0x70, 0x1,
    0x90, 0x0, 0x0, 0x2, 0x89, 0x9e, 0x40, 0x0,
    0x1b, 0x10, 0x0, 0x0, 0x90, 0x0, 0xa, 0x72,
    0xfd, 0xd6, 0x81, 0x1, 0x6d, 0x87, 0x60, 0x2,
    0xff, 0xb8, 0x95, 0x60, 0x75, 0xc1, 0x5a, 0x7,
    0xcf, 0xdc, 0x36, 0x77, 0x15, 0x68, 0x6f, 0xf5,
    0x8e, 0xff, 0xf5, 0xa8, 0x75, 0x44, 0x79, 0xeb,
    0xb4, 0x9e, 0xef, 0xaa, 0x92, 0x64, 0xa6, 0xdf,
    0xff, 0x6b, 0x9f, 0xed, 0x3b, 0x0, 0x7b, 0x4f,
    0xaf, 0x99, 0x84, 0xfd, 0x60, 0x80, 0x0, 0x71,
    0x8a, 0xe5, 0x97, 0x11, 0x0, 0x65, 0x0, 0xc,
    0x98, 0x51, 0x8, 0x49, 0x88, 0x72, 0x0, 0x0,
    0x3c, 0xff, 0xfb, 0x80, 0x0, 0x0, 0x0, 0x0,
    0x0, 0x1, 0x34, 0x40, 0x0, 0x0, 0x0, 0x0,

    /* U+1F37C "🍼" */
    0x0, 0x0, 0x0, 0x0, 0x0, 0x0, 0x99, 0x0,
    0x0, 0x0, 0x0, 0x5, 0x79, 0x83, 0xa0, 0x0,
    0x0, 0x0, 0x8, 0xae, 0x10, 0x72, 0x0, 0x0,
    0x0, 0x58, 0xf8, 0xab, 0x7, 0x10, 0x0, 0x0,
    0x56, 0x4, 0xba, 0xae, 0x90, 0x0, 0x0, 0x47,
    0x35, 0x6, 0xaa, 0x88, 0x0, 0x0, 0x86, 0x7,
    0x0, 0x4, 0xfb, 0x0, 0x1, 0xa2, 0x0, 0x0,
    0x0, 0x8, 0x0, 0x0, 0x90, 0x0, 0x0, 0x0,
    0x1, 0x80, 0x0, 0x8, 0x0, 0x0, 0x0, 0x1,
    0xa1, 0x0, 0x0, 0x90, 0x0, 0x0, 0x0, 0xa1,
    0x0, 0x0, 0x4, 0x50, 0x0, 0x0, 0x71, 0x0,
    0x0, 0x0, 0x8, 0x30, 0x0, 0x36, 0x0, 0x0,
    0x0, 0x0, 0x7, 0x71, 0x39, 0x0, 0x0, 0x0,
    0x0, 0x0, 0x2, 0x76, 0x0, 0x0, 0x0, 0x0,
    0x0,

    /* U+1F37D "🍽" */
    0x0, 0x0, 0x0, 0x0, 0x0, 0x0, 0x0, 0x2,
    0x70, 0x12, 0x20, 0x0, 0x0, 0x0, 0x0, 0x0,
    0x8, 0xa0, 0x57, 0x70, 0x0, 0x2, 0x54, 0x10,
    0x0, 0xc, 0xa0, 0x77, 0x70, 0x1, 0x96, 0x34,
    0x87, 0x0, 0xf, 0xb0, 0x77, 0x70, 0x1a, 0x0,
    0x43, 0x3, 0x80, 0xf, 0xb0, 0x7e, 0xe0, 0x82,
    0x29, 0x45, 0x30, 0x62, 0x1f, 0xb0, 0x2f, 0xa0,
    0x90, 0x90, 0x0, 0x0, 0x17, 0xf, 0xc0, 0xb,
    0x20, 0x80, 0x80, 0x0, 0x0, 0x8, 0x5, 0xc0,
    0xb, 0x20, 0x80, 0x80, 0x0, 0x0, 0x7, 0x1,
    0xc0, 0xb, 0x40, 0x81, 0x0, 0x0, 0x0, 0x63,
    0x1, 0xd0, 0xc, 0x60, 0x1a, 0x0, 0x0, 0x3,
    0x80, 0x3, 0xe0, 0xd, 0x80, 0x2, 0xa5, 0x23,
    0x88, 0x0, 0x5, 0xf0, 0xd, 0xa0, 0x0, 0x3,
    0x55, 0x10, 0x0, 0x7, 0xf0, 0xe, 0xc0, 0x0,
    0x0, 0x0, 0x0, 0x0, 0x9, 0xf0, 0x3, 0x20,
    0x0, 0x0, 0x0, 0x0, 0x0, 0x1, 0x30,

    /* U+1F37E "🍾" */
    0x2, 0xb1, 0x60, 0x30, 0x0, 0x0, 0x0, 0x0,
    0x7f, 0x71, 0x40, 0x0, 0x0, 0x0, 0x0, 0x0,
    0x31, 0x66, 0x0, 0x0, 0x0, 0x0, 0x0, 0x50,
    0x50, 0x70, 0x0, 0x0, 0x0, 0x0, 0x0, 0x26,
    0x8f, 0x90, 0x0, 0x0, 0x0, 0x0, 0x0, 0x1,
    0xdf, 0x70, 0x0, 0x0, 0x0, 0x0, 0x0, 0x0,
    0x71, 0x76, 0x0, 0x0, 0x0, 0x0, 0x0, 0x4,
    0x30, 0x4e, 0x30, 0x0, 0x0, 0x0, 0x0, 0x9,
    0x9c, 0xfd, 0x30, 0x0, 0x0, 0x0, 0x0, 0x8f,
    0xfe, 0x16, 0x20, 0x0, 0x0, 0x0, 0x2, 0xff,
    0x30, 0x7, 0x10, 0x0, 0x0, 0x0, 0x4, 0xfb,
    0x0, 0x19, 0x0, 0x0, 0x0, 0x0, 0x6, 0xf9,
    0x9, 0x50, 0x0, 0x0, 0x0, 0x0, 0x8, 0xfd,
    0x70, 0x0, 0x0, 0x0, 0x0, 0x0, 0x4, 0x10,
    0x0,

    /* U+1F37F "🍿" */
    0x0, 0x0, 0x7, 0x8a, 0x93, 0x0, 0x0, 0x0,
    0x58, 0x90, 0x87, 0xb1, 0x0, 0x0, 0x84, 0x72,
    0xb9, 0x64, 0xc6, 0x0, 0xe7, 0xb, 0x69, 0x9d,
    0x77, 0x87, 0xf, 0xd9, 0xd3, 0xa5, 0x78, 0x8e,
    0xb0, 0xbb, 0x2f, 0xf5, 0x7f, 0xf0, 0xe8, 0x7,
    0xe0, 0xff, 0x25, 0xfc, 0x1f, 0x40, 0x4f, 0xd,
    0xf3, 0x5f, 0xa4, 0xf0, 0x0, 0xf3, 0xaf, 0x46,
    0xf7, 0x6c, 0x0, 0xc, 0x68, 0xf4, 0x7f, 0x59,
    0x80, 0x0, 0x89, 0x6f, 0x58, 0xf2, 0xc5, 0x0,
    0x4, 0xc3, 0xf6, 0x8f, 0xf, 0x10, 0x0, 0xc,
    0x7f, 0x79, 0xe7, 0xb0, 0x0, 0x0, 0x4, 0xbb,
    0xca, 0x30, 0x0, 0x0, 0x0, 0x0, 0x21, 0x0,
    0x0, 0x0,

    /* U+1F380 "🎀" */
    0x29, 0x89, 0x60, 0x0, 0x0, 0x17, 0x98, 0x90,
    0x80, 0x0, 0x3a, 0x57, 0x76, 0x92, 0x0, 0x35,
    0x80, 0x0, 0x0, 0xc0, 0x1c, 0x0, 0x0, 0x8,
    0x80, 0x0, 0x0, 0x80, 0x8, 0x0, 0x0, 0x8,
    0x80, 0x0, 0x0, 0x80, 0x8, 0x0, 0x0, 0x8,
    0x80, 0x78, 0x88, 0xe3, 0x3e, 0x88, 0x86, 0x26,
    0x45, 0x2, 0x88, 0x6d, 0xc6, 0x87, 0x20, 0x81,
    0x5, 0x8d, 0x60, 0x17, 0x80, 0x9, 0xb8, 0x30,
    0x0, 0x37, 0x0, 0x71, 0x26, 0x0, 0x91, 0x0,
    0x0, 0xa0, 0x0, 0x80, 0x9, 0x0, 0x19, 0x0,
    0x5, 0x52, 0x4, 0x40, 0x6, 0x20, 0x48, 0x20,
    0x7, 0x8a, 0x18, 0x0, 0x0, 0x84, 0x99, 0x50,
    0x0, 0x1, 0x97, 0x0, 0x0, 0x89, 0x0, 0x0,
    0x0, 0x0, 0x92, 0x0, 0x0, 0x47, 0x0, 0x0,
    0x0, 0x0, 0x0, 0x0, 0x0, 0x0, 0x0, 0x0,

    /* U+1F381 "🎁" */
    0x0, 0x98, 0x70, 0x0, 0x19, 0x96, 0x0, 0x5,
    0x30, 0x3b, 0x89, 0xb1, 0x8, 0x0, 0x6, 0x10,
    0x8, 0x3, 0x80, 0x7, 0x0, 0x6d, 0x11, 0x5b,
    0x2, 0xe5, 0x8, 0xb1, 0xbc, 0x62, 0x8f, 0xff,
    0xf7, 0xc, 0xb5, 0x80, 0xda, 0xf6, 0x0, 0xbf,
    0xc7, 0x35, 0xb7, 0x90, 0x95, 0xa9, 0x47, 0x38,
    0xd4, 0x65, 0xcb, 0xa0, 0x80, 0xc, 0xf7, 0x90,
    0x62, 0x54, 0xea, 0xe9, 0xab, 0x80, 0x80, 0x62,
    0x53, 0x80, 0xd2, 0x8, 0x80, 0x80, 0x62, 0x53,
    0x80, 0x80, 0x8, 0x80, 0x80, 0x39, 0x83, 0x80,
    0x80, 0x8, 0x97, 0x90, 0x0, 0x69, 0xc0, 0x80,
    0x1f, 0xa2, 0x0, 0x0, 0x0, 0x48, 0xd7, 0x82,
    0x0, 0x0, 0x0, 0x0, 0x0, 0x31, 0x0, 0x0,
    0x0,

    /* U+1F382 "🎂" */
    0x0, 0x3, 0x0, 0x3, 0x0, 0x0, 0x0, 0xd,
    0x6, 0xa, 0x30, 0x0, 0x0, 0x5, 0xc, 0x14,
    0x0, 0x0, 0x0, 0xe, 0x5, 0xa, 0x30, 0x0,
    0x0, 0xf, 0x4f, 0x7e, 0x50, 0x0, 0x5, 0x8f,
    0x1c, 0x2c, 0x98, 0x20, 0x55, 0x24, 0xb, 0x12,
    0x31, 0x82, 0x90, 0xc5, 0x5, 0x10, 0xda, 0x8,
    0x80, 0x93, 0x2c, 0x70, 0xa8, 0x8, 0xa0, 0x0,
    0x19, 0x30, 0x0, 0x28, 0xc7, 0x2, 0x50, 0x6,
    0x0, 0xb8, 0x9f, 0x7d, 0xf1, 0x4f, 0xb8, 0xf6,
    0x3f, 0xff, 0xff, 0xff, 0xff, 0xe0, 0x2, 0xae,
    0xff, 0xff, 0xe8, 0x10, 0x0, 0x0, 0x12, 0x21,
    0x0, 0x0,

    /* U+1F383 "🎃" */
    0x0, 0x0, 0x0, 0x89, 0x20, 0x0, 0x0, 0x0,
    0x0, 0x0, 0x0, 0x90, 0x90, 0x0, 0x0, 0x0,
    0x0, 0x0, 0x16, 0x99, 0x4d, 0x73, 0x0, 0x0,
    0x0, 0x19, 0x89, 0x9f, 0xdd, 0xa8, 0xa2, 0x0,
    0x0, 0xa1, 0x82, 0x60, 0x9, 0x8, 0x29, 0x20,
    0x7, 0x37, 0x20, 0x50, 0x4, 0x20, 0x90, 0x90,
    0xa, 0x8, 0x9, 0x0, 0x0, 0x82, 0x53, 0x90,
    0xa, 0x35, 0x8f, 0x90, 0x23, 0xfd, 0x17, 0x62,
    0x9, 0x43, 0x0, 0x18, 0xc2, 0x10, 0x8, 0x63,
    0xa, 0x44, 0x54, 0x74, 0x45, 0x55, 0x8, 0x81,
    0x9, 0x26, 0xaf, 0xff, 0xff, 0xfc, 0x25, 0xa0,
    0x3, 0x98, 0x36, 0x98, 0x7a, 0x54, 0x77, 0x60,
    0x0, 0x5d, 0x40, 0x40, 0x3, 0x1, 0xd8, 0x0,
    0x0, 0x2, 0xb9, 0xb5, 0x4c, 0x8b, 0x40, 0x0,
    0x0, 0x0, 0x0, 0x34, 0x43, 0x10, 0x0, 0x0,

    /* U+1F384 "🎄" */
    0x0, 0x0, 0x0, 0x0, 0x0, 0x0, 0x0, 0x0,
    0x0, 0x1, 0x87, 0x10, 0x0, 0x0, 0x0, 0x0,
    0x5, 0x74, 0x40, 0x0, 0x0, 0x0, 0x0, 0x5,
    0xbb, 0x40, 0x0, 0x0, 0x0, 0x0, 0x77, 0x19,
    0x69, 0x0, 0x0, 0x0, 0xa, 0x11, 0x39, 0x23,
    0x90, 0x0, 0x0, 0x8, 0xfc, 0x62, 0xbf, 0x70,
    0x0, 0x0, 0x6a, 0xa3, 0x68, 0x17, 0xa4, 0x0,
    0x7, 0x33, 0x21, 0xc8, 0x32, 0x5, 0x80, 0x3,
    0xab, 0xf9, 0x10, 0x9f, 0xf8, 0x50, 0x3, 0x91,
    0xa5, 0x98, 0x12, 0x39, 0x20, 0x56, 0x22, 0x23,
    0x33, 0x1a, 0x23, 0x94, 0x49, 0x82, 0xe, 0x20,
    0x27, 0x58, 0x93, 0x0, 0x18, 0x98, 0xff, 0x88,
    0x70, 0x0, 0x0, 0x0, 0x1, 0xff, 0x10, 0x0,
    0x0, 0x0, 0x0, 0x0, 0x44, 0x0, 0x0, 0x0,

    /* U+1F385 "🎅" */
    0x0, 0x4, 0xbd, 0xd9, 0x10, 0x0, 0x0, 0x9f,
    0xff, 0xff, 0xf3, 0x0, 0x5, 0xff, 0xff, 0xff,
    0xfe, 0x10, 0x2a, 0x52, 0x10, 0x25, 0xaf, 0x70,
    0x90, 0x0, 0x0, 0x0, 0x6, 0xb0, 0xb9, 0x88,
    0x88, 0x88, 0x8e, 0xc0, 0x44, 0x5, 0x0, 0x13,
    0xe, 0xf1, 0x44, 0xb, 0x0, 0x39, 0xc, 0x39,
    0x44, 0x0, 0x0, 0x0, 0xd, 0x59, 0x35, 0x2,
    0x87, 0x70, 0x9, 0x40, 0x26, 0x0, 0x0, 0x0,
    0x8, 0x0, 0x17, 0x0, 0x0, 0x0, 0x6, 0x20,
    0x9, 0x0, 0x0, 0x0, 0x5, 0x30, 0x5, 0x93,
    0x10, 0x13, 0x77, 0x0, 0x0, 0x5, 0x78, 0x75,
    0x10, 0x0,

    /* U+1F386 "🎆" */
    0x9e, 0xee, 0xec, 0xee, 0xce, 0xdc, 0xe9, 0xff,
    0xe5, 0xbe, 0xc9, 0xe9, 0xbf, 0xef, 0xff, 0xee,
    0x8a, 0x99, 0xab, 0x89, 0xef, 0xfe, 0xfb, 0x8a,
    0xfb, 0xd9, 0xa7, 0xff, 0xfa, 0x88, 0xcc, 0xaf,
    0x9a, 0xac, 0xcf, 0xb8, 0x9f, 0xa8, 0x9a, 0x99,
    0xa8, 0xbf, 0xfa, 0xad, 0x78, 0xb8, 0x9c, 0x97,
    0xdf, 0xee, 0xbc, 0xbb, 0xca, 0xa9, 0xca, 0x8f,
    0xe9, 0x7e, 0xe9, 0x88, 0xbc, 0xfa, 0x9f, 0xfa,
    0x7d, 0x8c, 0xbb, 0xc8, 0x87, 0x9d, 0xf8, 0xc9,
    0xf8, 0xfe, 0xf8, 0x8e, 0xdf, 0xfe, 0xe9, 0xf8,
    0xaf, 0xab, 0xe9, 0xff, 0xff, 0xfb, 0xf8, 0xcf,
    0xad, 0xf9, 0xff, 0xcf, 0xfe, 0xfe, 0xff, 0xff,
    0xfd, 0xfc, 0x1, 0x11, 0x11, 0x11, 0x11, 0x11,
    0x10,

    /* U+1F387 "🎇" */
    0xb, 0xff, 0xfc, 0xcf, 0xdc, 0xff, 0xff, 0xa1,
    0xff, 0xe9, 0x49, 0x95, 0xba, 0x9c, 0xdf, 0x1f,
    0xff, 0xf8, 0x6d, 0x7d, 0x81, 0x6f, 0xf1, 0xfc,
    0xf8, 0xc8, 0xfb, 0xf9, 0xef, 0xff, 0x1c, 0x48,
    0xe8, 0xbd, 0xbd, 0xaa, 0xfe, 0xf1, 0xd6, 0x88,
    0xc8, 0x8b, 0x78, 0xd9, 0x7e, 0x1f, 0xfa, 0xda,
    0x62, 0x45, 0x98, 0x54, 0xd1, 0xf8, 0x16, 0x87,
    0x0, 0x28, 0xcc, 0xbf, 0x1f, 0xfd, 0xb9, 0x84,
    0x16, 0xbc, 0xa2, 0xb1, 0xfb, 0x9d, 0xf8, 0xc8,
    0x8b, 0xae, 0xef, 0x1f, 0xdf, 0xb8, 0xfc, 0x8d,
    0x9f, 0xcf, 0xf1, 0xff, 0x62, 0xaf, 0xc8, 0xfa,
    0xc9, 0xff, 0x1f, 0xe8, 0x7f, 0xfc, 0x8f, 0xc5,
    0x6b, 0xf0, 0xff, 0xfc, 0xff, 0xc8, 0xfc, 0x78,
    0xfe, 0x2, 0x55, 0x55, 0x54, 0x25, 0x55, 0x55,
    0x10,

    /* U+1F388 "🎈" */
    0x0, 0x48, 0x88, 0x70, 0x0, 0x6, 0x60, 0x1,
    0x19, 0x10, 0x27, 0x0, 0x14, 0x21, 0x80, 0x71,
    0x0, 0x0, 0x81, 0x80, 0x80, 0x0, 0x0, 0x25,
    0x62, 0x80, 0x0, 0x0, 0x0, 0x53, 0x53, 0x0,
    0x0, 0x0, 0x71, 0x9, 0x0, 0x0, 0x0, 0x90,
    0x4, 0x70, 0x0, 0x0, 0x90, 0x0, 0x58, 0x0,
    0x8, 0x20, 0x0, 0x2, 0x8c, 0xd4, 0x0, 0x0,
    0x0, 0xa, 0x76, 0x0, 0x0, 0x0, 0x4, 0xc0,
    0x0, 0x0, 0x0, 0x1, 0x96, 0xa3, 0x0, 0x0,
    0x0, 0x72, 0x3,

    /* U+1F389 "🎉" */
    0x0, 0x0, 0x3, 0x60, 0x0, 0x80, 0x0, 0x6,
    0x10, 0x66, 0x0, 0x60, 0x0, 0x81, 0x10, 0x0,
    0x82, 0x60, 0x30, 0x0, 0x26, 0x51, 0x0, 0xa9,
    0x38, 0x18, 0x60, 0x8, 0x0, 0x80, 0x5f, 0x94,
    0x72, 0x39, 0x93, 0x0, 0x6, 0x9f, 0x30, 0x36,
    0x3, 0x0, 0x0, 0x86, 0x9, 0x88, 0x75, 0x4,
    0x0, 0x0, 0xf1, 0x45, 0x6e, 0x60, 0x40, 0x84,
    0x1, 0xd3, 0x30, 0x60, 0x90, 0x34, 0x40, 0x9,
    0x59, 0x0, 0x47, 0xf5, 0x8, 0x0, 0xa, 0x93,
    0x92, 0x31, 0x94, 0x97, 0x0, 0x3c, 0x49, 0x18,
    0xfe, 0x20, 0x0, 0x5, 0x97, 0x53, 0xfa, 0x20,
    0x0, 0x80, 0x0, 0x93, 0xd8, 0x10, 0x0, 0x0,
    0x10, 0x25, 0x65, 0x0, 0x0, 0x0, 0x0, 0x0,
    0x0,

    /* U+1F38A "🎊" */
    0x2, 0x98, 0x84, 0x0, 0x38, 0x89, 0x30, 0xa,
    0x1, 0x65, 0x64, 0x81, 0x90, 0x92, 0x53, 0x1,
    0x9f, 0x96, 0xfb, 0x20, 0x8, 0x63, 0x1d, 0xfc,
    0x26, 0xaf, 0xf5, 0x8, 0x28, 0xcf, 0x93, 0x10,
    0x29, 0xff, 0x65, 0x7, 0xb3, 0x41, 0xa0, 0x74,
    0x4a, 0x90, 0x0, 0x76, 0x90, 0x90, 0x2c, 0x70,
    0x10, 0x8, 0x50, 0xa0, 0xa3, 0x3b, 0xd0, 0x50,
    0x5, 0x61, 0x82, 0x70, 0x15, 0xb9, 0x0, 0x9,
    0x47, 0x43, 0x60, 0x24, 0x66, 0x50, 0x5, 0xa,
    0x32, 0xa0, 0x71, 0x90, 0x90, 0x70, 0x92, 0x10,
    0x64, 0x0, 0x80, 0x0, 0x8, 0x60, 0x60, 0x74,
    0x0, 0x29, 0x0, 0x55, 0x0, 0x20, 0x20, 0x80,
    0x5, 0x20, 0x0, 0x0, 0x0, 0x0, 0x0, 0x0,
    0x0,

    /* U+1F38B "🎋" */
    0x0, 0x0, 0xc, 0xd0, 0x0, 0x0, 0x0, 0x0,
    0x0, 0x0, 0xc, 0xd0, 0x0, 0x5, 0xba, 0x0,
    0x0, 0x0, 0xc, 0xc0, 0x2, 0xcf, 0xe1, 0x0,
    0x0, 0x0, 0xd, 0xd0, 0x1d, 0xfd, 0x20, 0x0,
    0x0, 0x0, 0x6, 0x60, 0x8c, 0x70, 0x0, 0x0,
    0x0, 0x0, 0xe, 0xe3, 0xca, 0xb8, 0x30, 0x0,
    0x7, 0x20, 0xc, 0xd8, 0x74, 0xdf, 0xfc, 0x20,
    0x7, 0xf8, 0xc, 0xe8, 0xca, 0x22, 0x55, 0x40,
    0x0, 0x7f, 0x5d, 0xf3, 0x60, 0x80, 0x0, 0x0,
    0x0, 0x5, 0x15, 0x70, 0x70, 0x26, 0x0, 0x0,
    0x3, 0xe8, 0xe, 0xe0, 0x16, 0x7, 0x30, 0x0,
    0x6, 0x20, 0xc, 0xd0, 0x6, 0x75, 0x0, 0x0,
    0x0, 0x0, 0xc, 0xd0, 0x0, 0x20, 0x0, 0x0,
    0x0, 0x0, 0xd, 0xe0, 0x0, 0x0, 0x0, 0x0,
    0x0, 0x0, 0x4, 0x40, 0x0, 0x0, 0x0, 0x0,

    /* U+1F38C "🎌" */
    0x0, 0x0, 0x37, 0xc2, 0x0, 0x6a, 0x72, 0x0,
    0x0, 0x1, 0x95, 0x16, 0x80, 0xc, 0x21, 0x77,
    0x0, 0x8, 0x82, 0x51, 0xb, 0x1, 0x90, 0x25,
    0x29, 0x70, 0x90, 0xaf, 0xa0, 0x83, 0x74, 0xe,
    0xf6, 0x8, 0x8, 0x7, 0xf8, 0x2, 0x9b, 0x0,
    0xbf, 0x44, 0x40, 0x44, 0x0, 0x49, 0x8f, 0xe9,
    0x92, 0x0, 0x80, 0x0, 0x80, 0x85, 0x0, 0xf8,
    0x0, 0x76, 0x9, 0x0, 0x9, 0x92, 0x0, 0xd,
    0x90, 0x0, 0x49, 0x70, 0x0, 0x0, 0x0, 0x2,
    0x8b, 0x0, 0x0, 0x0, 0x0, 0x0, 0x0, 0x0,
    0x83, 0x74, 0x0, 0x0, 0x0, 0x0, 0x0, 0x0,
    0xb, 0x1, 0xa0, 0x0, 0x0, 0x0, 0x0, 0x0,
    0x3, 0x80, 0xb, 0x0, 0x0, 0x0, 0x0, 0x0,
    0x0, 0x82, 0x0, 0x65, 0x0, 0x0, 0x0, 0x0,
    0x0, 0xb, 0x0, 0x1, 0xa0, 0x0, 0x0, 0x0,
    0x0, 0x0, 0x20, 0x0, 0x2, 0x0, 0x0, 0x0,

    /* U+1F38D "🎍" */
    0x0, 0x4, 0x73, 0x0, 0x0, 0x0, 0xa, 0xc,
    0x0, 0x0, 0x0, 0xa, 0xae, 0x60, 0x0, 0x0,
    0x8, 0xb1, 0xb0, 0x0, 0x0, 0x8, 0xf7, 0xd0,
    0x0, 0x0, 0x2a, 0xe4, 0x70, 0x0, 0x4, 0x99,
    0xa6, 0xa9, 0x0, 0xa, 0xf9, 0x76, 0xdf, 0xa0,
    0x3f, 0xf8, 0x82, 0xef, 0xe0, 0x2f, 0xff, 0xfe,
    0xff, 0xc0, 0x2, 0xff, 0xff, 0xfe, 0x10, 0x0,
    0xa6, 0x66, 0x69, 0x0, 0xc, 0xf5, 0x44, 0x6f,
    0xa0, 0xc, 0xff, 0xff, 0xff, 0xa0, 0x0, 0x13,
    0x44, 0x30, 0x0,

    /* U+1F38E "🎎" */
    0x0, 0x0, 0x3d, 0x10, 0x0, 0x5, 0xa2, 0x0,
    0x0, 0x2, 0x7f, 0xff, 0x71, 0x0, 0xbd, 0x40,
    0x0, 0x0, 0xc, 0xff, 0xf9, 0x0, 0x9c, 0x5e,
    0x40, 0x0, 0x0, 0xe7, 0x58, 0xb0, 0x8d, 0x33,
    0x4f, 0x10, 0x0, 0x3c, 0x52, 0x4e, 0x1e, 0x96,
    0x14, 0xe7, 0x0, 0x0, 0xa0, 0x60, 0xa0, 0xba,
    0x15, 0xf, 0x50, 0x0, 0x3, 0xca, 0xc1, 0x1,
    0xb7, 0x3a, 0x70, 0x0, 0x0, 0x86, 0xff, 0x60,
    0x7, 0xed, 0xd3, 0x0, 0x0, 0x2f, 0x8f, 0xff,
    0x25, 0xa0, 0x1, 0xd0, 0x0, 0x9, 0xf3, 0xee,
    0xf9, 0xdf, 0x93, 0xdf, 0x70, 0x5, 0xff, 0x8b,
    0x2f, 0xff, 0xec, 0xcb, 0xef, 0x20, 0xff, 0x84,
    0x67, 0xaf, 0x63, 0x70, 0x82, 0x4b, 0xb, 0xfe,
    0xcd, 0xee, 0xfb, 0xef, 0xfd, 0xfd, 0x80, 0xc,
    0xc7, 0xac, 0xa3, 0x86, 0xcc, 0x79, 0xb0, 0x0,
    0x55, 0x55, 0x55, 0x2, 0x55, 0x55, 0x53, 0x0,

    /* U+1F38F "🎏" */
    0x6b, 0x10, 0x0, 0x48, 0x88, 0x88, 0x88, 0x50,
    0xbf, 0x20, 0x29, 0x65, 0x1, 0x34, 0x15, 0x40,
    0x29, 0x2, 0xd0, 0x78, 0x44, 0x43, 0x3a, 0x50,
    0xa, 0xb, 0x8a, 0x66, 0x34, 0x34, 0x30, 0x90,
    0xb, 0xa, 0x80, 0x90, 0x64, 0x22, 0x59, 0x50,
    0xf, 0x8f, 0xa0, 0xb8, 0xf9, 0x76, 0x40, 0x0,
    0x9, 0x11, 0x98, 0x66, 0x88, 0x88, 0x88, 0x91,
    0x7, 0x30, 0x4, 0x87, 0x20, 0x41, 0x40, 0x71,
    0x5, 0x50, 0x56, 0x9, 0x80, 0x45, 0x41, 0xb2,
    0x3, 0x70, 0xc8, 0x76, 0x63, 0x44, 0x53, 0x9,
    0x1, 0x93, 0x77, 0x35, 0xb, 0x2, 0x16, 0x92,
    0x2, 0xf9, 0xe9, 0xc, 0xaf, 0x87, 0x64, 0x0,
    0x0, 0xa0, 0x4a, 0x85, 0x0, 0x0, 0x0, 0x0,
    0x0, 0xa0, 0x0, 0x0, 0x0, 0x0, 0x0, 0x0,
    0x0, 0x20, 0x0, 0x0, 0x0, 0x0, 0x0, 0x0,

    /* U+1F600 "😀" */
    0x0, 0x0, 0x68, 0x88, 0x86, 0x0, 0x0, 0x0,
    0x39, 0x20, 0x0, 0x3, 0x93, 0x0, 0x3, 0x70,
    0x0, 0x0, 0x0, 0x8, 0x30, 0x9, 0x0, 0x0,
    0x0, 0x0, 0x0, 0x90, 0x62, 0x0, 0x10, 0x0,
    0x1, 0x0, 0x26, 0x90, 0x0, 0xf8, 0x0, 0x1f,
    0x50, 0x9, 0x80, 0x0, 0xb5, 0x0, 0xc, 0x30,
    0x8, 0x80, 0x0, 0x0, 0x0, 0x0, 0x0, 0x8,
    0x80, 0x55, 0x66, 0x66, 0x66, 0x56, 0x8, 0x80,
    0x5d, 0x97, 0x76, 0x79, 0xc8, 0x8, 0x45, 0x9,
    0xff, 0xdc, 0xff, 0xb0, 0x54, 0x9, 0x10, 0x39,
    0x65, 0x75, 0x1, 0x90, 0x1, 0x91, 0x0, 0x0,
    0x0, 0x19, 0x0, 0x0, 0x7, 0x73, 0x1, 0x37,
    0x70, 0x0, 0x0, 0x0, 0x5, 0x77, 0x50, 0x0,
    0x0,

    /* U+1F601 "😁" */
    0x0, 0x0, 0x68, 0x88, 0x86, 0x0, 0x0, 0x0,
    0x39, 0x30, 0x0, 0x3, 0x93, 0x0, 0x3, 0x80,
    0x0, 0x0, 0x0, 0x8, 0x30, 0x9, 0x0, 0x0,
    0x0, 0x0, 0x0, 0x90, 0x62, 0x0, 0x0, 0x0,
    0x0, 0x0, 0x26, 0x90, 0x1, 0x97, 0x0, 0x68,
    0x30, 0x9, 0x80, 0x3, 0x13, 0x0, 0x40, 0x40,
    0x8, 0x80, 0x0, 0x0, 0x0, 0x0, 0x0, 0x8,
    0x80, 0x97, 0x88, 0x88, 0x7b, 0x77, 0x8, 0x90,
    0xd9, 0x62, 0x22, 0x9, 0x7c, 0x8, 0x45, 0x2c,
    0x78, 0x99, 0x6a, 0x92, 0x54, 0x9, 0x13, 0xd9,
    0x65, 0x6e, 0x31, 0x90, 0x0, 0x92, 0x4, 0x88,
    0x40, 0x29, 0x0, 0x0, 0x8, 0x83, 0x11, 0x38,
    0x70, 0x0, 0x0, 0x0, 0x15, 0x77, 0x51, 0x0,
    0x0,

    /* U+1F602 "😂" */
    0x0, 0x0, 0x1, 0x79, 0x88, 0x95, 0x0, 0x0,
    0x0, 0x0, 0x0, 0x59, 0x20, 0x0, 0x3, 0xa3,
    0x0, 0x0, 0x0, 0x6, 0x60, 0x0, 0x0, 0x0,
    0x8, 0x30, 0x0, 0x0, 0x27, 0x27, 0x0, 0x0,
    0x1, 0x71, 0x90, 0x0, 0x0, 0x91, 0x70, 0x0,
    0x0, 0x0, 0x8, 0x26, 0x0, 0x0, 0x80, 0x18,
    0x83, 0x0, 0x58, 0x80, 0x8, 0x0, 0x2, 0x95,
    0x10, 0x1, 0x0, 0x10, 0x11, 0x5a, 0x0, 0x18,
    0x48, 0x0, 0x0, 0x0, 0x0, 0x0, 0x85, 0x70,
    0x70, 0x17, 0x66, 0x66, 0x66, 0x66, 0x65, 0x70,
    0x34, 0x75, 0xa1, 0x8c, 0x97, 0x67, 0x79, 0xd5,
    0x57, 0x83, 0x4, 0x74, 0xc, 0xff, 0xcd, 0xff,
    0x90, 0x75, 0x30, 0x0, 0x9, 0x0, 0x58, 0x66,
    0x83, 0x3, 0x70, 0x0, 0x0, 0x1, 0x91, 0x0,
    0x0, 0x0, 0x39, 0x0, 0x0, 0x0, 0x0, 0x8,
    0x73, 0x1, 0x48, 0x60, 0x0, 0x0, 0x0, 0x0,
    0x0, 0x15, 0x77, 0x40, 0x0, 0x0, 0x0,

    /* U+1F603 "😃" */
    0x0, 0x0, 0x68, 0x88, 0x86, 0x0, 0x0, 0x0,
    0x39, 0x20, 0x0, 0x3, 0x93, 0x0, 0x3, 0x70,
    0x0, 0x0, 0x0, 0x8, 0x30, 0x9, 0x0, 0x0,
    0x0, 0x0, 0x0, 0x90, 0x62, 0x0, 0xc7, 0x0,
    0x3f, 0x0, 0x26, 0x90, 0x0, 0xfa, 0x0, 0x6f,
    0x20, 0x9, 0x80, 0x0, 0xd7, 0x0, 0x4f, 0x0,
    0x8, 0x80, 0x0, 0x10, 0x0, 0x2, 0x0, 0x8,
    0x80, 0x55, 0x66, 0x66, 0x66, 0x66, 0x8, 0x80,
    0x5d, 0x97, 0x76, 0x79, 0xc7, 0x8, 0x45, 0x9,
    0xff, 0xdc, 0xff, 0xb0, 0x54, 0x9, 0x10, 0x48,
    0x66, 0x75, 0x1, 0x90, 0x1, 0x91, 0x0, 0x0,
    0x0, 0x19, 0x0, 0x0, 0x7, 0x73, 0x1, 0x37,
    0x70, 0x0, 0x0, 0x0, 0x5, 0x77, 0x50, 0x0,
    0x0,

    /* U+1F604 "😄" */
    0x0, 0x0, 0x68, 0x88, 0x86, 0x0, 0x0, 0x0,
    0x39, 0x30, 0x0, 0x3, 0x93, 0x0, 0x3, 0x80,
    0x0, 0x0, 0x0, 0x8, 0x30, 0x9, 0x0, 0x0,
    0x0, 0x0, 0x0, 0x90, 0x62, 0x0, 0x0, 0x0,
    0x0, 0x0, 0x26, 0x90, 0x2, 0x86, 0x0, 0x48,
    0x30, 0x9, 0x80, 0x4, 0x2, 0x10, 0x40, 0x40,
    0x8, 0x80, 0x0, 0x0, 0x0, 0x0, 0x0, 0x8,
    0x80, 0x56, 0x66, 0x66, 0x66, 0x66, 0x8, 0x90,
    0x5d, 0x97, 0x76, 0x79, 0xc8, 0x8, 0x45, 0x9,
    0xff, 0xdc, 0xff, 0xc0, 0x54, 0x9, 0x10, 0x38,
    0x66, 0x85, 0x1, 0x90, 0x0, 0x92, 0x0, 0x0,
    0x0, 0x29, 0x0, 0x0, 0x8, 0x83, 0x11, 0x38,
    0x70, 0x0, 0x0, 0x0, 0x15, 0x77, 0x51, 0x0,
    0x0,

    /* U+1F605 "😅" */
    0x0, 0x0, 0x38, 0x88, 0x88, 0x20, 0x2, 0x0,
    0x0, 0x9, 0x60, 0x0, 0x1, 0x77, 0x3b, 0x20,
    0x0, 0xa1, 0x0, 0x0, 0x0, 0x3, 0xd0, 0x80,
    0x8, 0x20, 0x0, 0x0, 0x0, 0x4, 0x30, 0x43,
    0x17, 0x0, 0x0, 0x0, 0x0, 0x7, 0x0, 0x6,
    0x72, 0x0, 0x54, 0x0, 0x16, 0x34, 0x50, 0x63,
    0x80, 0x4, 0x34, 0x20, 0x62, 0x51, 0x37, 0xa0,
    0x80, 0x0, 0x0, 0x0, 0x0, 0x0, 0x0, 0x80,
    0x80, 0x45, 0x55, 0x66, 0x65, 0x57, 0x1, 0x70,
    0x53, 0x3d, 0xa8, 0x76, 0x78, 0xbc, 0x5, 0x30,
    0x9, 0x7, 0xff, 0xec, 0xff, 0xe3, 0x9, 0x0,
    0x5, 0x50, 0x28, 0x66, 0x77, 0x0, 0x73, 0x0,
    0x0, 0x75, 0x0, 0x0, 0x0, 0x7, 0x60, 0x0,
    0x0, 0x4, 0x95, 0x10, 0x15, 0x93, 0x0, 0x0,
    0x0, 0x0, 0x3, 0x78, 0x63, 0x0, 0x0, 0x0,

    /* U+1F606 "😆" */
    0x0, 0x0, 0x68, 0x88, 0x86, 0x0, 0x0, 0x0,
    0x39, 0x30, 0x0, 0x3, 0x93, 0x0, 0x3, 0x80,
    0x0, 0x0, 0x0, 0x8, 0x30, 0x9, 0x0, 0x0,
    0x0, 0x0, 0x0, 0x90, 0x62, 0x15, 0x0, 0x0,
    0x0, 0x43, 0x26, 0x90, 0x3, 0x85, 0x0, 0x58,
    0x40, 0x9, 0x80, 0x17, 0x86, 0x0, 0x68, 0x72,
    0x8, 0x80, 0x0, 0x0, 0x0, 0x0, 0x0, 0x8,
    0x80, 0x56, 0x66, 0x66, 0x66, 0x67, 0x8, 0x90,
    0x5d, 0x97, 0x76, 0x79, 0xc8, 0x8, 0x45, 0x9,
    0xff, 0xdd, 0xff, 0xb0, 0x54, 0x9, 0x10, 0x38,
    0x56, 0x95, 0x1, 0x90, 0x0, 0x92, 0x0, 0x0,
    0x0, 0x29, 0x0, 0x0, 0x8, 0x83, 0x11, 0x38,
    0x70, 0x0, 0x0, 0x0, 0x15, 0x77, 0x51, 0x0,
    0x0,

    /* U+1F607 "😇" */
    0x1, 0x59, 0xa9, 0x99, 0x9a, 0x85, 0x0, 0x6e,
    0x72, 0x48, 0x88, 0x83, 0x27, 0xe4, 0x9f, 0x8b,
    0x50, 0x0, 0x5, 0xb8, 0xf8, 0x8, 0xff, 0xfe,
    0xdd, 0xef, 0xff, 0x60, 0x9, 0x0, 0x23, 0x44,
    0x32, 0x1, 0x80, 0x35, 0x0, 0x0, 0x0, 0x0,
    0x0, 0x71, 0x71, 0x4, 0x86, 0x0, 0x78, 0x30,
    0x26, 0x80, 0x1, 0x1, 0x0, 0x10, 0x10, 0x8,
    0x80, 0x0, 0x0, 0x0, 0x0, 0x0, 0x7, 0x71,
    0x0, 0x20, 0x0, 0x2, 0x0, 0x35, 0x27, 0x0,
    0x49, 0x88, 0x93, 0x0, 0x81, 0x8, 0x10, 0x0,
    0x0, 0x0, 0x2, 0x70, 0x0, 0x91, 0x0, 0x0,
    0x0, 0x29, 0x0, 0x0, 0x8, 0x73, 0x1, 0x38,
    0x70, 0x0, 0x0, 0x0, 0x15, 0x77, 0x51, 0x0,
    0x0,

    /* U+1F608 "😈" */
    0x10, 0x0, 0x0, 0x0, 0x0, 0x0, 0x0, 0x10,
    0x89, 0x10, 0x17, 0x88, 0x89, 0x60, 0x3, 0xa6,
    0x80, 0x88, 0x92, 0x0, 0x0, 0x39, 0x87, 0x25,
    0x71, 0x1, 0x0, 0x0, 0x0, 0x0, 0x10, 0x53,
    0x36, 0x0, 0x0, 0x0, 0x0, 0x0, 0x0, 0x90,
    0x9, 0x0, 0x0, 0x0, 0x0, 0x0, 0x0, 0x90,
    0x8, 0x0, 0x0, 0x0, 0x0, 0x0, 0x0, 0x90,
    0x26, 0x0, 0x66, 0x0, 0x0, 0x74, 0x0, 0x80,
    0x35, 0x0, 0xf, 0xa0, 0xd, 0xc0, 0x0, 0x80,
    0x17, 0x0, 0xc, 0x50, 0x8, 0x90, 0x0, 0x80,
    0x9, 0x0, 0x0, 0x0, 0x0, 0x0, 0x0, 0x80,
    0x7, 0x20, 0x5, 0x71, 0x28, 0x30, 0x6, 0x30,
    0x0, 0x90, 0x0, 0x37, 0x71, 0x0, 0x18, 0x0,
    0x0, 0x29, 0x10, 0x0, 0x0, 0x2, 0x90, 0x0,
    0x0, 0x1, 0x87, 0x20, 0x13, 0x87, 0x0, 0x0,
    0x0, 0x0, 0x1, 0x57, 0x75, 0x0, 0x0, 0x0,

    /* U+1F609 "😉" */
    0x0, 0x0, 0x68, 0x88, 0x86, 0x0, 0x0, 0x0,
    0x39, 0x30, 0x0, 0x3, 0x93, 0x0, 0x3, 0x80,
    0x0, 0x0, 0x0, 0x8, 0x30, 0x9, 0x7, 0x70,
    0x0, 0x0, 0x0, 0x90, 0x62, 0x14, 0x0, 0x0,
    0x0, 0x0, 0x26, 0x90, 0x0, 0xb3, 0x0, 0x7,
    0x60, 0x9, 0x80, 0x0, 0xf6, 0x0, 0x8b, 0x50,
    0x8, 0x80, 0x0, 0x10, 0x0, 0x0, 0x30, 0x8,
    0x80, 0x0, 0x0, 0x0, 0x0, 0x0, 0x8, 0x90,
    0x0, 0x71, 0x0, 0x17, 0x0, 0x8, 0x45, 0x0,
    0x17, 0x88, 0x81, 0x0, 0x54, 0x9, 0x10, 0x0,
    0x0, 0x0, 0x1, 0x90, 0x0, 0x92, 0x0, 0x0,
    0x0, 0x29, 0x0, 0x0, 0x8, 0x83, 0x11, 0x38,
    0x70, 0x0, 0x0, 0x0, 0x15, 0x77, 0x51, 0x0,
    0x0,

    /* U+1F60A "😊" */
    0x0, 0x0, 0x68, 0x88, 0x86, 0x0, 0x0, 0x0,
    0x39, 0x30, 0x0, 0x3, 0x93, 0x0, 0x3, 0x80,
    0x0, 0x0, 0x0, 0x8, 0x30, 0x9, 0x0, 0x0,
    0x0, 0x0, 0x0, 0x90, 0x62, 0x0, 0x0, 0x0,
    0x0, 0x0, 0x26, 0x90, 0x4, 0x97, 0x0, 0x79,
    0x40, 0x9, 0x80, 0x5, 0x5, 0x0, 0x50, 0x50,
    0x8, 0x80, 0x12, 0x10, 0x0, 0x1, 0x21, 0x8,
    0x80, 0x45, 0x40, 0x0, 0x4, 0x63, 0x8, 0x90,
    0x0, 0x10, 0x0, 0x1, 0x0, 0x8, 0x45, 0x0,
    0x39, 0x88, 0x93, 0x0, 0x54, 0x9, 0x10, 0x0,
    0x0, 0x0, 0x1, 0x90, 0x0, 0x92, 0x0, 0x0,
    0x0, 0x29, 0x0, 0x0, 0x8, 0x83, 0x11, 0x38,
    0x70, 0x0, 0x0, 0x0, 0x15, 0x77, 0x51, 0x0,
    0x0,

    /* U+1F60B "😋" */
    0x0, 0x0, 0x58, 0x88, 0x87, 0x10, 0x0, 0x0,
    0x3, 0x93, 0x0, 0x0, 0x29, 0x50, 0x0, 0x3,
    0x80, 0x0, 0x0, 0x0, 0x6, 0x60, 0x0, 0x90,
    0x0, 0x0, 0x0, 0x0, 0x7, 0x20, 0x62, 0x0,
    0x0, 0x0, 0x0, 0x0, 0x8, 0x9, 0x0, 0x88,
    0x70, 0x5, 0x99, 0x10, 0x80, 0x80, 0x1, 0x1,
    0x0, 0x10, 0x10, 0x6, 0x28, 0x0, 0x0, 0x0,
    0x0, 0x0, 0x0, 0x53, 0x83, 0x60, 0x0, 0x0,
    0x0, 0x2, 0x67, 0x18, 0x8, 0x20, 0x0, 0x0,
    0x0, 0xd6, 0x90, 0x45, 0x8, 0x50, 0x0, 0x3,
    0xc1, 0x87, 0x0, 0x91, 0x4, 0x88, 0x9c, 0x57,
    0x10, 0x80, 0x0, 0x92, 0x0, 0x0, 0x83, 0x0,
    0x9, 0x0, 0x0, 0x78, 0x31, 0x3, 0xf5, 0x8,
    0x30, 0x0, 0x0, 0x5, 0x77, 0x51, 0x48, 0x30,
    0x0,

    /* U+1F60C "😌" */
    0x0, 0x0, 0x68, 0x88, 0x86, 0x0, 0x0, 0x0,
    0x39, 0x30, 0x0, 0x3, 0x93, 0x0, 0x3, 0x80,
    0x0, 0x0, 0x0, 0x8, 0x30, 0x9, 0x3, 0x40,
    0x0, 0x4, 0x30, 0x90, 0x62, 0x55, 0x0, 0x0,
    0x0, 0x55, 0x26, 0x90, 0x0, 0x0, 0x0, 0x0,
    0x0, 0x9, 0x80, 0x14, 0x5, 0x0, 0x50, 0x41,
    0x8, 0x80, 0x4, 0x71, 0x0, 0x17, 0x40, 0x8,
    0x80, 0x0, 0x0, 0x0, 0x0, 0x0, 0x8, 0x90,
    0x0, 0x0, 0x0, 0x0, 0x0, 0x8, 0x45, 0x0,
    0x7, 0x11, 0x71, 0x0, 0x54, 0x9, 0x10, 0x1,
    0x77, 0x10, 0x1, 0x90, 0x0, 0x92, 0x0, 0x0,
    0x0, 0x29, 0x0, 0x0, 0x8, 0x83, 0x11, 0x38,
    0x70, 0x0, 0x0, 0x0, 0x15, 0x77, 0x51, 0x0,
    0x0,

    /* U+1F60D "😍" */
    0x0, 0x0, 0x68, 0x88, 0x86, 0x0, 0x0, 0x0,
    0x39, 0x30, 0x0, 0x3, 0x93, 0x0, 0x3, 0x80,
    0x0, 0x0, 0x0, 0x8, 0x30, 0x9, 0x0, 0x32,
    0x0, 0x14, 0x0, 0x90, 0x64, 0xbb, 0xff, 0x0,
    0xcf, 0xcb, 0x46, 0x94, 0xff, 0xff, 0x10, 0xef,
    0xff, 0x59, 0x81, 0xef, 0xfb, 0x0, 0x8f, 0xfe,
    0x18, 0x80, 0x19, 0xd1, 0x0, 0xc, 0xa2, 0x8,
    0x80, 0x0, 0x0, 0x0, 0x0, 0x0, 0x8, 0x90,
    0x0, 0x4, 0x65, 0x70, 0x0, 0x8, 0x45, 0x0,
    0xd, 0xff, 0xf3, 0x0, 0x54, 0x9, 0x10, 0x2,
    0xac, 0x60, 0x1, 0x90, 0x0, 0x92, 0x0, 0x0,
    0x0, 0x29, 0x0, 0x0, 0x8, 0x83, 0x11, 0x38,
    0x70, 0x0, 0x0, 0x0, 0x15, 0x77, 0x51, 0x0,
    0x0,

    /* U+1F60E "😎" */
    0x0, 0x0, 0x17, 0x88, 0x88, 0x50, 0x0, 0x0,
    0x0, 0x5, 0x92, 0x0, 0x0, 0x39, 0x20, 0x0,
    0x0, 0x66, 0x0, 0x0, 0x0, 0x0, 0x82, 0x0,
    0x2, 0x80, 0x0, 0x0, 0x0, 0x0, 0x1a, 0x0,
    0x7f, 0xfe, 0xff, 0xee, 0xee, 0xdf, 0xff, 0xf1,
    0xf, 0xac, 0xff, 0xf6, 0x9e, 0x9f, 0xff, 0xf0,
    0x2f, 0xff, 0xff, 0xd0, 0x1f, 0xff, 0xff, 0xf0,
    0x3e, 0xff, 0xff, 0x60, 0xa, 0xff, 0xff, 0xd0,
    0x17, 0x7a, 0xa5, 0x0, 0x0, 0x7a, 0xa5, 0x80,
    0x9, 0x0, 0x6, 0x0, 0x1, 0x60, 0x0, 0x80,
    0x7, 0x20, 0x3, 0x99, 0x98, 0x20, 0x6, 0x30,
    0x0, 0x90, 0x0, 0x0, 0x0, 0x0, 0x18, 0x0,
    0x0, 0x29, 0x10, 0x0, 0x0, 0x2, 0x90, 0x0,
    0x0, 0x1, 0x87, 0x20, 0x13, 0x87, 0x0, 0x0,
    0x0, 0x0, 0x1, 0x57, 0x75, 0x0, 0x0, 0x0,

    /* U+1F60F "😏" */
    0x0, 0x0, 0x68, 0x88, 0x86, 0x0, 0x0, 0x0,
    0x39, 0x30, 0x0, 0x3, 0x93, 0x0, 0x3, 0x80,
    0x0, 0x0, 0x0, 0x8, 0x30, 0x9, 0x0, 0x0,
    0x0, 0x0, 0x0, 0x90, 0x62, 0x38, 0x20, 0x0,
    0x0, 0x84, 0x26, 0x90, 0x50, 0x0, 0x0, 0x0,
    0x4, 0x19, 0x80, 0x8, 0xb3, 0x0, 0x18, 0xa2,
    0x8, 0x80, 0x0, 0xc5, 0x0, 0x1, 0xd3, 0x8,
    0x80, 0x0, 0x0, 0x0, 0x0, 0x0, 0x8, 0x90,
    0x0, 0x0, 0x0, 0x2, 0x0, 0x8, 0x45, 0x0,
    0x0, 0x0, 0x9, 0x0, 0x54, 0x9, 0x10, 0x8,
    0x88, 0x82, 0x1, 0x90, 0x0, 0x92, 0x0, 0x0,
    0x0, 0x29, 0x0, 0x0, 0x8, 0x83, 0x11, 0x38,
    0x70, 0x0, 0x0, 0x0, 0x15, 0x77, 0x51, 0x0,
    0x0,

    /* U+1F610 "😐" */
    0x0, 0x0, 0x68, 0x88, 0x86, 0x0, 0x0, 0x0,
    0x39, 0x30, 0x0, 0x3, 0x93, 0x0, 0x3, 0x80,
    0x0, 0x0, 0x0, 0x8, 0x30, 0x9, 0x0, 0x0,
    0x0, 0x0, 0x0, 0x90, 0x62, 0x0, 0x0, 0x0,
    0x0, 0x0, 0x26, 0x90, 0x0, 0xb4, 0x0, 0xc,
    0x30, 0x9, 0x80, 0x0, 0xf6, 0x0, 0x1f, 0x50,
    0x8, 0x80, 0x0, 0x10, 0x0, 0x1, 0x0, 0x8,
    0x80, 0x0, 0x0, 0x0, 0x0, 0x0, 0x8, 0x90,
    0x0, 0x88, 0x88, 0x88, 0x30, 0x8, 0x45, 0x0,
    0x0, 0x0, 0x0, 0x0, 0x54, 0x9, 0x10, 0x0,
    0x0, 0x0, 0x1, 0x90, 0x0, 0x92, 0x0, 0x0,
    0x0, 0x29, 0x0, 0x0, 0x8, 0x83, 0x11, 0x38,
    0x70, 0x0, 0x0, 0x0, 0x15, 0x77, 0x51, 0x0,
    0x0,

    /* U+1F611 "😑" */
    0x0, 0x0, 0x68, 0x88, 0x86, 0x0, 0x0, 0x0,
    0x39, 0x30, 0x0, 0x3, 0x93, 0x0, 0x3, 0x80,
    0x0, 0x0, 0x0, 0x8, 0x30, 0x9, 0x0, 0x0,
    0x0, 0x0, 0x0, 0x90, 0x62, 0x0, 0x0, 0x0,
    0x0, 0x0, 0x26, 0x90, 0x0, 0x0, 0x0, 0x0,
    0x0, 0x9, 0x80, 0x5, 0x88, 0x0, 0x58, 0x80,
    0x8, 0x80, 0x0, 0x0, 0x0, 0x0, 0x0, 0x8,
    0x80, 0x0, 0x0, 0x0, 0x0, 0x0, 0x8, 0x90,
    0x2, 0x88, 0x88, 0x88, 0x50, 0x8, 0x45, 0x0,
    0x0, 0x0, 0x0, 0x0, 0x54, 0x9, 0x10, 0x0,
    0x0, 0x0, 0x1, 0x90, 0x0, 0x92, 0x0, 0x0,
    0x0, 0x29, 0x0, 0x0, 0x8, 0x83, 0x11, 0x38,
    0x70, 0x0, 0x0, 0x0, 0x15, 0x77, 0x51, 0x0,
    0x0,

    /* U+1F612 "😒" */
    0x0, 0x0, 0x68, 0x88, 0x86, 0x0, 0x0, 0x0,
    0x39, 0x30, 0x0, 0x3, 0x93, 0x0, 0x3, 0x80,
    0x0, 0x0, 0x0, 0x8, 0x30, 0x9, 0x0, 0x0,
    0x0, 0x0, 0x0, 0x90, 0x62, 0x16, 0x40, 0x0,
    0x2, 0x61, 0x26, 0x90, 0x61, 0x0, 0x0, 0x0,
    0x16, 0x9, 0x80, 0x18, 0xc3, 0x0, 0x18, 0xc4,
    0x8, 0x80, 0x0, 0xc4, 0x0, 0x0, 0xc4, 0x8,
    0x80, 0x0, 0x0, 0x0, 0x0, 0x0, 0x8, 0x90,
    0x0, 0x0, 0x0, 0x0, 0x0, 0x8, 0x45, 0x0,
    0x7, 0x88, 0x81, 0x0, 0x54, 0x9, 0x10, 0x1,
    0x0, 0x11, 0x1, 0x90, 0x0, 0x92, 0x0, 0x0,
    0x0, 0x29, 0x0, 0x0, 0x8, 0x83, 0x11, 0x38,
    0x70, 0x0, 0x0, 0x0, 0x15, 0x77, 0x51, 0x0,
    0x0,

    /* U+1F613 "😓" */
    0x0, 0x51, 0x59, 0x88, 0x86, 0x0, 0x0, 0x1,
    0x9f, 0x40, 0x0, 0x3, 0x93, 0x0, 0x8, 0x15,
    0x40, 0x0, 0x0, 0x8, 0x30, 0x19, 0x0, 0x90,
    0x0, 0x0, 0x0, 0x90, 0xa5, 0x0, 0x80, 0x0,
    0x0, 0x0, 0x26, 0xa8, 0x1, 0x90, 0x0, 0x0,
    0x0, 0x9, 0x83, 0x87, 0x10, 0x0, 0x0, 0x0,
    0x8, 0x80, 0x0, 0x0, 0x0, 0x0, 0x0, 0x8,
    0x80, 0x28, 0x87, 0x0, 0x78, 0x82, 0x8, 0x90,
    0x0, 0x0, 0x0, 0x0, 0x0, 0x8, 0x45, 0x0,
    0x2, 0x77, 0x20, 0x0, 0x54, 0x9, 0x10, 0x7,
    0x11, 0x71, 0x1, 0x90, 0x0, 0x92, 0x0, 0x0,
    0x0, 0x29, 0x0, 0x0, 0x8, 0x83, 0x11, 0x38,
    0x70, 0x0, 0x0, 0x0, 0x15, 0x77, 0x51, 0x0,
    0x0,

    /* U+1F614 "😔" */
    0x0, 0x0, 0x68, 0x88, 0x86, 0x0, 0x0, 0x0,
    0x39, 0x30, 0x0, 0x3, 0x93, 0x0, 0x3, 0x80,
    0x0, 0x0, 0x0, 0x8, 0x30, 0x9, 0x0, 0x0,
    0x0, 0x0, 0x0, 0x90, 0x62, 0x8, 0x20, 0x0,
    0x1, 0x90, 0x26, 0x90, 0x72, 0x0, 0x0, 0x0,
    0x18, 0x9, 0x80, 0x0, 0x0, 0x0, 0x0, 0x0,
    0x8, 0x80, 0x14, 0x5, 0x0, 0x41, 0x32, 0x8,
    0x80, 0x5, 0x82, 0x0, 0x17, 0x60, 0x8, 0x90,
    0x0, 0x0, 0x0, 0x0, 0x0, 0x8, 0x45, 0x0,
    0x0, 0x0, 0x0, 0x0, 0x54, 0x9, 0x10, 0x6,
    0x88, 0x80, 0x1, 0x90, 0x0, 0x92, 0x0, 0x0,
    0x0, 0x29, 0x0, 0x0, 0x8, 0x83, 0x11, 0x38,
    0x70, 0x0, 0x0, 0x0, 0x15, 0x77, 0x51, 0x0,
    0x0,

    /* U+1F615 "😕" */
    0x0, 0x0, 0x68, 0x88, 0x86, 0x0, 0x0, 0x0,
    0x39, 0x30, 0x0, 0x3, 0x93, 0x0, 0x3, 0x80,
    0x0, 0x0, 0x0, 0x8, 0x30, 0x9, 0x0, 0x0,
    0x0, 0x0, 0x0, 0x90, 0x62, 0x0, 0x10, 0x0,
    0x1, 0x0, 0x26, 0x90, 0x0, 0xf6, 0x0, 0x1f,
    0x50, 0x9, 0x80, 0x0, 0xb4, 0x0, 0xc, 0x30,
    0x8, 0x80, 0x0, 0x0, 0x0, 0x0, 0x0, 0x8,
    0x80, 0x0, 0x0, 0x47, 0x74, 0x0, 0x8, 0x90,
    0x0, 0x39, 0x41, 0x15, 0x20, 0x8, 0x45, 0x0,
    0x70, 0x0, 0x0, 0x0, 0x54, 0x9, 0x10, 0x0,
    0x0, 0x0, 0x1, 0x90, 0x0, 0x92, 0x0, 0x0,
    0x0, 0x29, 0x0, 0x0, 0x8, 0x83, 0x11, 0x38,
    0x70, 0x0, 0x0, 0x0, 0x15, 0x77, 0x51, 0x0,
    0x0,

    /* U+1F616 "😖" */
    0x0, 0x0, 0x68, 0x88, 0x86, 0x0, 0x0, 0x0,
    0x39, 0x30, 0x0, 0x3, 0x93, 0x0, 0x3, 0x80,
    0x0, 0x0, 0x0, 0x8, 0x30, 0x9, 0x0, 0x0,
    0x0, 0x0, 0x0, 0x90, 0x62, 0x0, 0x0, 0x0,
    0x0, 0x0, 0x26, 0x90, 0x0, 0x0, 0x0, 0x0,
    0x0, 0x9, 0x80, 0x9, 0x20, 0x0, 0x2, 0x90,
    0x8, 0x80, 0x0, 0x98, 0x0, 0x89, 0x0, 0x8,
    0x80, 0x19, 0x83, 0x0, 0x38, 0x91, 0x8, 0x90,
    0x0, 0x0, 0x0, 0x0, 0x0, 0x8, 0x45, 0x2,
    0x7, 0x44, 0x70, 0x20, 0x54, 0x9, 0x12, 0xa4,
    0x88, 0x5b, 0x21, 0x90, 0x0, 0x92, 0x0, 0x0,
    0x0, 0x29, 0x0, 0x0, 0x8, 0x83, 0x11, 0x38,
    0x70, 0x0, 0x0, 0x0, 0x15, 0x77, 0x51, 0x0,
    0x0,

    /* U+1F617 "😗" */
    0x0, 0x0, 0x68, 0x88, 0x86, 0x0, 0x0, 0x0,
    0x39, 0x30, 0x0, 0x3, 0x93, 0x0, 0x3, 0x80,
    0x0, 0x0, 0x0, 0x8, 0x30, 0x9, 0x0, 0x0,
    0x0, 0x0, 0x0, 0x90, 0x62, 0x0, 0x10, 0x0,
    0x1, 0x0, 0x26, 0x90, 0x1, 0xf5, 0x0, 0x2f,
    0x30, 0x9, 0x80, 0x0, 0xc3, 0x0, 0x1c, 0x20,
    0x8, 0x80, 0x0, 0x0, 0x0, 0x0, 0x0, 0x8,
    0x80, 0x0, 0x0, 0x27, 0x20, 0x0, 0x8, 0x90,
    0x0, 0x0, 0x9, 0x50, 0x0, 0x8, 0x45, 0x0,
    0x0, 0x3, 0x70, 0x0, 0x54, 0x9, 0x10, 0x0,
    0x29, 0x10, 0x1, 0x90, 0x0, 0x92, 0x0, 0x0,
    0x0, 0x29, 0x0, 0x0, 0x8, 0x83, 0x11, 0x38,
    0x70, 0x0, 0x0, 0x0, 0x15, 0x77, 0x51, 0x0,
    0x0,

    /* U+1F618 "😘" */
    0x0, 0x0, 0x68, 0x88, 0x96, 0x0, 0x0, 0x0,
    0x3, 0x93, 0x0, 0x0, 0x39, 0x30, 0x0, 0x3,
    0x80, 0x0, 0x0, 0x0, 0x8, 0x30, 0x0, 0x90,
    0x86, 0x0, 0x0, 0x0, 0x9, 0x0, 0x62, 0x43,
    0x10, 0x0, 0x0, 0x50, 0x27, 0x9, 0x0, 0x1f,
    0x50, 0x2, 0x92, 0x0, 0x90, 0x80, 0x0, 0xc3,
    0x0, 0x58, 0x80, 0x8, 0x8, 0x0, 0x0, 0x0,
    0x0, 0x1, 0x30, 0x80, 0x80, 0x0, 0x0, 0x8,
    0x30, 0xdf, 0x76, 0x8, 0x0, 0x0, 0x0, 0x75,
    0xf, 0xff, 0xf1, 0x45, 0x0, 0x0, 0x2, 0x70,
    0xdf, 0xfe, 0x0, 0x91, 0x0, 0x0, 0x91, 0x9,
    0xb9, 0x20, 0x0, 0x92, 0x0, 0x0, 0x0, 0x26,
    0x0, 0x0, 0x0, 0x78, 0x31, 0x3, 0x88, 0x0,
    0x0, 0x0, 0x0, 0x5, 0x77, 0x51, 0x0, 0x0,
    0x0,

    /* U+1F619 "😙" */
    0x0, 0x0, 0x68, 0x88, 0x86, 0x0, 0x0, 0x0,
    0x39, 0x30, 0x0, 0x3, 0x93, 0x0, 0x3, 0x80,
    0x0, 0x0, 0x0, 0x8, 0x30, 0x9, 0x0, 0x0,
    0x0, 0x0, 0x0, 0x90, 0x62, 0x0, 0x0, 0x0,
    0x0, 0x0, 0x26, 0x90, 0x3, 0x94, 0x0, 0x39,
    0x40, 0x9, 0x80, 0x6, 0x5, 0x0, 0x50, 0x50,
    0x8, 0x80, 0x0, 0x0, 0x0, 0x0, 0x0, 0x8,
    0x80, 0x0, 0x0, 0x38, 0x30, 0x0, 0x8, 0x90,
    0x0, 0x0, 0x9, 0x50, 0x0, 0x8, 0x45, 0x0,
    0x0, 0x2, 0x70, 0x0, 0x54, 0x9, 0x10, 0x0,
    0x39, 0x20, 0x1, 0x90, 0x0, 0x92, 0x0, 0x0,
    0x0, 0x29, 0x0, 0x0, 0x8, 0x83, 0x11, 0x38,
    0x70, 0x0, 0x0, 0x0, 0x15, 0x77, 0x51, 0x0,
    0x0,

    /* U+1F61A "😚" */
    0x0, 0x0, 0x68, 0x88, 0x86, 0x0, 0x0, 0x0,
    0x39, 0x30, 0x0, 0x3, 0x93, 0x0, 0x3, 0x80,
    0x0, 0x0, 0x0, 0x8, 0x30, 0x9, 0x29, 0x80,
    0x0, 0x7, 0x92, 0x90, 0x62, 0x0, 0x0, 0x0,
    0x0, 0x0, 0x26, 0x90, 0x4, 0x72, 0x0, 0x17,
    0x50, 0x9, 0x80, 0x5, 0x4, 0x0, 0x41, 0x41,
    0x8, 0x80, 0x12, 0x10, 0x0, 0x1, 0x21, 0x8,
    0x80, 0x45, 0x40, 0x38, 0x34, 0x63, 0x8, 0x90,
    0x0, 0x0, 0x9, 0x50, 0x0, 0x8, 0x45, 0x0,
    0x0, 0x2, 0x70, 0x0, 0x54, 0x9, 0x10, 0x0,
    0x39, 0x20, 0x1, 0x90, 0x0, 0x92, 0x0, 0x0,
    0x0, 0x29, 0x0, 0x0, 0x8, 0x83, 0x11, 0x38,
    0x70, 0x0, 0x0, 0x0, 0x15, 0x77, 0x51, 0x0,
    0x0,

    /* U+1F61B "😛" */
    0x0, 0x0, 0x69, 0x88, 0x96, 0x0, 0x0, 0x0,
    0x39, 0x30, 0x0, 0x3, 0x93, 0x0, 0x3, 0x80,
    0x0, 0x0, 0x0, 0x8, 0x30, 0x9, 0x0, 0x0,
    0x0, 0x0, 0x0, 0x90, 0x72, 0x0, 0x0, 0x0,
    0x0, 0x0, 0x27, 0x90, 0x0, 0xb3, 0x0, 0xc,
    0x30, 0x9, 0x80, 0x0, 0xf6, 0x0, 0x1f, 0x50,
    0x8, 0x80, 0x0, 0x10, 0x0, 0x1, 0x0, 0x8,
    0x80, 0x11, 0x0, 0x0, 0x0, 0x10, 0x8, 0x80,
    0xbf, 0xfb, 0xac, 0xbf, 0xf7, 0x8, 0x36, 0x6f,
    0xf0, 0x6, 0xf, 0xf3, 0x73, 0x8, 0x37, 0xf0,
    0x6, 0xf, 0x43, 0x80, 0x0, 0x95, 0x70, 0x3,
    0xa, 0x39, 0x0, 0x0, 0x5, 0xe6, 0x0, 0x8e,
    0x60, 0x0, 0x0, 0x0, 0x4, 0x88, 0x40, 0x0,
    0x0,

    /* U+1F61C "😜" */
    0x0, 0x0, 0x69, 0x88, 0x96, 0x0, 0x0, 0x0,
    0x39, 0x30, 0x0, 0x3, 0x93, 0x0, 0x3, 0x80,
    0x0, 0x0, 0x0, 0x8, 0x30, 0x9, 0x0, 0x0,
    0x0, 0x0, 0x0, 0x90, 0x72, 0x0, 0x0, 0x0,
    0x77, 0x71, 0x27, 0x90, 0x17, 0x60, 0x5, 0x29,
    0x17, 0x9, 0x80, 0x37, 0x96, 0x5, 0x29, 0x17,
    0x8, 0x80, 0x20, 0x0, 0x0, 0x67, 0x71, 0x8,
    0x80, 0x1, 0x0, 0x0, 0x0, 0x11, 0x8, 0x80,
    0x8f, 0xfb, 0xab, 0xbf, 0xfb, 0x8, 0x36, 0x3f,
    0xf0, 0x6, 0xf, 0xf6, 0x73, 0x8, 0x34, 0xf0,
    0x6, 0xf, 0x73, 0x80, 0x0, 0x95, 0x80, 0x3,
    0x9, 0x39, 0x0, 0x0, 0x5, 0xc9, 0x0, 0x5f,
    0x60, 0x0, 0x0, 0x0, 0x3, 0x88, 0x50, 0x0,
    0x0,

    /* U+1F61D "😝" */
    0x0, 0x0, 0x69, 0x88, 0x96, 0x0, 0x0, 0x0,
    0x39, 0x30, 0x0, 0x3, 0x93, 0x0, 0x3, 0x80,
    0x0, 0x0, 0x0, 0x8, 0x30, 0x9, 0x0, 0x0,
    0x0, 0x0, 0x0, 0x90, 0x72, 0x0, 0x0, 0x0,
    0x0, 0x0, 0x27, 0x90, 0x9, 0x60, 0x0, 0x3,
    0x92, 0x9, 0x80, 0x0, 0x8c, 0x10, 0x9b, 0x0,
    0x8, 0x80, 0x18, 0x50, 0x0, 0x3, 0x83, 0x8,
    0x80, 0x1, 0x0, 0x0, 0x0, 0x0, 0x8, 0x80,
    0x7f, 0xfb, 0xab, 0xbf, 0xfb, 0x8, 0x36, 0x3f,
    0xf0, 0x6, 0xf, 0xf6, 0x73, 0x8, 0x34, 0xf0,
    0x6, 0xf, 0x73, 0x80, 0x0, 0x95, 0x80, 0x3,
    0x9, 0x39, 0x0, 0x0, 0x5, 0xc9, 0x0, 0x5f,
    0x60, 0x0, 0x0, 0x0, 0x3, 0x88, 0x50, 0x0,
    0x0,

    /* U+1F61E "😞" */
    0x0, 0x0, 0x68, 0x88, 0x86, 0x0, 0x0, 0x0,
    0x39, 0x30, 0x0, 0x3, 0x93, 0x0, 0x3, 0x80,
    0x0, 0x0, 0x0, 0x8, 0x30, 0x9, 0x0, 0x0,
    0x0, 0x0, 0x0, 0x90, 0x62, 0x0, 0x0, 0x0,
    0x0, 0x0, 0x26, 0x90, 0x0, 0x0, 0x0, 0x0,
    0x0, 0x9, 0x80, 0x0, 0x0, 0x0, 0x0, 0x0,
    0x8, 0x80, 0x0, 0x2, 0x0, 0x20, 0x0, 0x8,
    0x80, 0x8, 0x97, 0x0, 0x29, 0x84, 0x8, 0x90,
    0x0, 0x0, 0x0, 0x0, 0x0, 0x8, 0x45, 0x0,
    0x1, 0x67, 0x30, 0x0, 0x54, 0x9, 0x10, 0x7,
    0x21, 0x54, 0x1, 0x90, 0x0, 0x92, 0x0, 0x0,
    0x0, 0x29, 0x0, 0x0, 0x8, 0x83, 0x11, 0x38,
    0x70, 0x0, 0x0, 0x0, 0x15, 0x77, 0x51, 0x0,
    0x0,

    /* U+1F61F "😟" */
    0x0, 0x0, 0x68, 0x88, 0x86, 0x0, 0x0, 0x0,
    0x39, 0x30, 0x0, 0x3, 0x93, 0x0, 0x3, 0x80,
    0x10, 0x0, 0x1, 0x8, 0x30, 0x9, 0x5, 0x60,
    0x0, 0x4, 0x61, 0x90, 0x62, 0x22, 0x0, 0x0,
    0x0, 0x13, 0x26, 0x90, 0x0, 0x10, 0x0, 0x1,
    0x0, 0x9, 0x80, 0x0, 0xe9, 0x0, 0x5f, 0x10,
    0x8, 0x80, 0x0, 0xb6, 0x0, 0x3c, 0x0, 0x8,
    0x80, 0x0, 0x0, 0x0, 0x0, 0x0, 0x8, 0x90,
    0x0, 0x0, 0x0, 0x0, 0x0, 0x8, 0x45, 0x0,
    0x7, 0x88, 0x81, 0x0, 0x54, 0x9, 0x10, 0x21,
    0x0, 0x4, 0x1, 0x90, 0x0, 0x92, 0x0, 0x0,
    0x0, 0x29, 0x0, 0x0, 0x8, 0x83, 0x11, 0x38,
    0x70, 0x0, 0x0, 0x0, 0x15, 0x77, 0x51, 0x0,
    0x0,

    /* U+1F620 "😠" */
    0x0, 0x0, 0x68, 0x88, 0x86, 0x0, 0x0, 0x0,
    0x39, 0x30, 0x0, 0x3, 0x93, 0x0, 0x3, 0x80,
    0x0, 0x0, 0x0, 0x8, 0x30, 0x9, 0x0, 0x0,
    0x0, 0x0, 0x0, 0x90, 0x62, 0x0, 0x0, 0x0,
    0x0, 0x0, 0x26, 0x90, 0x0, 0x0, 0x0, 0x0,
    0x0, 0x9, 0x80, 0x1, 0x0, 0x0, 0x0, 0x10,
    0x8, 0x80, 0x3, 0xb4, 0x0, 0x2b, 0x40, 0x8,
    0x80, 0x0, 0xde, 0x0, 0xbf, 0x10, 0x8, 0x90,
    0x0, 0x43, 0x0, 0x26, 0x0, 0x8, 0x45, 0x0,
    0x1, 0x77, 0x20, 0x0, 0x54, 0x9, 0x10, 0x38,
    0x11, 0x75, 0x1, 0x90, 0x0, 0x92, 0x0, 0x0,
    0x0, 0x29, 0x0, 0x0, 0x8, 0x83, 0x11, 0x38,
    0x70, 0x0, 0x0, 0x0, 0x15, 0x77, 0x51, 0x0,
    0x0,

    /* U+1F621 "😡" */
    0x0, 0x0, 0x68, 0x88, 0x86, 0x0, 0x0, 0x0,
    0x4d, 0x52, 0x0, 0x3, 0x93, 0x0, 0x3, 0xf6,
    0x76, 0x0, 0x0, 0x8, 0x30, 0x9, 0x80, 0x8,
    0x0, 0x0, 0x0, 0x90, 0x62, 0x65, 0x65, 0x0,
    0x0, 0x0, 0x26, 0x90, 0x14, 0x32, 0x0, 0x0,
    0x0, 0x9, 0x80, 0x2, 0x0, 0x0, 0x0, 0x30,
    0x8, 0x80, 0x2, 0xc6, 0x0, 0x5c, 0x20, 0x8,
    0x80, 0x0, 0xdd, 0x0, 0xce, 0x0, 0x8, 0x90,
    0x0, 0x43, 0x0, 0x25, 0x0, 0x8, 0x45, 0x0,
    0x1, 0x77, 0x20, 0x0, 0x54, 0x9, 0x10, 0x38,
    0x11, 0x74, 0x1, 0x90, 0x0, 0x92, 0x0, 0x0,
    0x0, 0x29, 0x0, 0x0, 0x8, 0x83, 0x11, 0x38,
    0x70, 0x0, 0x0, 0x0, 0x15, 0x77, 0x51, 0x0,
    0x0,

    /* U+1F622 "😢" */
    0x0, 0x0, 0x68, 0x88, 0x86, 0x0, 0x0, 0x0,
    0x39, 0x30, 0x0, 0x3, 0x93, 0x0, 0x3, 0x80,
    0x0, 0x0, 0x0, 0x8, 0x30, 0x9, 0x4, 0x50,
    0x0, 0x2, 0x60, 0x90, 0x62, 0x46, 0x0, 0x0,
    0x0, 0x37, 0x26, 0x90, 0x0, 0xb4, 0x0, 0xc,
    0x30, 0x9, 0x80, 0x0, 0xf6, 0x0, 0x1f, 0x50,
    0x8, 0x80, 0x0, 0x20, 0x0, 0x1, 0x0, 0x8,
    0x80, 0x7, 0x70, 0x0, 0x0, 0x0, 0x8, 0x80,
    0x8, 0x90, 0x0, 0x0, 0x0, 0x8, 0x35, 0x72,
    0x2e, 0x88, 0x96, 0x0, 0x54, 0x8, 0xa0, 0x8,
    0x0, 0x1, 0x1, 0x90, 0x0, 0xc0, 0x7, 0x0,
    0x0, 0x29, 0x0, 0x0, 0x48, 0xd7, 0x10, 0x38,
    0x80, 0x0, 0x0, 0x0, 0x15, 0x77, 0x51, 0x0,
    0x0,

    /* U+1F623 "😣" */
    0x0, 0x0, 0x68, 0x88, 0x86, 0x0, 0x0, 0x0,
    0x39, 0x30, 0x0, 0x3, 0x93, 0x0, 0x3, 0x80,
    0x0, 0x0, 0x0, 0x8, 0x30, 0x9, 0x0, 0x30,
    0x0, 0x3, 0x0, 0x90, 0x62, 0x28, 0x30, 0x0,
    0x3, 0x82, 0x26, 0x90, 0x0, 0x0, 0x0, 0x0,
    0x0, 0x9, 0x80, 0x5, 0x50, 0x0, 0x5, 0x50,
    0x8, 0x80, 0x0, 0x6b, 0x0, 0xb6, 0x0, 0x8,
    0x80, 0x28, 0x41, 0x0, 0x14, 0x82, 0x8, 0x90,
    0x0, 0x0, 0x0, 0x0, 0x0, 0x8, 0x45, 0x0,
    0x7, 0x88, 0x70, 0x0, 0x54, 0x9, 0x10, 0x2,
    0x0, 0x20, 0x1, 0x90, 0x0, 0x92, 0x0, 0x0,
    0x0, 0x29, 0x0, 0x0, 0x8, 0x83, 0x11, 0x38,
    0x70, 0x0, 0x0, 0x0, 0x15, 0x77, 0x51, 0x0,
    0x0,

    /* U+1F624 "😤" */
    0x0, 0x0, 0x17, 0x88, 0x89, 0x50, 0x0, 0x0,
    0x0, 0x5, 0x82, 0x0, 0x0, 0x39, 0x30, 0x0,
    0x0, 0x65, 0x46, 0x0, 0x2, 0x80, 0x83, 0x0,
    0x2, 0x70, 0x3, 0x80, 0x29, 0x0, 0x9, 0x0,
    0x8, 0x0, 0x0, 0x0, 0x0, 0x0, 0x2, 0x60,
    0x8, 0x0, 0x30, 0x30, 0x11, 0x2, 0x0, 0x90,
    0x26, 0x0, 0x68, 0x40, 0x17, 0x73, 0x0, 0x80,
    0x35, 0x0, 0x1, 0x0, 0x1, 0x0, 0x0, 0x80,
    0x2e, 0x76, 0xa8, 0x0, 0x1, 0xd9, 0x59, 0xe0,
    0x63, 0x22, 0x73, 0x78, 0x94, 0x90, 0x40, 0x62,
    0x55, 0x0, 0x91, 0x10, 0x3, 0x45, 0x0, 0x91,
    0x90, 0x0, 0x90, 0x0, 0x0, 0x71, 0x0, 0x36,
    0x58, 0xb8, 0xa0, 0x0, 0x0, 0x3b, 0x99, 0x92,
    0x1, 0x3, 0x97, 0x20, 0x14, 0xa7, 0x10, 0x0,
    0x0, 0x0, 0x1, 0x68, 0x74, 0x0, 0x0, 0x0,

    /* U+1F625 "😥" */
    0x0, 0x0, 0x17, 0x88, 0x88, 0x50, 0x0, 0x0,
    0x0, 0x68, 0x10, 0x0, 0x4, 0x92, 0x0, 0x0,
    0x74, 0x0, 0x0, 0x0, 0x0, 0x92, 0x0, 0x36,
    0x4, 0x40, 0x0, 0x7, 0x10, 0x90, 0x8, 0x7,
    0x50, 0x0, 0x0, 0x7, 0x43, 0x51, 0x70, 0x0,
    0x0, 0x0, 0x0, 0x0, 0x9, 0x35, 0xb0, 0x2b,
    0x0, 0x4, 0xa0, 0x0, 0x83, 0xb5, 0x84, 0xf2,
    0x0, 0x7f, 0x0, 0x8, 0x2c, 0x7, 0x22, 0x0,
    0x0, 0x10, 0x0, 0x86, 0x20, 0x8, 0x0, 0x0,
    0x0, 0x0, 0x8, 0x80, 0x0, 0x80, 0x28, 0x71,
    0x0, 0x6, 0x33, 0x70, 0x56, 0x47, 0x2, 0xa1,
    0x2, 0x80, 0x4, 0x8e, 0x10, 0x0, 0x0, 0x3,
    0x90, 0x0, 0x0, 0x8, 0x83, 0x1, 0x48, 0x70,
    0x0, 0x0, 0x0, 0x1, 0x57, 0x74, 0x0, 0x0,
    0x0,

    /* U+1F626 "😦" */
    0x0, 0x0, 0x68, 0x88, 0x86, 0x0, 0x0, 0x0,
    0x39, 0x30, 0x0, 0x3, 0x93, 0x0, 0x3, 0x80,
    0x0, 0x0, 0x0, 0x8, 0x30, 0x9, 0x0, 0x0,
    0x0, 0x0, 0x0, 0x90, 0x62, 0x0, 0x0, 0x0,
    0x0, 0x0, 0x26, 0x90, 0x0, 0x10, 0x0, 0x1,
    0x0, 0x9, 0x80, 0x0, 0xf6, 0x0, 0x1f, 0x50,
    0x8, 0x80, 0x0, 0xb4, 0x0, 0xc, 0x30, 0x8,
    0x80, 0x0, 0x0, 0x0, 0x0, 0x0, 0x8, 0x90,
    0x0, 0x0, 0x34, 0x10, 0x0, 0x8, 0x45, 0x0,
    0x2e, 0xff, 0xf5, 0x0, 0x54, 0x9, 0x10, 0x3e,
    0xee, 0xe7, 0x1, 0x90, 0x0, 0x92, 0x0, 0x0,
    0x0, 0x29, 0x0, 0x0, 0x8, 0x83, 0x11, 0x38,
    0x70, 0x0, 0x0, 0x0, 0x15, 0x77, 0x51, 0x0,
    0x0,

    /* U+1F627 "😧" */
    0x0, 0x0, 0x68, 0x88, 0x86, 0x0, 0x0, 0x0,
    0x39, 0x30, 0x0, 0x3, 0x93, 0x0, 0x3, 0x83,
    0x60, 0x0, 0x4, 0x58, 0x30, 0x9, 0x56, 0x10,
    0x0, 0x0, 0x46, 0x90, 0x62, 0x0, 0x0, 0x0,
    0x0, 0x0, 0x26, 0x90, 0x0, 0x10, 0x0, 0x1,
    0x0, 0x9, 0x80, 0x0, 0xf6, 0x0, 0x1f, 0x50,
    0x8, 0x80, 0x0, 0xb4, 0x0, 0xc, 0x30, 0x8,
    0x80, 0x0, 0x0, 0x0, 0x0, 0x0, 0x8, 0x90,
    0x0, 0x1, 0x66, 0x20, 0x0, 0x8, 0x45, 0x0,
    0x1e, 0xff, 0xf5, 0x0, 0x54, 0x9, 0x10, 0x2f,
    0xfe, 0xf6, 0x1, 0x90, 0x0, 0x92, 0x0, 0x0,
    0x0, 0x29, 0x0, 0x0, 0x8, 0x83, 0x11, 0x38,
    0x70, 0x0, 0x0, 0x0, 0x15, 0x77, 0x51, 0x0,
    0x0,

    /* U+1F628 "😨" */
    0x0, 0x0, 0x8a, 0xbb, 0xc7, 0x10, 0x0, 0x0,
    0x3e, 0xa4, 0x55, 0x76, 0xe7, 0x0, 0x3, 0xda,
    0xc4, 0x55, 0x7a, 0x9e, 0x70, 0xc, 0xab, 0x84,
    0x55, 0x74, 0xad, 0xf1, 0x67, 0x44, 0x53, 0x34,
    0x52, 0x34, 0x98, 0x90, 0x0, 0x10, 0x0, 0x1,
    0x0, 0x9, 0x80, 0x0, 0xf6, 0x0, 0x1f, 0x50,
    0x8, 0x80, 0x0, 0xb4, 0x0, 0xc, 0x30, 0x8,
    0x80, 0x0, 0x0, 0x0, 0x0, 0x0, 0x8, 0x90,
    0x0, 0x2, 0x66, 0x10, 0x0, 0x8, 0x45, 0x0,
    0x3f, 0xff, 0xe1, 0x0, 0x54, 0x9, 0x10, 0x4f,
    0xef, 0xf2, 0x1, 0x90, 0x0, 0x92, 0x0, 0x0,
    0x0, 0x29, 0x0, 0x0, 0x8, 0x83, 0x11, 0x38,
    0x70, 0x0, 0x0, 0x0, 0x15, 0x77, 0x51, 0x0,
    0x0,

    /* U+1F629 "😩" */
    0x0, 0x0, 0x68, 0x88, 0x86, 0x0, 0x0, 0x0,
    0x39, 0x30, 0x0, 0x3, 0x93, 0x0, 0x3, 0x80,
    0x6, 0x0, 0x51, 0x8, 0x30, 0x9, 0x0, 0x82,
    0x0, 0x8, 0x20, 0x90, 0x62, 0x0, 0x0, 0x0,
    0x10, 0x0, 0x26, 0x90, 0x0, 0x9, 0x0, 0x71,
    0x0, 0x9, 0x80, 0x5, 0x72, 0x0, 0x7, 0x70,
    0x8, 0x80, 0x0, 0x1, 0x55, 0x20, 0x0, 0x8,
    0x80, 0x0, 0x55, 0x10, 0x47, 0x0, 0x8, 0x90,
    0x2, 0xda, 0xaa, 0xab, 0x60, 0x8, 0x45, 0x6,
    0xff, 0xff, 0xff, 0xb0, 0x54, 0x9, 0x13, 0xa6,
    0x21, 0x5a, 0x61, 0x90, 0x0, 0x92, 0x0, 0x0,
    0x0, 0x29, 0x0, 0x0, 0x8, 0x83, 0x11, 0x38,
    0x70, 0x0, 0x0, 0x0, 0x15, 0x77, 0x51, 0x0,
    0x0,

    /* U+1F62A "😪" */
    0x0, 0x0, 0x28, 0x88, 0x88, 0x30, 0x0, 0x0,
    0x0, 0x8, 0x70, 0x0, 0x0, 0x69, 0x0, 0x0,
    0x0, 0x92, 0x0, 0x0, 0x0, 0x1, 0x90, 0x0,
    0x7, 0x30, 0x10, 0x0, 0x0, 0x10, 0x28, 0x0,
    0x9, 0x28, 0x30, 0x0, 0x0, 0x28, 0x47, 0x10,
    0x44, 0x30, 0x0, 0x0, 0x0, 0x0, 0x32, 0x60,
    0x71, 0x5, 0x14, 0x20, 0x5, 0x15, 0x0, 0x80,
    0x80, 0x1, 0x64, 0x0, 0x3, 0x61, 0x0, 0x80,
    0x61, 0x0, 0x0, 0x0, 0x4, 0x87, 0x77, 0x90,
    0x36, 0x0, 0x0, 0x4, 0x17, 0x40, 0x1, 0x90,
    0x9, 0x0, 0x1, 0xef, 0xf3, 0x71, 0x0, 0x70,
    0x3, 0x70, 0x1, 0xa9, 0xa3, 0x8, 0x21, 0x80,
    0x0, 0x57, 0x0, 0x0, 0x0, 0x6, 0xa6, 0x0,
    0x0, 0x3, 0x96, 0x20, 0x15, 0x94, 0x0, 0x0,
    0x0, 0x0, 0x3, 0x68, 0x63, 0x0, 0x0, 0x0,

    /* U+1F62B "😫" */
    0x0, 0x0, 0x68, 0x88, 0x86, 0x0, 0x0, 0x0,
    0x39, 0x30, 0x0, 0x3, 0x93, 0x0, 0x3, 0x80,
    0x14, 0x0, 0x23, 0x8, 0x30, 0x9, 0x5, 0x60,
    0x0, 0x5, 0x70, 0x90, 0x62, 0x2, 0x0, 0x0,
    0x0, 0x10, 0x26, 0x90, 0x4, 0x77, 0x0, 0x48,
    0x50, 0x9, 0x80, 0x4, 0x84, 0x0, 0x27, 0x60,
    0x8, 0x80, 0x1, 0x1, 0x55, 0x20, 0x10, 0x8,
    0x80, 0x0, 0x55, 0x10, 0x47, 0x0, 0x8, 0x90,
    0x2, 0xda, 0xaa, 0xab, 0x60, 0x8, 0x45, 0x6,
    0xff, 0xff, 0xff, 0xb0, 0x54, 0x9, 0x13, 0xa6,
    0x21, 0x5a, 0x61, 0x90, 0x0, 0x92, 0x0, 0x0,
    0x0, 0x29, 0x0, 0x0, 0x8, 0x83, 0x11, 0x38,
    0x70, 0x0, 0x0, 0x0, 0x15, 0x77, 0x51, 0x0,
    0x0,

    /* U+1F62C "😬" */
    0x0, 0x0, 0x68, 0x88, 0x86, 0x0, 0x0, 0x0,
    0x39, 0x30, 0x0, 0x3, 0x93, 0x0, 0x3, 0x80,
    0x0, 0x0, 0x0, 0x8, 0x30, 0x9, 0x0, 0x0,
    0x0, 0x0, 0x0, 0x90, 0x62, 0x0, 0x20, 0x0,
    0x2, 0x0, 0x26, 0x90, 0x3, 0xf3, 0x0, 0x3f,
    0x40, 0x9, 0x80, 0x2, 0xc1, 0x0, 0x1c, 0x20,
    0x8, 0x80, 0x0, 0x0, 0x0, 0x0, 0x0, 0x8,
    0x80, 0x17, 0x8d, 0x69, 0xa6, 0xa2, 0x8, 0x90,
    0x89, 0xbf, 0x8c, 0xd8, 0xc9, 0x8, 0x45, 0x47,
    0x5b, 0x26, 0x72, 0x85, 0x54, 0x9, 0x13, 0x67,
    0x66, 0x66, 0x41, 0x90, 0x0, 0x92, 0x0, 0x0,
    0x0, 0x29, 0x0, 0x0, 0x8, 0x83, 0x11, 0x38,
    0x70, 0x0, 0x0, 0x0, 0x15, 0x77, 0x51, 0x0,
    0x0,

    /* U+1F62D "😭" */
    0x0, 0x0, 0x68, 0x88, 0x87, 0x10, 0x0, 0x0,
    0x3, 0x93, 0x0, 0x0, 0x28, 0x50, 0x0, 0x3,
    0x80, 0x0, 0x0, 0x0, 0x5, 0x60, 0x0, 0x92,
    0x81, 0x0, 0x0, 0x18, 0x57, 0x20, 0x72, 0x71,
    0x20, 0x0, 0x1, 0x26, 0x39, 0x9, 0x3, 0xff,
    0x60, 0x3, 0xfe, 0x70, 0x80, 0x80, 0x7, 0x80,
    0x0, 0x8, 0x80, 0x6, 0x28, 0x0, 0x78, 0x15,
    0x51, 0x88, 0x0, 0x62, 0x80, 0x7, 0xc7, 0x33,
    0x7c, 0x80, 0x8, 0x7, 0x10, 0x7c, 0x77, 0x77,
    0xc7, 0x0, 0x90, 0x18, 0x7, 0xef, 0xff, 0xfe,
    0x71, 0x73, 0x0, 0x57, 0x7b, 0x40, 0x4, 0xb6,
    0x78, 0x0, 0x5, 0xb3, 0x82, 0x0, 0x18, 0x2a,
    0x80, 0x0, 0x29, 0x0, 0xd6, 0x5e, 0x10, 0x58,
    0x0, 0x0, 0x48, 0x86, 0x44, 0x58, 0x87, 0x0,
    0x0,

    /* U+1F62E "😮" */
    0x0, 0x0, 0x68, 0x88, 0x86, 0x0, 0x0, 0x0,
    0x39, 0x30, 0x0, 0x3, 0x93, 0x0, 0x3, 0x80,
    0x0, 0x0, 0x0, 0x8, 0x30, 0x9, 0x0, 0x0,
    0x0, 0x0, 0x0, 0x90, 0x62, 0x0, 0x10, 0x0,
    0x1, 0x0, 0x26, 0x90, 0x0, 0xf6, 0x0, 0x1f,
    0x50, 0x9, 0x80, 0x0, 0xb4, 0x0, 0xc, 0x30,
    0x8, 0x80, 0x0, 0x0, 0x0, 0x0, 0x0, 0x8,
    0x80, 0x0, 0x0, 0x78, 0x20, 0x0, 0x8, 0x90,
    0x0, 0xc, 0xff, 0xe2, 0x0, 0x8, 0x45, 0x0,
    0x1f, 0xff, 0xf6, 0x0, 0x54, 0x9, 0x10, 0x6,
    0xcc, 0x90, 0x1, 0x90, 0x0, 0x92, 0x0, 0x0,
    0x0, 0x29, 0x0, 0x0, 0x8, 0x83, 0x11, 0x38,
    0x70, 0x0, 0x0, 0x0, 0x15, 0x77, 0x51, 0x0,
    0x0,

    /* U+1F62F "😯" */
    0x0, 0x0, 0x68, 0x88, 0x86, 0x0, 0x0, 0x0,
    0x39, 0x30, 0x0, 0x3, 0x93, 0x0, 0x3, 0x83,
    0x50, 0x0, 0x4, 0x48, 0x30, 0x9, 0x45, 0x10,
    0x0, 0x0, 0x45, 0x90, 0x62, 0x0, 0x0, 0x0,
    0x0, 0x0, 0x26, 0x90, 0x3, 0xc0, 0x0, 0xa,
    0x60, 0x9, 0x80, 0x5, 0xf1, 0x0, 0xd, 0x90,
    0x8, 0x80, 0x0, 0x10, 0x0, 0x1, 0x0, 0x8,
    0x80, 0x0, 0x0, 0x0, 0x0, 0x0, 0x8, 0x90,
    0x0, 0x0, 0x9b, 0x10, 0x0, 0x8, 0x45, 0x0,
    0x4, 0xff, 0x80, 0x0, 0x54, 0x9, 0x10, 0x1,
    0xef, 0x40, 0x1, 0x90, 0x0, 0x92, 0x0, 0x1,
    0x0, 0x29, 0x0, 0x0, 0x8, 0x83, 0x11, 0x38,
    0x70, 0x0, 0x0, 0x0, 0x15, 0x77, 0x51, 0x0,
    0x0,

    /* U+1F630 "😰" */
    0x0, 0x0, 0x7, 0xbc, 0xba, 0x60, 0x0, 0x0,
    0x0, 0x5d, 0x86, 0x74, 0x58, 0xd3, 0x0, 0x0,
    0x5b, 0x65, 0x67, 0x45, 0x56, 0xc3, 0x0, 0x2a,
    0x69, 0xc6, 0x74, 0x5c, 0x96, 0xb0, 0x9, 0x5a,
    0xc5, 0x56, 0x34, 0x5c, 0xa7, 0x60, 0x90, 0x0,
    0x10, 0x0, 0x1, 0x0, 0x8, 0x18, 0x60, 0x1f,
    0x50, 0x5, 0xf1, 0x0, 0x81, 0xa9, 0x70, 0xc3,
    0x0, 0x3c, 0x0, 0x8, 0xf, 0x7, 0x20, 0x0,
    0x0, 0x0, 0x0, 0x85, 0x40, 0x8, 0x3, 0x77,
    0x30, 0x0, 0x8, 0x80, 0x0, 0x85, 0xff, 0xff,
    0x50, 0x5, 0x44, 0x70, 0x37, 0x4e, 0xdd, 0xe4,
    0x1, 0x90, 0x4, 0x8c, 0x40, 0x0, 0x0, 0x2,
    0x90, 0x0, 0x0, 0x6, 0x94, 0x10, 0x38, 0x80,
    0x0, 0x0, 0x0, 0x0, 0x47, 0x75, 0x10, 0x0,
    0x0,

    /* U+1F631 "😱" */
    0x0, 0x0, 0x6, 0xab, 0xbb, 0x70, 0x0, 0x0,
    0x0, 0x3, 0xc8, 0x55, 0x55, 0x8f, 0x60, 0x0,
    0x0, 0x3b, 0x55, 0x55, 0x55, 0x55, 0xf4, 0x0,
    0x0, 0xb5, 0x55, 0x55, 0x55, 0x55, 0x7c, 0x0,
    0x7, 0x85, 0xbc, 0x65, 0x55, 0xbb, 0x79, 0x70,
    0x9, 0x6, 0x51, 0x90, 0x6, 0x42, 0x70, 0x90,
    0x9, 0x9, 0x0, 0x80, 0x8, 0x0, 0x70, 0x90,
    0x9, 0x8, 0x10, 0x90, 0x6, 0x30, 0x70, 0x90,
    0x8d, 0xc3, 0x89, 0x10, 0x0, 0x78, 0x3c, 0xd8,
    0xb5, 0x8a, 0x0, 0x9, 0xe0, 0x0, 0x97, 0x5b,
    0x98, 0x73, 0xa1, 0xf, 0xf4, 0x8, 0x37, 0x88,
    0x76, 0x22, 0x1a, 0x1f, 0xf6, 0x83, 0x2, 0x58,
    0x9, 0x0, 0x2, 0x68, 0xb3, 0x70, 0x0, 0x91,
    0x2, 0xa2, 0x3, 0xc4, 0x36, 0xb0, 0x19, 0x30,
    0x0, 0x7, 0x86, 0x14, 0x42, 0x48, 0x71, 0x0,

    /* U+1F632 "😲" */
    0x0, 0x0, 0x68, 0x88, 0x86, 0x0, 0x0, 0x0,
    0x39, 0x30, 0x0, 0x3, 0x93, 0x0, 0x3, 0x85,
    0x80, 0x0, 0x7, 0x68, 0x30, 0x9, 0x33, 0x0,
    0x0, 0x0, 0x24, 0x90, 0x62, 0x0, 0x30, 0x0,
    0x3, 0x0, 0x26, 0x90, 0x0, 0xf6, 0x0, 0x3f,
    0x20, 0x9, 0x80, 0x0, 0xf5, 0x0, 0x2f, 0x20,
    0x8, 0x80, 0x0, 0x0, 0x0, 0x0, 0x0, 0x8,
    0x80, 0x0, 0x0, 0x67, 0x0, 0x0, 0x8, 0x90,
    0x0, 0x4, 0x42, 0x70, 0x0, 0x8, 0x45, 0x0,
    0x6, 0xff, 0x90, 0x0, 0x54, 0x9, 0x10, 0x5,
    0xff, 0x80, 0x1, 0x90, 0x0, 0x92, 0x1, 0xcd,
    0x20, 0x29, 0x0, 0x0, 0x8, 0x83, 0x11, 0x38,
    0x70, 0x0, 0x0, 0x0, 0x15, 0x77, 0x51, 0x0,
    0x0,

    /* U+1F633 "😳" */
    0x0, 0x0, 0x68, 0x88, 0x86, 0x0, 0x0, 0x0,
    0x39, 0x30, 0x0, 0x3, 0x93, 0x0, 0x3, 0x86,
    0x72, 0x0, 0x16, 0x7a, 0x30, 0x9, 0x1, 0x0,
    0x0, 0x1, 0x1, 0x90, 0x62, 0x5, 0x40, 0x0,
    0x3, 0x61, 0x26, 0x90, 0x62, 0x26, 0x0, 0x44,
    0x17, 0x19, 0x80, 0x69, 0x87, 0x0, 0x73, 0xe1,
    0x58, 0x80, 0x72, 0x27, 0x0, 0x61, 0x44, 0x38,
    0x80, 0x17, 0x71, 0x0, 0x6, 0x74, 0x8, 0x90,
    0x34, 0x30, 0x0, 0x3, 0x53, 0x8, 0x45, 0x13,
    0x10, 0x0, 0x2, 0x31, 0x54, 0x9, 0x10, 0x0,
    0x88, 0x20, 0x1, 0x90, 0x0, 0x92, 0x0, 0x0,
    0x0, 0x29, 0x0, 0x0, 0x8, 0x83, 0x11, 0x38,
    0x70, 0x0, 0x0, 0x0, 0x15, 0x77, 0x51, 0x0,
    0x0,

    /* U+1F634 "😴" */
    0x0, 0x0, 0x6, 0x88, 0x88, 0x50, 0x4, 0x90,
    0x0, 0x3, 0x93, 0x0, 0x0, 0x24, 0x5, 0x50,
    0x0, 0x38, 0x0, 0x0, 0x45, 0x9, 0x8, 0x50,
    0x0, 0x90, 0x0, 0x0, 0x64, 0x47, 0x4, 0x0,
    0x7, 0x20, 0x0, 0x0, 0x72, 0x0, 0x3, 0x60,
    0x9, 0x0, 0x0, 0x0, 0x0, 0x0, 0x0, 0x90,
    0x8, 0x1, 0x41, 0x50, 0x4, 0x14, 0x10, 0x80,
    0x8, 0x0, 0x36, 0x10, 0x1, 0x63, 0x0, 0x80,
    0x8, 0x0, 0x0, 0x0, 0x0, 0x0, 0x0, 0x80,
    0x9, 0x0, 0x0, 0x0, 0x10, 0x0, 0x0, 0x80,
    0x4, 0x40, 0x0, 0x6f, 0xf8, 0x0, 0x5, 0x30,
    0x0, 0x91, 0x0, 0x7b, 0xb8, 0x0, 0x19, 0x0,
    0x0, 0x19, 0x20, 0x0, 0x0, 0x2, 0x90, 0x0,
    0x0, 0x0, 0x88, 0x30, 0x13, 0x87, 0x0, 0x0,
    0x0, 0x0, 0x1, 0x57, 0x75, 0x0, 0x0, 0x0,

    /* U+1F635 "😵" */
    0x0, 0x0, 0x68, 0x88, 0x86, 0x0, 0x0, 0x0,
    0x39, 0x30, 0x0, 0x3, 0x93, 0x0, 0x3, 0x80,
    0x0, 0x0, 0x0, 0x8, 0x30, 0x9, 0x18, 0x82,
    0x0, 0x8, 0x81, 0x90, 0x62, 0x1, 0x0, 0x0,
    0x0, 0x11, 0x26, 0x90, 0x17, 0x19, 0x0, 0x82,
    0x62, 0x9, 0x80, 0x3, 0xf3, 0x0, 0x1f, 0x50,
    0x8, 0x80, 0x9, 0x28, 0x10, 0x81, 0x90, 0x8,
    0x80, 0x0, 0x0, 0x12, 0x0, 0x0, 0x8, 0x80,
    0x0, 0x7, 0xff, 0xa0, 0x0, 0x8, 0x45, 0x0,
    0xe, 0xff, 0xf1, 0x0, 0x54, 0x9, 0x10, 0x5,
    0xcd, 0x70, 0x1, 0x90, 0x0, 0x92, 0x0, 0x0,
    0x0, 0x29, 0x0, 0x0, 0x7, 0x83, 0x11, 0x38,
    0x70, 0x0, 0x0, 0x0, 0x15, 0x77, 0x51, 0x0,
    0x0,

    /* U+1F636 "😶" */
    0x0, 0x0, 0x68, 0x88, 0x86, 0x0, 0x0, 0x0,
    0x39, 0x30, 0x0, 0x3, 0x93, 0x0, 0x3, 0x80,
    0x0, 0x0, 0x0, 0x8, 0x30, 0x9, 0x0, 0x0,
    0x0, 0x0, 0x0, 0x90, 0x62, 0x0, 0x0, 0x0,
    0x0, 0x0, 0x26, 0x90, 0x0, 0xb4, 0x0, 0xc,
    0x30, 0x9, 0x80, 0x0, 0xf6, 0x0, 0x1f, 0x50,
    0x8, 0x80, 0x0, 0x10, 0x0, 0x1, 0x0, 0x8,
    0x80, 0x0, 0x0, 0x0, 0x0, 0x0, 0x8, 0x90,
    0x0, 0x0, 0x0, 0x0, 0x0, 0x8, 0x45, 0x0,
    0x0, 0x0, 0x0, 0x0, 0x54, 0x9, 0x10, 0x0,
    0x0, 0x0, 0x1, 0x90, 0x0, 0x92, 0x0, 0x0,
    0x0, 0x29, 0x0, 0x0, 0x8, 0x83, 0x11, 0x38,
    0x70, 0x0, 0x0, 0x0, 0x15, 0x77, 0x51, 0x0,
    0x0,

    /* U+1F637 "😷" */
    0x0, 0x0, 0x68, 0x88, 0x86, 0x0, 0x0, 0x0,
    0x39, 0x30, 0x0, 0x3, 0x93, 0x0, 0x3, 0x80,
    0x0, 0x0, 0x0, 0x8, 0x30, 0x9, 0x0, 0x0,
    0x0, 0x0, 0x0, 0x90, 0x62, 0x0, 0x30, 0x0,
    0x3, 0x0, 0x26, 0x90, 0x3, 0xf7, 0x0, 0x2f,
    0x50, 0x9, 0x80, 0x0, 0xa3, 0x0, 0xa, 0x20,
    0x8, 0xe1, 0x16, 0x99, 0x88, 0x88, 0x50, 0x1e,
    0xa8, 0xe3, 0x0, 0x0, 0x0, 0x5d, 0x79, 0x90,
    0x80, 0x0, 0x0, 0x0, 0x25, 0x8, 0x45, 0x71,
    0x0, 0x0, 0x0, 0x34, 0x54, 0xa, 0xe9, 0x20,
    0x0, 0x2, 0xac, 0x90, 0x0, 0xa3, 0x79, 0x88,
    0x86, 0x29, 0x0, 0x0, 0x8, 0x83, 0x11, 0x38,
    0x70, 0x0, 0x0, 0x0, 0x15, 0x77, 0x51, 0x0,
    0x0,

    /* U+1F638 "😸" */
    0x0, 0x73, 0x0, 0x0, 0x0, 0x0, 0x56, 0x0,
    0x7, 0x26, 0x70, 0x0, 0x0, 0x9, 0x36, 0x30,
    0x8, 0x36, 0x47, 0x68, 0x85, 0x92, 0x92, 0x70,
    0x8, 0x4f, 0x34, 0xf9, 0xde, 0x27, 0xf1, 0x70,
    0x8, 0x29, 0x0, 0x95, 0x95, 0x1, 0xb2, 0x60,
    0x6, 0x20, 0x0, 0x0, 0x0, 0x0, 0x6, 0x20,
    0x46, 0x40, 0x46, 0x0, 0x1, 0x72, 0x8, 0x33,
    0x1f, 0x80, 0x73, 0x50, 0x6, 0x27, 0xe, 0xa0,
    0x7f, 0x70, 0x0, 0x9, 0x60, 0x0, 0xc, 0xc5,
    0x7, 0xc0, 0x28, 0x4f, 0xa4, 0x70, 0x1f, 0x20,
    0x48, 0xb0, 0x78, 0xa6, 0x68, 0xb3, 0xd, 0x82,
    0x0, 0x64, 0x1d, 0xc8, 0x7b, 0xb0, 0x73, 0x0,
    0x0, 0x7, 0x70, 0x35, 0x51, 0x19, 0x50, 0x0,
    0x0, 0x0, 0x28, 0x98, 0x89, 0x81, 0x0, 0x0,

    /* U+1F639 "😹" */
    0x0, 0x17, 0x20, 0x0, 0x0, 0x0, 0x7, 0x30,
    0x0, 0x8, 0x18, 0x40, 0x0, 0x0, 0x29, 0x29,
    0x0, 0x0, 0x77, 0x38, 0x67, 0x88, 0x59, 0x28,
    0x53, 0x0, 0x7, 0xae, 0x17, 0xf4, 0xea, 0x1d,
    0xc4, 0x30, 0x0, 0x87, 0x60, 0xb, 0x1a, 0x20,
    0x49, 0x61, 0x0, 0x8, 0x0, 0x0, 0x0, 0x0,
    0x0, 0x8, 0x0, 0x5, 0x80, 0x5, 0x60, 0x0,
    0x37, 0x0, 0x94, 0x10, 0x2f, 0x33, 0x54, 0x40,
    0x7, 0x26, 0x2f, 0x40, 0x8, 0xc6, 0x80, 0x0,
    0xa5, 0x0, 0x66, 0xb8, 0x30, 0x2a, 0x1a, 0x37,
    0x4f, 0x95, 0x58, 0x28, 0x50, 0x7, 0x13, 0x69,
    0x8b, 0x99, 0x89, 0x36, 0x9, 0x0, 0x3a, 0xf3,
    0x2d, 0xcc, 0xbc, 0x40, 0xf9, 0x70, 0x0, 0x0,
    0x95, 0x2, 0x43, 0x3, 0xa1, 0x0, 0x0, 0x0,
    0x0, 0x49, 0x88, 0x89, 0x60, 0x0, 0x0,

    /* U+1F63A "😺" */
    0x0, 0x73, 0x0, 0x0, 0x0, 0x0, 0x64, 0x0,
    0x7, 0x26, 0x60, 0x0, 0x0, 0x1a, 0x28, 0x0,
    0x8, 0x36, 0x57, 0x68, 0x85, 0xa1, 0x94, 0x30,
    0x8, 0x4f, 0x35, 0xf9, 0xde, 0x19, 0xd4, 0x40,
    0x8, 0x2a, 0x0, 0xa7, 0xa6, 0x2, 0xa5, 0x20,
    0x6, 0x10, 0x0, 0x0, 0x0, 0x0, 0x8, 0x0,
    0x4, 0x40, 0x15, 0x0, 0x0, 0x60, 0x9, 0x0,
    0x6c, 0x40, 0x5e, 0x0, 0x3, 0xf0, 0xd, 0x62,
    0x1a, 0x60, 0x3, 0x6, 0x40, 0x30, 0x1d, 0x20,
    0x7d, 0xb0, 0x3, 0x2d, 0x82, 0x20, 0x3f, 0x83,
    0x4, 0xf3, 0x2, 0xe4, 0x8b, 0x0, 0x7f, 0x0,
    0x6, 0x73, 0x0, 0x17, 0x60, 0x0, 0x93, 0x50,
    0x0, 0x8, 0x60, 0x0, 0x0, 0x29, 0x30, 0x0,
    0x0, 0x0, 0x39, 0x98, 0x99, 0x71, 0x0, 0x0,

    /* U+1F63B "😻" */
    0x0, 0x73, 0x0, 0x0, 0x0, 0x0, 0x55, 0x0,
    0x7, 0x26, 0x70, 0x0, 0x0, 0x9, 0x36, 0x30,
    0x8, 0x36, 0x48, 0xab, 0xc8, 0x92, 0x92, 0x70,
    0x8, 0x4f, 0x43, 0xf9, 0xde, 0x27, 0xf1, 0x70,
    0x8, 0x2a, 0x0, 0x64, 0x73, 0x1, 0xc2, 0x60,
    0x6, 0x24, 0x7c, 0x80, 0xc, 0xb7, 0x25, 0x30,
    0x4, 0x5c, 0xff, 0xd0, 0x1f, 0xff, 0x98, 0x0,
    0x4a, 0x37, 0xff, 0x70, 0xb, 0xff, 0x37, 0x73,
    0x2b, 0x80, 0x37, 0x8, 0x51, 0x82, 0xc, 0x71,
    0x7e, 0xc0, 0x4, 0x3c, 0x93, 0x30, 0x2f, 0xa5,
    0x2, 0xf4, 0x1, 0xe3, 0x7b, 0x0, 0x6f, 0x0,
    0x8, 0x84, 0x0, 0x17, 0x60, 0x0, 0x76, 0x70,
    0x0, 0x7, 0x70, 0x0, 0x0, 0x18, 0x50, 0x0,
    0x0, 0x0, 0x39, 0x98, 0x89, 0x81, 0x0, 0x0,

    /* U+1F63C "😼" */
    0x0, 0x73, 0x0, 0x0, 0x0, 0x0, 0x64, 0x0,
    0x7, 0x26, 0x60, 0x0, 0x0, 0x1a, 0x28, 0x0,
    0x8, 0x36, 0x57, 0x68, 0x85, 0xa1, 0x94, 0x30,
    0x8, 0x4f, 0x45, 0xf9, 0xde, 0x19, 0xd4, 0x40,
    0x8, 0x2a, 0x0, 0xa6, 0xa5, 0x2, 0xa5, 0x20,
    0x6, 0x10, 0x0, 0x0, 0x0, 0x0, 0x8, 0x0,
    0x4, 0x40, 0x33, 0x0, 0x0, 0x60, 0x9, 0x0,
    0x7e, 0x50, 0x5d, 0x0, 0x2, 0xf0, 0x1e, 0x83,
    0x8, 0x50, 0x0, 0x7, 0x50, 0x0, 0x1b, 0x10,
    0x7d, 0xb0, 0x0, 0x8, 0x40, 0x40, 0x3f, 0x83,
    0x4, 0xf3, 0x0, 0x69, 0x98, 0x20, 0x8f, 0x0,
    0x6, 0x73, 0x0, 0x3, 0x50, 0x0, 0x93, 0x50,
    0x0, 0x8, 0x60, 0x0, 0x0, 0x29, 0x30, 0x0,
    0x0, 0x0, 0x39, 0x98, 0x99, 0x70, 0x0, 0x0,

    /* U+1F63D "😽" */
    0x0, 0x73, 0x0, 0x0, 0x0, 0x0, 0x64, 0x0,
    0x7, 0x26, 0x60, 0x0, 0x0, 0x1a, 0x28, 0x0,
    0x8, 0x36, 0x57, 0x68, 0x85, 0xa1, 0x94, 0x30,
    0x8, 0x4f, 0x34, 0xf9, 0xde, 0x19, 0xd4, 0x40,
    0x8, 0x29, 0x0, 0x96, 0xa5, 0x2, 0xa5, 0x20,
    0x6, 0x20, 0x0, 0x0, 0x0, 0x0, 0x8, 0x0,
    0x45, 0x40, 0x35, 0x0, 0x1, 0x51, 0x9, 0x31,
    0x2f, 0x80, 0x73, 0x40, 0x6, 0x26, 0x1f, 0x60,
    0x7f, 0x80, 0x0, 0xa, 0x80, 0x0, 0x1f, 0x93,
    0x5, 0x80, 0x0, 0x1, 0x81, 0x0, 0x1b, 0x0,
    0x5a, 0xe0, 0x0, 0x0, 0x91, 0x0, 0x2f, 0x90,
    0x0, 0x64, 0x0, 0x0, 0x80, 0x0, 0x91, 0x0,
    0x0, 0x7, 0x60, 0x0, 0x0, 0x29, 0x30, 0x0,
    0x0, 0x0, 0x38, 0x88, 0x98, 0x70, 0x0, 0x0,

    /* U+1F63E "😾" */
    0x0, 0x84, 0x0, 0x0, 0x0, 0x0, 0x74, 0x0,
    0x6, 0x9a, 0x30, 0x0, 0x0, 0x7, 0xa9, 0x0,
    0x8, 0x62, 0x95, 0x68, 0x86, 0x65, 0x85, 0x30,
    0x8, 0x35, 0x5, 0xf9, 0xfe, 0x30, 0x84, 0x40,
    0x8, 0x1a, 0x0, 0xa6, 0xd5, 0x0, 0x95, 0x20,
    0x6, 0xb1, 0x0, 0x0, 0x0, 0x0, 0x5c, 0x0,
    0x24, 0x60, 0x33, 0x0, 0x0, 0x61, 0xa, 0x21,
    0x3f, 0x80, 0x5d, 0x0, 0x1, 0xf2, 0x1f, 0x70,
    0x7f, 0x80, 0x0, 0x9, 0x30, 0x0, 0x2f, 0x93,
    0x5, 0x80, 0x0, 0xc, 0x0, 0x0, 0x2c, 0x0,
    0x4a, 0xe0, 0x0, 0x6c, 0x84, 0x0, 0x2f, 0x90,
    0x0, 0x73, 0x2, 0x30, 0x5, 0x0, 0x91, 0x0,
    0x0, 0x8, 0x60, 0x0, 0x0, 0x29, 0x30, 0x0,
    0x0, 0x0, 0x39, 0x98, 0x99, 0x71, 0x0, 0x0,

    /* U+1F63F "😿" */
    0x9, 0x89, 0x40, 0x0, 0x0, 0x3, 0x88, 0xa0,
    0x8, 0x45, 0x49, 0x68, 0x96, 0x95, 0x55, 0x71,
    0x8, 0x4f, 0x52, 0xf7, 0xfe, 0x8, 0xf4, 0x90,
    0x6, 0x36, 0x0, 0xb4, 0xb5, 0x0, 0x62, 0x70,
    0x0, 0x90, 0x0, 0x0, 0x0, 0x0, 0x8, 0x10,
    0x2, 0x60, 0x3a, 0x0, 0x1, 0xb2, 0x5, 0x40,
    0x9, 0xa0, 0x37, 0x0, 0x0, 0x92, 0x7, 0xc0,
    0x6b, 0x70, 0x0, 0xf, 0x40, 0x0, 0x5, 0xc7,
    0xd, 0xa0, 0x90, 0x8, 0x0, 0x0, 0x8, 0xf0,
    0x32, 0xf5, 0x96, 0x4c, 0xa1, 0x0, 0x3f, 0x34,
    0x4, 0xbd, 0x9, 0x30, 0x11, 0x0, 0x4b, 0x60,
    0x1, 0xb, 0x8, 0x0, 0x0, 0x7, 0x70, 0x10,
    0x0, 0x3, 0x9c, 0x88, 0x99, 0x82, 0x0, 0x0,

    /* U+1F640 "🙀" */
    0x0, 0x63, 0x0, 0x0, 0x0, 0x0, 0x63, 0x0,
    0x6, 0x48, 0x20, 0x0, 0x0, 0x7, 0x39, 0x0,
    0x8, 0x24, 0x93, 0x57, 0x64, 0x56, 0x65, 0x20,
    0x8, 0x3f, 0x37, 0xfa, 0xef, 0x47, 0xd4, 0x40,
    0x8, 0x2c, 0x10, 0xa6, 0xa6, 0x3, 0xb5, 0x20,
    0x6, 0x21, 0x98, 0x40, 0x7, 0x87, 0x8, 0x0,
    0x24, 0x53, 0x40, 0x80, 0x8, 0x8, 0x8, 0x10,
    0x3f, 0x70, 0x98, 0x58, 0x67, 0x87, 0xf, 0x81,
    0x7f, 0x81, 0x86, 0x9, 0x30, 0x77, 0x1f, 0x83,
    0x6, 0x89, 0x4, 0x5b, 0x48, 0x13, 0x7c, 0x0,
    0x4a, 0xe8, 0x0, 0x8e, 0xa8, 0x1, 0x8f, 0x90,
    0x0, 0x7c, 0x3, 0x6f, 0xd8, 0x3, 0xd2, 0x0,
    0x0, 0xd, 0x7, 0x15, 0x35, 0x33, 0x90, 0x0,
    0x0, 0x8, 0xd, 0x88, 0x8a, 0x90, 0x80, 0x0,

    /* U+1F641 "🙁" */
    0x0, 0x0, 0x68, 0x88, 0x86, 0x0, 0x0, 0x0,
    0x39, 0x30, 0x0, 0x3, 0x93, 0x0, 0x3, 0x80,
    0x0, 0x0, 0x0, 0x8, 0x30, 0x9, 0x0, 0x0,
    0x0, 0x0, 0x0, 0x90, 0x62, 0x0, 0x20, 0x0,
    0x2, 0x0, 0x26, 0x90, 0x1, 0xf5, 0x0, 0x1f,
    0x50, 0x9, 0x80, 0x0, 0xc3, 0x0, 0xc, 0x30,
    0x8, 0x80, 0x0, 0x0, 0x0, 0x0, 0x0, 0x8,
    0x80, 0x0, 0x0, 0x0, 0x0, 0x0, 0x8, 0x90,
    0x0, 0x6, 0x99, 0x71, 0x0, 0x8, 0x45, 0x0,
    0x73, 0x0, 0x18, 0x10, 0x54, 0x9, 0x10, 0x0,
    0x0, 0x0, 0x1, 0x90, 0x0, 0x92, 0x0, 0x0,
    0x0, 0x29, 0x0, 0x0, 0x8, 0x83, 0x11, 0x38,
    0x70, 0x0, 0x0, 0x0, 0x15, 0x77, 0x51, 0x0,
    0x0,

    /* U+1F642 "🙂" */
    0x0, 0x0, 0x68, 0x88, 0x86, 0x0, 0x0, 0x0,
    0x39, 0x30, 0x0, 0x3, 0x93, 0x0, 0x3, 0x80,
    0x0, 0x0, 0x0, 0x8, 0x30, 0x9, 0x0, 0x0,
    0x0, 0x0, 0x0, 0x90, 0x62, 0x0, 0x20, 0x0,
    0x2, 0x0, 0x26, 0x90, 0x1, 0xf5, 0x0, 0x1f,
    0x50, 0x9, 0x80, 0x0, 0xc3, 0x0, 0xc, 0x30,
    0x8, 0x80, 0x0, 0x0, 0x0, 0x0, 0x0, 0x8,
    0x80, 0x0, 0x0, 0x0, 0x0, 0x0, 0x8, 0x90,
    0x0, 0x61, 0x0, 0x6, 0x0, 0x8, 0x45, 0x0,
    0x17, 0x88, 0x82, 0x0, 0x54, 0x9, 0x10, 0x0,
    0x0, 0x0, 0x1, 0x90, 0x0, 0x92, 0x0, 0x0,
    0x0, 0x29, 0x0, 0x0, 0x8, 0x83, 0x11, 0x38,
    0x70, 0x0, 0x0, 0x0, 0x15, 0x77, 0x51, 0x0,
    0x0,

    /* U+1F643 "🙃" */
    0x0, 0x0, 0x68, 0x88, 0x86, 0x0, 0x0, 0x0,
    0x39, 0x30, 0x0, 0x3, 0x93, 0x0, 0x3, 0x80,
    0x0, 0x0, 0x0, 0x8, 0x30, 0x9, 0x0, 0x4,
    0x78, 0x50, 0x0, 0x90, 0x62, 0x0, 0x85, 0x11,
    0x4a, 0x10, 0x26, 0x90, 0x0, 0x0, 0x0, 0x0,
    0x0, 0x9, 0x80, 0x0, 0x0, 0x0, 0x0, 0x0,
    0x8, 0x80, 0x0, 0x10, 0x0, 0x1, 0x0, 0x8,
    0x80, 0x1, 0xf5, 0x0, 0x1f, 0x50, 0x8, 0x80,
    0x0, 0xc3, 0x0, 0xc, 0x30, 0x8, 0x45, 0x0,
    0x0, 0x0, 0x0, 0x0, 0x54, 0x9, 0x10, 0x0,
    0x0, 0x0, 0x1, 0x90, 0x0, 0x92, 0x0, 0x0,
    0x0, 0x29, 0x0, 0x0, 0x7, 0x83, 0x11, 0x38,
    0x70, 0x0, 0x0, 0x0, 0x15, 0x77, 0x51, 0x0,
    0x0,

    /* U+1F644 "🙄" */
    0x0, 0x0, 0x68, 0x88, 0x86, 0x0, 0x0, 0x0,
    0x39, 0x30, 0x0, 0x3, 0x93, 0x0, 0x3, 0x80,
    0x0, 0x0, 0x0, 0x8, 0x30, 0x9, 0x0, 0x0,
    0x0, 0x0, 0x0, 0x90, 0x62, 0x7, 0xf5, 0x0,
    0x1e, 0xb0, 0x26, 0x90, 0x6b, 0xfb, 0x40, 0x9e,
    0xc8, 0x9, 0x80, 0x90, 0x31, 0x71, 0x82, 0x19,
    0x8, 0x80, 0x56, 0x18, 0x30, 0x91, 0x37, 0x8,
    0x80, 0x4, 0x83, 0x0, 0x17, 0x60, 0x8, 0x90,
    0x0, 0x0, 0x0, 0x0, 0x0, 0x8, 0x45, 0x0,
    0x0, 0x0, 0x0, 0x0, 0x54, 0x9, 0x10, 0x4,
    0x88, 0x80, 0x1, 0x90, 0x0, 0x92, 0x0, 0x0,
    0x0, 0x29, 0x0, 0x0, 0x8, 0x83, 0x11, 0x38,
    0x70, 0x0, 0x0, 0x0, 0x15, 0x77, 0x51, 0x0,
    0x0,

    /* U+1F645 "🙅" */
    0x0, 0x0, 0x3, 0x98, 0x89, 0x30, 0x0, 0x0,
    0x0, 0x0, 0x75, 0x0, 0x0, 0x57, 0x0, 0x0,
    0x0, 0x6, 0x40, 0x0, 0x0, 0x3, 0x60, 0x0,
    0x0, 0x27, 0x2, 0x40, 0x4, 0x20, 0x81, 0x0,
    0x0, 0x90, 0x4, 0x90, 0x9, 0x50, 0x9, 0x0,
    0x6, 0x44, 0x30, 0x2, 0x20, 0x4, 0x54, 0x60,
    0x27, 0x63, 0x38, 0x58, 0x84, 0x73, 0x36, 0x72,
    0x90, 0x19, 0x10, 0x38, 0x84, 0x3, 0x80, 0x9,
    0x80, 0x0, 0x83, 0x1, 0xa4, 0x55, 0x0, 0x8,
    0x90, 0x57, 0x7e, 0x50, 0x5, 0xc7, 0x73, 0x9,
    0x81, 0x0, 0x0, 0x56, 0x0, 0x0, 0x0, 0x18,
    0x19, 0x52, 0x13, 0x6d, 0x84, 0x11, 0x25, 0x91,
    0x0, 0x37, 0x75, 0x20, 0x3, 0x67, 0x73, 0x0,

    /* U+1F646 "🙆" */
    0x0, 0x1, 0x97, 0x70, 0x17, 0x79, 0x0, 0x0,
    0x0, 0x7, 0x13, 0x27, 0x81, 0x42, 0x50, 0x0,
    0x0, 0x37, 0x0, 0x73, 0x46, 0x0, 0x82, 0x0,
    0x3, 0x60, 0x68, 0x10, 0x2, 0x84, 0x8, 0x10,
    0x8, 0x6, 0x42, 0x78, 0x87, 0x16, 0x40, 0x70,
    0x53, 0x27, 0x86, 0x0, 0x1, 0x76, 0x80, 0x61,
    0x80, 0x77, 0x20, 0x0, 0x0, 0x4, 0x83, 0x25,
    0x80, 0xa3, 0x4, 0x70, 0x9, 0x30, 0x76, 0x7,
    0x70, 0x10, 0x2, 0x50, 0x6, 0x10, 0x1, 0x7,
    0x70, 0x0, 0x0, 0x30, 0x3, 0x0, 0x0, 0x25,
    0x34, 0x0, 0x0, 0x78, 0x86, 0x0, 0x0, 0x70,
    0x8, 0x10, 0x0, 0x0, 0x0, 0x0, 0x2, 0x60,
    0x0, 0xa2, 0x0, 0x0, 0x0, 0x0, 0x58, 0x0,
    0x0, 0x7, 0x95, 0x20, 0x13, 0x69, 0x50, 0x0,
    0x0, 0x0, 0x3, 0x68, 0x76, 0x20, 0x0, 0x0,

    /* U+1F647 "🙇" */
    0x0, 0x0, 0x0, 0x40, 0x0, 0x4, 0x0, 0x0,
    0x0, 0x0, 0x0, 0x0, 0x80, 0x0, 0x26, 0x0,
    0x0, 0x0, 0x0, 0x6, 0x0, 0x30, 0x0, 0x31,
    0x0, 0x70, 0x0, 0x0, 0x3, 0x40, 0x48, 0x88,
    0x83, 0x5, 0x20, 0x0, 0x0, 0x0, 0x8, 0x50,
    0x0, 0x5, 0x80, 0x0, 0x0, 0x0, 0x0, 0x91,
    0x0, 0x0, 0x0, 0x28, 0x0, 0x0, 0x0, 0x8,
    0x20, 0x0, 0x0, 0x0, 0x2, 0x80, 0x0, 0x0,
    0x92, 0x0, 0x0, 0x0, 0x0, 0x0, 0x38, 0x0,
    0x8, 0x10, 0x2, 0x63, 0x0, 0x56, 0x0, 0x2,
    0x80, 0x44, 0x0, 0x0, 0x20, 0x0, 0x12, 0x0,
    0x0, 0x53, 0x80, 0x6, 0x1, 0xc2, 0x0, 0x6a,
    0x0, 0x60, 0x7, 0x71, 0x8, 0x86, 0x20, 0x0,
    0x3, 0x68, 0x70, 0x26, 0x18, 0x0, 0x1, 0x59,
    0x3, 0x94, 0x10, 0x0, 0x91, 0x2, 0x88, 0x88,
    0x8a, 0x68, 0x98, 0x88, 0x88, 0x10,

    /* U+1F648 "🙈" */
    0x0, 0x0, 0x0, 0x16, 0x87, 0x40, 0x0, 0x0,
    0x0, 0x0, 0x0, 0x77, 0x20, 0x14, 0x93, 0x0,
    0x0, 0x0, 0x0, 0x82, 0x0, 0x0, 0x0, 0x74,
    0x0, 0x0, 0x0, 0x55, 0xbe, 0x72, 0x4a, 0xf4,
    0x90, 0x0, 0x0, 0xa, 0xa3, 0xbf, 0xcf, 0xc7,
    0x69, 0x60, 0x0, 0x39, 0xe0, 0x0, 0xc, 0x60,
    0x0, 0x6c, 0x80, 0x9, 0x91, 0x0, 0x1, 0x87,
    0x0, 0x0, 0x86, 0x30, 0xc4, 0x0, 0x27, 0x76,
    0x57, 0x50, 0x0, 0xd2, 0x9, 0x3, 0xf6, 0x3b,
    0xdd, 0x91, 0xf7, 0x13, 0x65, 0x34, 0xe5, 0x61,
    0x8b, 0xa4, 0x29, 0x6c, 0x19, 0x80, 0x91, 0x96,
    0xa7, 0x67, 0x99, 0x39, 0x17, 0x97, 0x19, 0x97,
    0x96, 0x33, 0x33, 0x89, 0xaa, 0x49, 0x28, 0x0,
    0x7, 0x76, 0x87, 0x5b, 0x20, 0x2, 0x80, 0x59,
    0x89, 0x30, 0x0, 0x0, 0x7, 0x99, 0x80,

    /* U+1F649 "🙉" */
    0x0, 0x0, 0x0, 0x26, 0x87, 0x30, 0x0, 0x0,
    0x0, 0x0, 0x0, 0x86, 0x20, 0x15, 0x92, 0x0,
    0x0, 0x0, 0x0, 0x91, 0x0, 0x0, 0x0, 0x92,
    0x0, 0x0, 0x0, 0x82, 0x98, 0x94, 0x79, 0x83,
    0x90, 0x0, 0x1, 0x9d, 0x45, 0x0, 0x42, 0x0,
    0x8a, 0xa5, 0x0, 0x80, 0x84, 0x67, 0x40, 0xb,
    0x18, 0x80, 0x80, 0x8, 0x8, 0x18, 0x53, 0x10,
    0x80, 0x98, 0x7, 0x10, 0x90, 0x84, 0x50, 0x5,
    0x10, 0x8, 0x80, 0x80, 0x9, 0xb, 0x82, 0x4e,
    0xfe, 0x90, 0x89, 0x15, 0x33, 0x56, 0xc3, 0x91,
    0x79, 0x82, 0x28, 0x9a, 0x9, 0x71, 0x93, 0x84,
    0xa9, 0x78, 0x87, 0x57, 0x63, 0x98, 0x8, 0x9b,
    0x95, 0x21, 0x23, 0x98, 0x9b, 0x19, 0x38, 0x0,
    0x7, 0x86, 0x87, 0x5b, 0x10, 0x3, 0x80, 0x49,
    0x89, 0x30, 0x0, 0x0, 0x18, 0x98, 0x80,

    /* U+1F64A "🙊" */
    0x0, 0x0, 0x0, 0x58, 0x75, 0x0, 0x0, 0x0,
    0x0, 0x0, 0x68, 0x30, 0x3, 0x85, 0x0, 0x0,
    0x0, 0x7, 0x40, 0x0, 0x0, 0x5, 0x50, 0x0,
    0x0, 0x37, 0x47, 0x85, 0x58, 0x73, 0x81, 0x0,
    0x1, 0x90, 0x80, 0x2, 0x20, 0x8, 0x18, 0x0,
    0x38, 0x40, 0x85, 0x60, 0xb, 0x28, 0x4, 0x91,
    0x85, 0xa0, 0x73, 0x43, 0x17, 0x18, 0xc, 0x45,
    0x64, 0x40, 0x80, 0x59, 0x23, 0x8, 0x4, 0x63,
    0x6, 0x90, 0x88, 0x25, 0xcb, 0x88, 0xa, 0x40,
    0x0, 0x64, 0xc1, 0x0, 0x8, 0x2c, 0x54, 0x0,
    0x0, 0x7b, 0x0, 0x0, 0x18, 0x1, 0xc6, 0x0,
    0x9, 0x10, 0x1, 0x88, 0xf8, 0x10, 0x2, 0x80,
    0x17, 0x0, 0x68, 0x88, 0x87, 0x85, 0x0, 0x80,
    0x8, 0x89, 0x30, 0x0, 0x0, 0x4, 0x98, 0x60,

    /* U+1F64B "🙋" */
    0x8, 0x97, 0x0, 0x0, 0x0, 0x0, 0x62, 0x9,
    0x0, 0x0, 0x0, 0x0, 0x80, 0x6, 0x50, 0x0,
    0x0, 0x0, 0x80, 0x29, 0x33, 0x77, 0x30, 0x0,
    0x80, 0x81, 0x84, 0x11, 0x59, 0x0, 0x80, 0x88,
    0x14, 0x0, 0x1, 0x90, 0x80, 0xb2, 0x3c, 0x2,
    0x50, 0x53, 0x80, 0x10, 0x0, 0x3, 0x80, 0x26,
    0x80, 0x0, 0x67, 0x10, 0x0, 0x26, 0x80, 0x0,
    0x2, 0x67, 0x30, 0x44, 0x53, 0x0, 0x0, 0x0,
    0x0, 0x70, 0x18, 0x0, 0x0, 0x0, 0x0, 0x54,
    0x7, 0x30, 0x0, 0x0, 0x0, 0x18, 0x0, 0x78,
    0x31, 0x1, 0x26, 0x80, 0x0, 0x1, 0x57, 0x87,
    0x52, 0x0,

    /* U+1F64C "🙌" */
    0x0, 0x0, 0x0, 0x0, 0x42, 0x0, 0x0, 0x0,
    0x0, 0x0, 0x0, 0x5, 0x5, 0x20, 0x50, 0x0,
    0x0, 0x0, 0x0, 0x0, 0x73, 0x31, 0x73, 0x0,
    0x0, 0x0, 0x0, 0x8a, 0x10, 0x10, 0x1, 0x4,
    0xb7, 0x0, 0x4, 0xca, 0x99, 0x10, 0x0, 0x7,
    0xa5, 0xbd, 0x20, 0x99, 0x87, 0x63, 0x0, 0x0,
    0x85, 0x58, 0x98, 0x8, 0x88, 0x76, 0x30, 0x0,
    0x8, 0x55, 0x88, 0x80, 0x8a, 0xab, 0x63, 0x0,
    0x0, 0x84, 0xaa, 0x98, 0x17, 0x10, 0x7, 0xa9,
    0x68, 0x8d, 0x20, 0x1, 0x81, 0x70, 0x18, 0x31,
    0x92, 0x38, 0x14, 0x80, 0x8, 0x9, 0x2, 0x10,
    0x62, 0x0, 0x72, 0x2, 0x10, 0x90, 0x72, 0x0,
    0x28, 0x0, 0x1, 0xa0, 0x0, 0x44, 0x3, 0x40,
    0x8, 0x0, 0x0, 0x3, 0x50, 0x7, 0x10, 0x44,
    0x0, 0x80, 0x0, 0x0, 0x36, 0x0, 0x61, 0x1,
    0x10, 0x2, 0x0, 0x0, 0x1, 0x10, 0x1, 0x0,

    /* U+1F64D "🙍" */
    0x0, 0x0, 0x0, 0x58, 0x84, 0x0, 0x0, 0x0,
    0x0, 0x0, 0x39, 0x30, 0x4, 0x91, 0x0, 0x0,
    0x0, 0x2, 0x80, 0x0, 0x0, 0x9, 0x0, 0x0,
    0x0, 0x9, 0x0, 0x0, 0x0, 0x1, 0x80, 0x0,
    0x0, 0x62, 0x27, 0x70, 0x27, 0x71, 0x54, 0x0,
    0x3, 0x70, 0x0, 0x0, 0x0, 0x0, 0x8, 0x10,
    0x9, 0x0, 0x0, 0x47, 0x73, 0x0, 0x0, 0x80,
    0x62, 0x0, 0x0, 0x30, 0x3, 0x0, 0x0, 0x53,
    0x80, 0x0, 0x0, 0x0, 0x0, 0x0, 0x0, 0x7,
    0x72, 0x0, 0x0, 0x0, 0x0, 0x0, 0x0, 0x54,
    0x8, 0x71, 0x0, 0x0, 0x0, 0x0, 0x28, 0x70,
    0x0, 0x27, 0x88, 0x88, 0x88, 0x88, 0x61, 0x0,

    /* U+1F64E "🙎" */
    0x0, 0x0, 0x3, 0x98, 0x89, 0x30, 0x0, 0x0,
    0x0, 0x0, 0x75, 0x0, 0x0, 0x67, 0x0, 0x0,
    0x0, 0x6, 0x40, 0x0, 0x0, 0x4, 0x60, 0x0,
    0x0, 0x18, 0x0, 0x20, 0x2, 0x0, 0x81, 0x0,
    0x0, 0x90, 0x6, 0xc0, 0xc, 0x60, 0x9, 0x0,
    0x6, 0x40, 0x0, 0x0, 0x0, 0x0, 0x4, 0x60,
    0x27, 0x0, 0x0, 0x68, 0x86, 0x0, 0x0, 0x82,
    0x80, 0x0, 0x57, 0x50, 0x27, 0x74, 0x0, 0x8,
    0x80, 0x5, 0x30, 0x4e, 0x50, 0x4, 0x50, 0x8,
    0x90, 0x5b, 0x20, 0x90, 0x4, 0x96, 0xd4, 0x9,
    0x81, 0x1, 0x67, 0x10, 0x56, 0x1, 0x10, 0x18,
    0x19, 0x52, 0x12, 0x59, 0xd6, 0x21, 0x25, 0xa1,
    0x0, 0x37, 0x76, 0x30, 0x2, 0x57, 0x73, 0x0,

    /* U+1F64F "🙏" */
    0x0, 0x0, 0x0, 0x6e, 0x91, 0x0, 0x0, 0x0,
    0x0, 0x0, 0xf, 0xfd, 0x60, 0x0, 0x0, 0x0,
    0x0, 0x0, 0xef, 0x98, 0x0, 0x0, 0x0, 0x0,
    0x0, 0x2b, 0xf2, 0xc0, 0x0, 0x0, 0x0, 0x0,
    0x4, 0x4f, 0x8, 0x0, 0x0, 0x0, 0x0, 0x0,
    0x62, 0xf0, 0x80, 0x0, 0x0, 0x0, 0x0, 0x8,
    0xf, 0x6, 0x20, 0x0, 0x0, 0x0, 0x0, 0x80,
    0xf0, 0x26, 0x0, 0x0, 0x0, 0x6, 0xd5, 0xf,
    0x0, 0xbb, 0x20, 0x0, 0x79, 0x3a, 0x0, 0xf0,
    0x3, 0x77, 0x92, 0x1, 0x0, 0x63, 0x1f, 0x50,
    0x90, 0x0, 0x10, 0x0, 0x0, 0x9e, 0x9, 0xc3,
    0x0, 0x0, 0x0, 0x0, 0x0, 0xe2, 0xb6, 0x0,
    0x0, 0x0, 0x0, 0x0, 0x84, 0x1, 0x92, 0x0,
    0x0, 0x0, 0x0, 0x0, 0x0, 0x0, 0x0, 0x0,
    0x0
};


/*---------------------
 *  GLYPH DESCRIPTION
 *--------------------*/

static const lv_font_fmt_txt_glyph_dsc_t glyph_dsc[] = {
    {.bitmap_index = 0, .adv_w = 0, .box_w = 0, .box_h = 0, .ofs_x = 0, .ofs_y = 0} /* id = 0 reserved */,
    {.bitmap_index = 0, .adv_w = 284, .box_w = 15, .box_h = 15, .ofs_x = 1, .ofs_y = -3},
    {.bitmap_index = 113, .adv_w = 284, .box_w = 16, .box_h = 12, .ofs_x = 1, .ofs_y = -1},
    {.bitmap_index = 209, .adv_w = 284, .box_w = 15, .box_h = 15, .ofs_x = 1, .ofs_y = -3},
    {.bitmap_index = 322, .adv_w = 284, .box_w = 12, .box_h = 15, .ofs_x = 3, .ofs_y = -3},
    {.bitmap_index = 412, .adv_w = 284, .box_w = 14, .box_h = 14, .ofs_x = 2, .ofs_y = -2},
    {.bitmap_index = 510, .adv_w = 284, .box_w = 18, .box_h = 15, .ofs_x = 0, .ofs_y = -3},
    {.bitmap_index = 645, .adv_w = 284, .box_w = 14, .box_h = 15, .ofs_x = 2, .ofs_y = -3},
    {.bitmap_index = 750, .adv_w = 284, .box_w = 15, .box_h = 15, .ofs_x = 1, .ofs_y = -3},
    {.bitmap_index = 863, .adv_w = 284, .box_w = 14, .box_h = 15, .ofs_x = 2, .ofs_y = -3},
    {.bitmap_index = 968, .adv_w = 284, .box_w = 14, .box_h = 15, .ofs_x = 2, .ofs_y = -3},
    {.bitmap_index = 1073, .adv_w = 284, .box_w = 10, .box_h = 15, .ofs_x = 4, .ofs_y = -3},
    {.bitmap_index = 1148, .adv_w = 284, .box_w = 16, .box_h = 15, .ofs_x = 1, .ofs_y = -3},
    {.bitmap_index = 1268, .adv_w = 284, .box_w = 14, .box_h = 15, .ofs_x = 2, .ofs_y = -3},
    {.bitmap_index = 1373, .adv_w = 284, .box_w = 14, .box_h = 15, .ofs_x = 2, .ofs_y = -3},
    {.bitmap_index = 1478, .adv_w = 284, .box_w = 16, .box_h = 15, .ofs_x = 1, .ofs_y = -3},
    {.bitmap_index = 1598, .adv_w = 284, .box_w = 16, .box_h = 15, .ofs_x = 1, .ofs_y = -3},
    {.bitmap_index = 1718, .adv_w = 284, .box_w = 15, .box_h = 15, .ofs_x = 1, .ofs_y = -3},
    {.bitmap_index = 1831, .adv_w = 284, .box_w = 16, .box_h = 15, .ofs_x = 1, .ofs_y = -3},
    {.bitmap_index = 1951, .adv_w = 284, .box_w = 16, .box_h = 15, .ofs_x = 1, .ofs_y = -3},
    {.bitmap_index = 2071, .adv_w = 284, .box_w = 14, .box_h = 15, .ofs_x = 2, .ofs_y = -3},
    {.bitmap_index = 2176, .adv_w = 284, .box_w = 14, .box_h = 15, .ofs_x = 2, .ofs_y = -3},
    {.bitmap_index = 2281, .adv_w = 284, .box_w = 10, .box_h = 15, .ofs_x = 4, .ofs_y = -3},
    {.bitmap_index = 2356, .adv_w = 284, .box_w = 15, .box_h = 15, .ofs_x = 1, .ofs_y = -3},
    {.bitmap_index = 2469, .adv_w = 284, .box_w = 15, .box_h = 15, .ofs_x = 1, .ofs_y = -3},
    {.bitmap_index = 2582, .adv_w = 284, .box_w = 15, .box_h = 15, .ofs_x = 1, .ofs_y = -3},
    {.bitmap_index = 2695, .adv_w = 284, .box_w = 16, .box_h = 15, .ofs_x = 1, .ofs_y = -3},
    {.bitmap_index = 2815, .adv_w = 284, .box_w = 15, .box_h = 15, .ofs_x = 1, .ofs_y = -3},
    {.bitmap_index = 2928, .adv_w = 284, .box_w = 15, .box_h = 16, .ofs_x = 1, .ofs_y = -3},
    {.bitmap_index = 3048, .adv_w = 284, .box_w = 16, .box_h = 15, .ofs_x = 1, .ofs_y = -3},
    {.bitmap_index = 3168, .adv_w = 284, .box_w = 16, .box_h = 15, .ofs_x = 1, .ofs_y = -3},
    {.bitmap_index = 3288, .adv_w = 284, .box_w = 15, .box_h = 15, .ofs_x = 1, .ofs_y = -3},
    {.bitmap_index = 3401, .adv_w = 284, .box_w = 16, .box_h = 16, .ofs_x = 1, .ofs_y = -3},
    {.bitmap_index = 3529, .adv_w = 284, .box_w = 16, .box_h = 15, .ofs_x = 1, .ofs_y = -3},
    {.bitmap_index = 3649, .adv_w = 284, .box_w = 15, .box_h = 15, .ofs_x = 1, .ofs_y = -3},
    {.bitmap_index = 3762, .adv_w = 284, .box_w = 16, .box_h = 16, .ofs_x = 1, .ofs_y = -3},
    {.bitmap_index = 3890, .adv_w = 284, .box_w = 10, .box_h = 15, .ofs_x = 4, .ofs_y = -3},
    {.bitmap_index = 3965, .adv_w = 284, .box_w = 14, .box_h = 15, .ofs_x = 2, .ofs_y = -3},
    {.bitmap_index = 4070, .adv_w = 284, .box_w = 14, .box_h = 15, .ofs_x = 2, .ofs_y = -3},
    {.bitmap_index = 4175, .adv_w = 284, .box_w = 16, .box_h = 15, .ofs_x = 1, .ofs_y = -3},
    {.bitmap_index = 4295, .adv_w = 284, .box_w = 12, .box_h = 15, .ofs_x = 3, .ofs_y = -3},
    {.bitmap_index = 4385, .adv_w = 284, .box_w = 16, .box_h = 15, .ofs_x = 1, .ofs_y = -3},
    {.bitmap_index = 4505, .adv_w = 284, .box_w = 17, .box_h = 15, .ofs_x = 0, .ofs_y = -3},
    {.bitmap_index = 4633, .adv_w = 284, .box_w = 16, .box_h = 15, .ofs_x = 1, .ofs_y = -3},
    {.bitmap_index = 4753, .adv_w = 284, .box_w = 16, .box_h = 15, .ofs_x = 1, .ofs_y = -3},
    {.bitmap_index = 4873, .adv_w = 284, .box_w = 16, .box_h = 15, .ofs_x = 1, .ofs_y = -3},
    {.bitmap_index = 4993, .adv_w = 284, .box_w = 14, .box_h = 15, .ofs_x = 2, .ofs_y = -3},
    {.bitmap_index = 5098, .adv_w = 284, .box_w = 16, .box_h = 15, .ofs_x = 1, .ofs_y = -3},
    {.bitmap_index = 5218, .adv_w = 284, .box_w = 12, .box_h = 15, .ofs_x = 3, .ofs_y = -3},
    {.bitmap_index = 5308, .adv_w = 284, .box_w = 16, .box_h = 16, .ofs_x = 1, .ofs_y = -3},
    {.bitmap_index = 5436, .adv_w = 284, .box_w = 15, .box_h = 15, .ofs_x = 1, .ofs_y = -3},
    {.bitmap_index = 5549, .adv_w = 284, .box_w = 14, .box_h = 15, .ofs_x = 2, .ofs_y = -3},
    {.bitmap_index = 5654, .adv_w = 284, .box_w = 15, .box_h = 15, .ofs_x = 1, .ofs_y = -3},
    {.bitmap_index = 5767, .adv_w = 284, .box_w = 14, .box_h = 15, .ofs_x = 2, .ofs_y = -3},
    {.bitmap_index = 5872, .adv_w = 284, .box_w = 14, .box_h = 15, .ofs_x = 2, .ofs_y = -3},
    {.bitmap_index = 5977, .adv_w = 284, .box_w = 12, .box_h = 15, .ofs_x = 3, .ofs_y = -3},
    {.bitmap_index = 6067, .adv_w = 284, .box_w = 14, .box_h = 15, .ofs_x = 2, .ofs_y = -3},
    {.bitmap_index = 6172, .adv_w = 284, .box_w = 14, .box_h = 15, .ofs_x = 2, .ofs_y = -3},
    {.bitmap_index = 6277, .adv_w = 284, .box_w = 15, .box_h = 15, .ofs_x = 1, .ofs_y = -3},
    {.bitmap_index = 6390, .adv_w = 284, .box_w = 14, .box_h = 15, .ofs_x = 2, .ofs_y = -3},
    {.bitmap_index = 6495, .adv_w = 284, .box_w = 10, .box_h = 15, .ofs_x = 4, .ofs_y = -3},
    {.bitmap_index = 6570, .adv_w = 284, .box_w = 15, .box_h = 15, .ofs_x = 2, .ofs_y = -3},
    {.bitmap_index = 6683, .adv_w = 284, .box_w = 15, .box_h = 15, .ofs_x = 2, .ofs_y = -3},
    {.bitmap_index = 6796, .adv_w = 284, .box_w = 12, .box_h = 15, .ofs_x = 3, .ofs_y = -3},
    {.bitmap_index = 6886, .adv_w = 284, .box_w = 17, .box_h = 14, .ofs_x = 0, .ofs_y = -2},
    {.bitmap_index = 7005, .adv_w = 284, .box_w = 15, .box_h = 15, .ofs_x = 1, .ofs_y = -3},
    {.bitmap_index = 7118, .adv_w = 284, .box_w = 16, .box_h = 15, .ofs_x = 1, .ofs_y = -3},
    {.bitmap_index = 7238, .adv_w = 284, .box_w = 15, .box_h = 15, .ofs_x = 1, .ofs_y = -3},
    {.bitmap_index = 7351, .adv_w = 284, .box_w = 15, .box_h = 15, .ofs_x = 2, .ofs_y = -3},
    {.bitmap_index = 7464, .adv_w = 284, .box_w = 12, .box_h = 15, .ofs_x = 3, .ofs_y = -3},
    {.bitmap_index = 7554, .adv_w = 284, .box_w = 16, .box_h = 14, .ofs_x = 1, .ofs_y = -2},
    {.bitmap_index = 7666, .adv_w = 284, .box_w = 17, .box_h = 15, .ofs_x = 0, .ofs_y = -3},
    {.bitmap_index = 7794, .adv_w = 284, .box_w = 12, .box_h = 15, .ofs_x = 3, .ofs_y = -3},
    {.bitmap_index = 7884, .adv_w = 284, .box_w = 18, .box_h = 14, .ofs_x = 0, .ofs_y = -2},
    {.bitmap_index = 8010, .adv_w = 284, .box_w = 16, .box_h = 15, .ofs_x = 1, .ofs_y = -3},
    {.bitmap_index = 8130, .adv_w = 284, .box_w = 13, .box_h = 15, .ofs_x = 2, .ofs_y = -3},
    {.bitmap_index = 8228, .adv_w = 284, .box_w = 14, .box_h = 15, .ofs_x = 2, .ofs_y = -3},
    {.bitmap_index = 8333, .adv_w = 284, .box_w = 16, .box_h = 15, .ofs_x = 1, .ofs_y = -3},
    {.bitmap_index = 8453, .adv_w = 284, .box_w = 14, .box_h = 15, .ofs_x = 2, .ofs_y = -3},
    {.bitmap_index = 8558, .adv_w = 284, .box_w = 15, .box_h = 15, .ofs_x = 1, .ofs_y = -3},
    {.bitmap_index = 8671, .adv_w = 284, .box_w = 16, .box_h = 15, .ofs_x = 1, .ofs_y = -3},
    {.bitmap_index = 8791, .adv_w = 284, .box_w = 14, .box_h = 15, .ofs_x = 2, .ofs_y = -3},
    {.bitmap_index = 8896, .adv_w = 284, .box_w = 18, .box_h = 12, .ofs_x = 0, .ofs_y = -1},
    {.bitmap_index = 9004, .adv_w = 284, .box_w = 14, .box_h = 15, .ofs_x = 2, .ofs_y = -3},
    {.bitmap_index = 9109, .adv_w = 284, .box_w = 14, .box_h = 15, .ofs_x = 2, .ofs_y = -3},
    {.bitmap_index = 9214, .adv_w = 284, .box_w = 16, .box_h = 15, .ofs_x = 1, .ofs_y = -3},
    {.bitmap_index = 9334, .adv_w = 284, .box_w = 15, .box_h = 15, .ofs_x = 2, .ofs_y = -3},
    {.bitmap_index = 9447, .adv_w = 284, .box_w = 16, .box_h = 11, .ofs_x = 1, .ofs_y = -1},
    {.bitmap_index = 9535, .adv_w = 284, .box_w = 14, .box_h = 16, .ofs_x = 2, .ofs_y = -3},
    {.bitmap_index = 9647, .adv_w = 284, .box_w = 12, .box_h = 15, .ofs_x = 3, .ofs_y = -3},
    {.bitmap_index = 9737, .adv_w = 284, .box_w = 10, .box_h = 15, .ofs_x = 4, .ofs_y = -3},
    {.bitmap_index = 9812, .adv_w = 284, .box_w = 14, .box_h = 15, .ofs_x = 2, .ofs_y = -3},
    {.bitmap_index = 9917, .adv_w = 284, .box_w = 16, .box_h = 15, .ofs_x = 1, .ofs_y = -3},
    {.bitmap_index = 10037, .adv_w = 284, .box_w = 16, .box_h = 15, .ofs_x = 1, .ofs_y = -3},
    {.bitmap_index = 10157, .adv_w = 284, .box_w = 16, .box_h = 15, .ofs_x = 1, .ofs_y = -3},
    {.bitmap_index = 10277, .adv_w = 284, .box_w = 14, .box_h = 14, .ofs_x = 2, .ofs_y = -2},
    {.bitmap_index = 10375, .adv_w = 284, .box_w = 15, .box_h = 15, .ofs_x = 1, .ofs_y = -3},
    {.bitmap_index = 10488, .adv_w = 284, .box_w = 15, .box_h = 15, .ofs_x = 1, .ofs_y = -3},
    {.bitmap_index = 10601, .adv_w = 284, .box_w = 18, .box_h = 15, .ofs_x = 0, .ofs_y = -3},
    {.bitmap_index = 10736, .adv_w = 284, .box_w = 14, .box_h = 15, .ofs_x = 2, .ofs_y = -3},
    {.bitmap_index = 10841, .adv_w = 284, .box_w = 15, .box_h = 15, .ofs_x = 1, .ofs_y = -3},
    {.bitmap_index = 10954, .adv_w = 284, .box_w = 14, .box_h = 15, .ofs_x = 2, .ofs_y = -3},
    {.bitmap_index = 11059, .adv_w = 284, .box_w = 14, .box_h = 15, .ofs_x = 2, .ofs_y = -3},
    {.bitmap_index = 11164, .adv_w = 284, .box_w = 15, .box_h = 14, .ofs_x = 1, .ofs_y = -2},
    {.bitmap_index = 11269, .adv_w = 284, .box_w = 16, .box_h = 15, .ofs_x = 1, .ofs_y = -3},
    {.bitmap_index = 11389, .adv_w = 284, .box_w = 9, .box_h = 15, .ofs_x = 4, .ofs_y = -3},
    {.bitmap_index = 11457, .adv_w = 284, .box_w = 9, .box_h = 15, .ofs_x = 4, .ofs_y = -3},
    {.bitmap_index = 11525, .adv_w = 284, .box_w = 4, .box_h = 15, .ofs_x = 7, .ofs_y = -3},
    {.bitmap_index = 11555, .adv_w = 284, .box_w = 4, .box_h = 15, .ofs_x = 7, .ofs_y = -3},
    {.bitmap_index = 11585, .adv_w = 284, .box_w = 12, .box_h = 15, .ofs_x = 3, .ofs_y = -3},
    {.bitmap_index = 11675, .adv_w = 284, .box_w = 16, .box_h = 15, .ofs_x = 1, .ofs_y = -3},
    {.bitmap_index = 11795, .adv_w = 284, .box_w = 14, .box_h = 14, .ofs_x = 2, .ofs_y = -2},
    {.bitmap_index = 11893, .adv_w = 284, .box_w = 14, .box_h = 4, .ofs_x = 2, .ofs_y = 3},
    {.bitmap_index = 11921, .adv_w = 284, .box_w = 14, .box_h = 15, .ofs_x = 2, .ofs_y = -3},
    {.bitmap_index = 12026, .adv_w = 284, .box_w = 15, .box_h = 15, .ofs_x = 1, .ofs_y = -3},
    {.bitmap_index = 12139, .adv_w = 284, .box_w = 14, .box_h = 11, .ofs_x = 2, .ofs_y = -1},
    {.bitmap_index = 12216, .adv_w = 284, .box_w = 17, .box_h = 11, .ofs_x = 0, .ofs_y = -1},
    {.bitmap_index = 12310, .adv_w = 284, .box_w = 16, .box_h = 14, .ofs_x = 1, .ofs_y = -2},
    {.bitmap_index = 12422, .adv_w = 284, .box_w = 18, .box_h = 14, .ofs_x = 0, .ofs_y = -2},
    {.bitmap_index = 12548, .adv_w = 284, .box_w = 14, .box_h = 15, .ofs_x = 2, .ofs_y = -3},
    {.bitmap_index = 12653, .adv_w = 284, .box_w = 16, .box_h = 15, .ofs_x = 1, .ofs_y = -3},
    {.bitmap_index = 12773, .adv_w = 284, .box_w = 16, .box_h = 15, .ofs_x = 1, .ofs_y = -3},
    {.bitmap_index = 12893, .adv_w = 284, .box_w = 14, .box_h = 15, .ofs_x = 2, .ofs_y = -3},
    {.bitmap_index = 12998, .adv_w = 284, .box_w = 13, .box_h = 15, .ofs_x = 2, .ofs_y = -3},
    {.bitmap_index = 13096, .adv_w = 284, .box_w = 13, .box_h = 15, .ofs_x = 2, .ofs_y = -3},
    {.bitmap_index = 13194, .adv_w = 284, .box_w = 14, .box_h = 16, .ofs_x = 2, .ofs_y = -3},
    {.bitmap_index = 13306, .adv_w = 284, .box_w = 16, .box_h = 15, .ofs_x = 1, .ofs_y = -3},
    {.bitmap_index = 13426, .adv_w = 284, .box_w = 12, .box_h = 16, .ofs_x = 3, .ofs_y = -3},
    {.bitmap_index = 13522, .adv_w = 284, .box_w = 16, .box_h = 15, .ofs_x = 1, .ofs_y = -3},
    {.bitmap_index = 13642, .adv_w = 284, .box_w = 10, .box_h = 15, .ofs_x = 4, .ofs_y = -3},
    {.bitmap_index = 13717, .adv_w = 284, .box_w = 16, .box_h = 15, .ofs_x = 1, .ofs_y = -3},
    {.bitmap_index = 13837, .adv_w = 284, .box_w = 12, .box_h = 16, .ofs_x = 3, .ofs_y = -3},
    {.bitmap_index = 13933, .adv_w = 284, .box_w = 16, .box_h = 16, .ofs_x = 1, .ofs_y = -3},
    {.bitmap_index = 14061, .adv_w = 284, .box_w = 15, .box_h = 15, .ofs_x = 1, .ofs_y = -3},
    {.bitmap_index = 14174, .adv_w = 284, .box_w = 17, .box_h = 15, .ofs_x = 0, .ofs_y = -3},
    {.bitmap_index = 14302, .adv_w = 284, .box_w = 16, .box_h = 15, .ofs_x = 1, .ofs_y = -3},
    {.bitmap_index = 14422, .adv_w = 284, .box_w = 12, .box_h = 16, .ofs_x = 3, .ofs_y = -3},
    {.bitmap_index = 14518, .adv_w = 284, .box_w = 14, .box_h = 16, .ofs_x = 2, .ofs_y = -3},
    {.bitmap_index = 14630, .adv_w = 284, .box_w = 16, .box_h = 15, .ofs_x = 1, .ofs_y = -3},
    {.bitmap_index = 14750, .adv_w = 284, .box_w = 10, .box_h = 15, .ofs_x = 4, .ofs_y = -3},
    {.bitmap_index = 14825, .adv_w = 284, .box_w = 14, .box_h = 15, .ofs_x = 2, .ofs_y = -3},
    {.bitmap_index = 14930, .adv_w = 284, .box_w = 16, .box_h = 15, .ofs_x = 1, .ofs_y = -3},
    {.bitmap_index = 15050, .adv_w = 284, .box_w = 16, .box_h = 15, .ofs_x = 1, .ofs_y = -3},
    {.bitmap_index = 15170, .adv_w = 284, .box_w = 13, .box_h = 15, .ofs_x = 2, .ofs_y = -3},
    {.bitmap_index = 15268, .adv_w = 284, .box_w = 13, .box_h = 16, .ofs_x = 2, .ofs_y = -3},
    {.bitmap_index = 15372, .adv_w = 284, .box_w = 16, .box_h = 14, .ofs_x = 1, .ofs_y = -2},
    {.bitmap_index = 15484, .adv_w = 284, .box_w = 16, .box_h = 15, .ofs_x = 1, .ofs_y = -3},
    {.bitmap_index = 15604, .adv_w = 284, .box_w = 16, .box_h = 14, .ofs_x = 1, .ofs_y = -2},
    {.bitmap_index = 15716, .adv_w = 284, .box_w = 14, .box_h = 15, .ofs_x = 2, .ofs_y = -3},
    {.bitmap_index = 15821, .adv_w = 284, .box_w = 9, .box_h = 15, .ofs_x = 4, .ofs_y = -3},
    {.bitmap_index = 15889, .adv_w = 284, .box_w = 14, .box_h = 16, .ofs_x = 2, .ofs_y = -3},
    {.bitmap_index = 16001, .adv_w = 284, .box_w = 14, .box_h = 15, .ofs_x = 2, .ofs_y = -3},
    {.bitmap_index = 16106, .adv_w = 284, .box_w = 11, .box_h = 15, .ofs_x = 3, .ofs_y = -3},
    {.bitmap_index = 16189, .adv_w = 284, .box_w = 15, .box_h = 15, .ofs_x = 1, .ofs_y = -3},
    {.bitmap_index = 16302, .adv_w = 284, .box_w = 12, .box_h = 15, .ofs_x = 3, .ofs_y = -3},
    {.bitmap_index = 16392, .adv_w = 284, .box_w = 14, .box_h = 15, .ofs_x = 2, .ofs_y = -3},
    {.bitmap_index = 16497, .adv_w = 284, .box_w = 14, .box_h = 15, .ofs_x = 2, .ofs_y = -3},
    {.bitmap_index = 16602, .adv_w = 284, .box_w = 12, .box_h = 15, .ofs_x = 3, .ofs_y = -3},
    {.bitmap_index = 16692, .adv_w = 284, .box_w = 14, .box_h = 15, .ofs_x = 2, .ofs_y = -3},
    {.bitmap_index = 16797, .adv_w = 284, .box_w = 14, .box_h = 15, .ofs_x = 2, .ofs_y = -3},
    {.bitmap_index = 16902, .adv_w = 284, .box_w = 14, .box_h = 14, .ofs_x = 2, .ofs_y = -2},
    {.bitmap_index = 17000, .adv_w = 284, .box_w = 16, .box_h = 14, .ofs_x = 1, .ofs_y = -2},
    {.bitmap_index = 17112, .adv_w = 284, .box_w = 15, .box_h = 15, .ofs_x = 1, .ofs_y = -3},
    {.bitmap_index = 17225, .adv_w = 284, .box_w = 17, .box_h = 15, .ofs_x = 1, .ofs_y = -3},
    {.bitmap_index = 17353, .adv_w = 284, .box_w = 16, .box_h = 15, .ofs_x = 1, .ofs_y = -3},
    {.bitmap_index = 17473, .adv_w = 284, .box_w = 14, .box_h = 15, .ofs_x = 2, .ofs_y = -3},
    {.bitmap_index = 17578, .adv_w = 284, .box_w = 15, .box_h = 15, .ofs_x = 2, .ofs_y = -3},
    {.bitmap_index = 17691, .adv_w = 284, .box_w = 12, .box_h = 15, .ofs_x = 3, .ofs_y = -3},
    {.bitmap_index = 17781, .adv_w = 284, .box_w = 14, .box_h = 15, .ofs_x = 2, .ofs_y = -3},
    {.bitmap_index = 17886, .adv_w = 284, .box_w = 15, .box_h = 15, .ofs_x = 1, .ofs_y = -3},
    {.bitmap_index = 17999, .adv_w = 284, .box_w = 15, .box_h = 15, .ofs_x = 1, .ofs_y = -3},
    {.bitmap_index = 18112, .adv_w = 284, .box_w = 15, .box_h = 15, .ofs_x = 1, .ofs_y = -3},
    {.bitmap_index = 18225, .adv_w = 284, .box_w = 18, .box_h = 15, .ofs_x = 0, .ofs_y = -3},
    {.bitmap_index = 18360, .adv_w = 284, .box_w = 14, .box_h = 15, .ofs_x = 2, .ofs_y = -3},
    {.bitmap_index = 18465, .adv_w = 284, .box_w = 9, .box_h = 15, .ofs_x = 5, .ofs_y = -3},
    {.bitmap_index = 18533, .adv_w = 284, .box_w = 14, .box_h = 15, .ofs_x = 2, .ofs_y = -3},
    {.bitmap_index = 18638, .adv_w = 284, .box_w = 11, .box_h = 15, .ofs_x = 3, .ofs_y = -3},
    {.bitmap_index = 18721, .adv_w = 284, .box_w = 16, .box_h = 13, .ofs_x = 1, .ofs_y = -2},
    {.bitmap_index = 18825, .adv_w = 284, .box_w = 15, .box_h = 14, .ofs_x = 1, .ofs_y = -2},
    {.bitmap_index = 18930, .adv_w = 284, .box_w = 15, .box_h = 15, .ofs_x = 1, .ofs_y = -3},
    {.bitmap_index = 19043, .adv_w = 284, .box_w = 16, .box_h = 16, .ofs_x = 1, .ofs_y = -3},
    {.bitmap_index = 19171, .adv_w = 284, .box_w = 15, .box_h = 15, .ofs_x = 1, .ofs_y = -3},
    {.bitmap_index = 19284, .adv_w = 284, .box_w = 16, .box_h = 14, .ofs_x = 1, .ofs_y = -2},
    {.bitmap_index = 19396, .adv_w = 284, .box_w = 12, .box_h = 15, .ofs_x = 3, .ofs_y = -3},
    {.bitmap_index = 19486, .adv_w = 284, .box_w = 14, .box_h = 15, .ofs_x = 2, .ofs_y = -3},
    {.bitmap_index = 19591, .adv_w = 284, .box_w = 16, .box_h = 13, .ofs_x = 1, .ofs_y = -2},
    {.bitmap_index = 19695, .adv_w = 284, .box_w = 18, .box_h = 15, .ofs_x = 0, .ofs_y = -3},
    {.bitmap_index = 19830, .adv_w = 284, .box_w = 13, .box_h = 15, .ofs_x = 2, .ofs_y = -3},
    {.bitmap_index = 19928, .adv_w = 284, .box_w = 8, .box_h = 15, .ofs_x = 5, .ofs_y = -3},
    {.bitmap_index = 19988, .adv_w = 284, .box_w = 10, .box_h = 15, .ofs_x = 4, .ofs_y = -3},
    {.bitmap_index = 20063, .adv_w = 284, .box_w = 11, .box_h = 15, .ofs_x = 3, .ofs_y = -3},
    {.bitmap_index = 20146, .adv_w = 284, .box_w = 8, .box_h = 15, .ofs_x = 5, .ofs_y = -3},
    {.bitmap_index = 20206, .adv_w = 284, .box_w = 12, .box_h = 15, .ofs_x = 3, .ofs_y = -3},
    {.bitmap_index = 20296, .adv_w = 284, .box_w = 10, .box_h = 15, .ofs_x = 4, .ofs_y = -3},
    {.bitmap_index = 20371, .adv_w = 284, .box_w = 11, .box_h = 15, .ofs_x = 3, .ofs_y = -3},
    {.bitmap_index = 20454, .adv_w = 284, .box_w = 17, .box_h = 16, .ofs_x = 0, .ofs_y = -3},
    {.bitmap_index = 20590, .adv_w = 284, .box_w = 15, .box_h = 15, .ofs_x = 2, .ofs_y = -3},
    {.bitmap_index = 20703, .adv_w = 284, .box_w = 18, .box_h = 15, .ofs_x = 0, .ofs_y = -3},
    {.bitmap_index = 20838, .adv_w = 284, .box_w = 15, .box_h = 15, .ofs_x = 1, .ofs_y = -3},
    {.bitmap_index = 20951, .adv_w = 284, .box_w = 13, .box_h = 15, .ofs_x = 2, .ofs_y = -3},
    {.bitmap_index = 21049, .adv_w = 284, .box_w = 16, .box_h = 15, .ofs_x = 1, .ofs_y = -3},
    {.bitmap_index = 21169, .adv_w = 284, .box_w = 14, .box_h = 15, .ofs_x = 2, .ofs_y = -3},
    {.bitmap_index = 21274, .adv_w = 284, .box_w = 12, .box_h = 15, .ofs_x = 3, .ofs_y = -3},
    {.bitmap_index = 21364, .adv_w = 284, .box_w = 16, .box_h = 15, .ofs_x = 1, .ofs_y = -3},
    {.bitmap_index = 21484, .adv_w = 284, .box_w = 14, .box_h = 16, .ofs_x = 2, .ofs_y = -3},
    {.bitmap_index = 21596, .adv_w = 284, .box_w = 12, .box_h = 15, .ofs_x = 3, .ofs_y = -3},
    {.bitmap_index = 21686, .adv_w = 284, .box_w = 14, .box_h = 15, .ofs_x = 2, .ofs_y = -3},
    {.bitmap_index = 21791, .adv_w = 284, .box_w = 15, .box_h = 15, .ofs_x = 1, .ofs_y = -3},
    {.bitmap_index = 21904, .adv_w = 284, .box_w = 10, .box_h = 15, .ofs_x = 4, .ofs_y = -3},
    {.bitmap_index = 21979, .adv_w = 284, .box_w = 14, .box_h = 15, .ofs_x = 2, .ofs_y = -3},
    {.bitmap_index = 22084, .adv_w = 284, .box_w = 14, .box_h = 15, .ofs_x = 2, .ofs_y = -3},
    {.bitmap_index = 22189, .adv_w = 284, .box_w = 16, .box_h = 15, .ofs_x = 1, .ofs_y = -3},
    {.bitmap_index = 22309, .adv_w = 284, .box_w = 17, .box_h = 15, .ofs_x = 0, .ofs_y = -3},
    {.bitmap_index = 22437, .adv_w = 284, .box_w = 10, .box_h = 15, .ofs_x = 4, .ofs_y = -3},
    {.bitmap_index = 22512, .adv_w = 284, .box_w = 17, .box_h = 15, .ofs_x = 0, .ofs_y = -3},
    {.bitmap_index = 22640, .adv_w = 284, .box_w = 16, .box_h = 15, .ofs_x = 1, .ofs_y = -3},
    {.bitmap_index = 22760, .adv_w = 284, .box_w = 14, .box_h = 15, .ofs_x = 2, .ofs_y = -3},
    {.bitmap_index = 22865, .adv_w = 284, .box_w = 14, .box_h = 15, .ofs_x = 2, .ofs_y = -3},
    {.bitmap_index = 22970, .adv_w = 284, .box_w = 18, .box_h = 15, .ofs_x = 0, .ofs_y = -3},
    {.bitmap_index = 23105, .adv_w = 284, .box_w = 14, .box_h = 15, .ofs_x = 2, .ofs_y = -3},
    {.bitmap_index = 23210, .adv_w = 284, .box_w = 14, .box_h = 15, .ofs_x = 2, .ofs_y = -3},
    {.bitmap_index = 23315, .adv_w = 284, .box_w = 16, .box_h = 15, .ofs_x = 1, .ofs_y = -3},
    {.bitmap_index = 23435, .adv_w = 284, .box_w = 14, .box_h = 15, .ofs_x = 2, .ofs_y = -3},
    {.bitmap_index = 23540, .adv_w = 284, .box_w = 14, .box_h = 15, .ofs_x = 2, .ofs_y = -3},
    {.bitmap_index = 23645, .adv_w = 284, .box_w = 16, .box_h = 16, .ofs_x = 1, .ofs_y = -3},
    {.bitmap_index = 23773, .adv_w = 284, .box_w = 14, .box_h = 15, .ofs_x = 2, .ofs_y = -3},
    {.bitmap_index = 23878, .adv_w = 284, .box_w = 14, .box_h = 15, .ofs_x = 2, .ofs_y = -3},
    {.bitmap_index = 23983, .adv_w = 284, .box_w = 15, .box_h = 15, .ofs_x = 2, .ofs_y = -3},
    {.bitmap_index = 24096, .adv_w = 284, .box_w = 14, .box_h = 15, .ofs_x = 2, .ofs_y = -3},
    {.bitmap_index = 24201, .adv_w = 284, .box_w = 14, .box_h = 15, .ofs_x = 2, .ofs_y = -3},
    {.bitmap_index = 24306, .adv_w = 284, .box_w = 16, .box_h = 15, .ofs_x = 1, .ofs_y = -3},
    {.bitmap_index = 24426, .adv_w = 284, .box_w = 14, .box_h = 15, .ofs_x = 2, .ofs_y = -3},
    {.bitmap_index = 24531, .adv_w = 284, .box_w = 14, .box_h = 15, .ofs_x = 2, .ofs_y = -3},
    {.bitmap_index = 24636, .adv_w = 284, .box_w = 14, .box_h = 15, .ofs_x = 2, .ofs_y = -3},
    {.bitmap_index = 24741, .adv_w = 284, .box_w = 14, .box_h = 15, .ofs_x = 2, .ofs_y = -3},
    {.bitmap_index = 24846, .adv_w = 284, .box_w = 14, .box_h = 15, .ofs_x = 2, .ofs_y = -3},
    {.bitmap_index = 24951, .adv_w = 284, .box_w = 14, .box_h = 15, .ofs_x = 2, .ofs_y = -3},
    {.bitmap_index = 25056, .adv_w = 284, .box_w = 14, .box_h = 15, .ofs_x = 2, .ofs_y = -3},
    {.bitmap_index = 25161, .adv_w = 284, .box_w = 14, .box_h = 15, .ofs_x = 2, .ofs_y = -3},
    {.bitmap_index = 25266, .adv_w = 284, .box_w = 14, .box_h = 15, .ofs_x = 2, .ofs_y = -3},
    {.bitmap_index = 25371, .adv_w = 284, .box_w = 15, .box_h = 15, .ofs_x = 2, .ofs_y = -3},
    {.bitmap_index = 25484, .adv_w = 284, .box_w = 14, .box_h = 15, .ofs_x = 2, .ofs_y = -3},
    {.bitmap_index = 25589, .adv_w = 284, .box_w = 14, .box_h = 15, .ofs_x = 2, .ofs_y = -3},
    {.bitmap_index = 25694, .adv_w = 284, .box_w = 14, .box_h = 15, .ofs_x = 2, .ofs_y = -3},
    {.bitmap_index = 25799, .adv_w = 284, .box_w = 14, .box_h = 15, .ofs_x = 2, .ofs_y = -3},
    {.bitmap_index = 25904, .adv_w = 284, .box_w = 14, .box_h = 15, .ofs_x = 2, .ofs_y = -3},
    {.bitmap_index = 26009, .adv_w = 284, .box_w = 14, .box_h = 15, .ofs_x = 2, .ofs_y = -3},
    {.bitmap_index = 26114, .adv_w = 284, .box_w = 14, .box_h = 15, .ofs_x = 2, .ofs_y = -3},
    {.bitmap_index = 26219, .adv_w = 284, .box_w = 14, .box_h = 15, .ofs_x = 2, .ofs_y = -3},
    {.bitmap_index = 26324, .adv_w = 284, .box_w = 14, .box_h = 15, .ofs_x = 2, .ofs_y = -3},
    {.bitmap_index = 26429, .adv_w = 284, .box_w = 14, .box_h = 15, .ofs_x = 2, .ofs_y = -3},
    {.bitmap_index = 26534, .adv_w = 284, .box_w = 14, .box_h = 15, .ofs_x = 2, .ofs_y = -3},
    {.bitmap_index = 26639, .adv_w = 284, .box_w = 16, .box_h = 15, .ofs_x = 1, .ofs_y = -3},
    {.bitmap_index = 26759, .adv_w = 284, .box_w = 15, .box_h = 15, .ofs_x = 1, .ofs_y = -3},
    {.bitmap_index = 26872, .adv_w = 284, .box_w = 14, .box_h = 15, .ofs_x = 2, .ofs_y = -3},
    {.bitmap_index = 26977, .adv_w = 284, .box_w = 14, .box_h = 15, .ofs_x = 2, .ofs_y = -3},
    {.bitmap_index = 27082, .adv_w = 284, .box_w = 14, .box_h = 15, .ofs_x = 2, .ofs_y = -3},
    {.bitmap_index = 27187, .adv_w = 284, .box_w = 14, .box_h = 15, .ofs_x = 2, .ofs_y = -3},
    {.bitmap_index = 27292, .adv_w = 284, .box_w = 16, .box_h = 15, .ofs_x = 1, .ofs_y = -3},
    {.bitmap_index = 27412, .adv_w = 284, .box_w = 14, .box_h = 15, .ofs_x = 2, .ofs_y = -3},
    {.bitmap_index = 27517, .adv_w = 284, .box_w = 14, .box_h = 15, .ofs_x = 2, .ofs_y = -3},
    {.bitmap_index = 27622, .adv_w = 284, .box_w = 15, .box_h = 15, .ofs_x = 2, .ofs_y = -3},
    {.bitmap_index = 27735, .adv_w = 284, .box_w = 14, .box_h = 15, .ofs_x = 2, .ofs_y = -3},
    {.bitmap_index = 27840, .adv_w = 284, .box_w = 14, .box_h = 15, .ofs_x = 2, .ofs_y = -3},
    {.bitmap_index = 27945, .adv_w = 284, .box_w = 15, .box_h = 15, .ofs_x = 1, .ofs_y = -3},
    {.bitmap_index = 28058, .adv_w = 284, .box_w = 16, .box_h = 15, .ofs_x = 1, .ofs_y = -3},
    {.bitmap_index = 28178, .adv_w = 284, .box_w = 14, .box_h = 15, .ofs_x = 2, .ofs_y = -3},
    {.bitmap_index = 28283, .adv_w = 284, .box_w = 14, .box_h = 15, .ofs_x = 2, .ofs_y = -3},
    {.bitmap_index = 28388, .adv_w = 284, .box_w = 16, .box_h = 15, .ofs_x = 1, .ofs_y = -3},
    {.bitmap_index = 28508, .adv_w = 284, .box_w = 14, .box_h = 15, .ofs_x = 2, .ofs_y = -3},
    {.bitmap_index = 28613, .adv_w = 284, .box_w = 14, .box_h = 15, .ofs_x = 2, .ofs_y = -3},
    {.bitmap_index = 28718, .adv_w = 284, .box_w = 14, .box_h = 15, .ofs_x = 2, .ofs_y = -3},
    {.bitmap_index = 28823, .adv_w = 284, .box_w = 16, .box_h = 14, .ofs_x = 1, .ofs_y = -2},
    {.bitmap_index = 28935, .adv_w = 284, .box_w = 17, .box_h = 14, .ofs_x = 0, .ofs_y = -2},
    {.bitmap_index = 29054, .adv_w = 284, .box_w = 16, .box_h = 14, .ofs_x = 1, .ofs_y = -2},
    {.bitmap_index = 29166, .adv_w = 284, .box_w = 16, .box_h = 14, .ofs_x = 1, .ofs_y = -2},
    {.bitmap_index = 29278, .adv_w = 284, .box_w = 16, .box_h = 14, .ofs_x = 1, .ofs_y = -2},
    {.bitmap_index = 29390, .adv_w = 284, .box_w = 16, .box_h = 14, .ofs_x = 1, .ofs_y = -2},
    {.bitmap_index = 29502, .adv_w = 284, .box_w = 16, .box_h = 14, .ofs_x = 1, .ofs_y = -2},
    {.bitmap_index = 29614, .adv_w = 284, .box_w = 16, .box_h = 13, .ofs_x = 1, .ofs_y = -2},
    {.bitmap_index = 29718, .adv_w = 284, .box_w = 16, .box_h = 14, .ofs_x = 1, .ofs_y = -2},
    {.bitmap_index = 29830, .adv_w = 284, .box_w = 14, .box_h = 15, .ofs_x = 2, .ofs_y = -3},
    {.bitmap_index = 29935, .adv_w = 284, .box_w = 14, .box_h = 15, .ofs_x = 2, .ofs_y = -3},
    {.bitmap_index = 30040, .adv_w = 284, .box_w = 14, .box_h = 15, .ofs_x = 2, .ofs_y = -3},
    {.bitmap_index = 30145, .adv_w = 284, .box_w = 14, .box_h = 15, .ofs_x = 2, .ofs_y = -3},
    {.bitmap_index = 30250, .adv_w = 284, .box_w = 16, .box_h = 13, .ofs_x = 1, .ofs_y = -2},
    {.bitmap_index = 30354, .adv_w = 284, .box_w = 16, .box_h = 15, .ofs_x = 1, .ofs_y = -3},
    {.bitmap_index = 30474, .adv_w = 284, .box_w = 18, .box_h = 14, .ofs_x = 0, .ofs_y = -2},
    {.bitmap_index = 30600, .adv_w = 284, .box_w = 17, .box_h = 14, .ofs_x = 0, .ofs_y = -2},
    {.bitmap_index = 30719, .adv_w = 284, .box_w = 17, .box_h = 14, .ofs_x = 0, .ofs_y = -2},
    {.bitmap_index = 30838, .adv_w = 284, .box_w = 16, .box_h = 14, .ofs_x = 1, .ofs_y = -2},
    {.bitmap_index = 30950, .adv_w = 284, .box_w = 12, .box_h = 15, .ofs_x = 3, .ofs_y = -3},
    {.bitmap_index = 31040, .adv_w = 284, .box_w = 17, .box_h = 15, .ofs_x = 0, .ofs_y = -3},
    {.bitmap_index = 31168, .adv_w = 284, .box_w = 16, .box_h = 12, .ofs_x = 1, .ofs_y = -1},
    {.bitmap_index = 31264, .adv_w = 284, .box_w = 16, .box_h = 13, .ofs_x = 1, .ofs_y = -2},
    {.bitmap_index = 31368, .adv_w = 284, .box_w = 15, .box_h = 15, .ofs_x = 1, .ofs_y = -3}
};

/*---------------------
 *  CHARACTER MAPPING
 *--------------------*/

static const uint16_t unicode_list_0[] = {
    0x0, 0x1, 0x2, 0x3, 0x4, 0xe, 0x11, 0x14,
    0x15, 0x18, 0x1d, 0x20, 0x22, 0x23, 0x26, 0x2a,
    0x2e, 0x2f, 0x38, 0x39, 0x3a, 0x40, 0x42, 0x48,
    0x49, 0x4a, 0x4b, 0x4c, 0x4d, 0x4e, 0x4f, 0x50,
    0x51, 0x52, 0x53, 0x5f, 0x60, 0x63, 0x65, 0x66,
    0x68, 0x7b, 0x7e, 0x7f, 0x92, 0x93, 0x94, 0x95,
    0x96, 0x97, 0x99, 0x9b, 0x9c, 0xa0, 0xa1, 0xa7,
    0xaa, 0xab, 0xb0, 0xb1, 0xbd, 0xbe, 0xc4, 0xc5,
    0xc8, 0xce, 0xcf, 0xd1, 0xd3, 0xd4, 0xe9, 0xea,
    0xf0, 0xf1, 0xf2, 0xf3, 0xf4, 0xf5, 0xf7, 0xf8,
    0xf9, 0xfa, 0xfd, 0x102, 0x105, 0x108, 0x109, 0x10a,
    0x10b, 0x10c, 0x10d, 0x10f, 0x112, 0x114, 0x116, 0x11d,
    0x121, 0x128, 0x133, 0x134, 0x144, 0x147, 0x14c, 0x14e,
    0x153, 0x154, 0x155, 0x157, 0x163, 0x164, 0x195, 0x196,
    0x197, 0x1a1, 0x1b0, 0x1bf
};

/*Collect the unicode lists and glyph_id offsets*/
static const lv_font_fmt_txt_cmap_t cmaps[] =
{
    {
        .range_start = 9728, .range_length = 448, .glyph_id_start = 1,
        .unicode_list = unicode_list_0, .glyph_id_ofs_list = NULL, .list_length = 116, .type = LV_FONT_FMT_TXT_CMAP_SPARSE_TINY
    },
    {
        .range_start = 127789, .range_length = 99, .glyph_id_start = 117,
        .unicode_list = NULL, .glyph_id_ofs_list = NULL, .list_length = 0, .type = LV_FONT_FMT_TXT_CMAP_FORMAT0_TINY
    },
    {
        .range_start = 128512, .range_length = 80, .glyph_id_start = 216,
        .unicode_list = NULL, .glyph_id_ofs_list = NULL, .list_length = 0, .type = LV_FONT_FMT_TXT_CMAP_FORMAT0_TINY
    }
};



/*--------------------
 *  ALL CUSTOM DATA
 *--------------------*/

#if LVGL_VERSION_MAJOR == 8
/*Store all the custom data of the font*/
static  lv_font_fmt_txt_glyph_cache_t cache;
#endif

#if LVGL_VERSION_MAJOR >= 8
static const lv_font_fmt_txt_dsc_t font_dsc = {
#else
static lv_font_fmt_txt_dsc_t font_dsc = {
#endif
    .glyph_bitmap = glyph_bitmap,
    .glyph_dsc = glyph_dsc,
    .cmaps = cmaps,
    .kern_dsc = NULL,
    .kern_scale = 0,
    .cmap_num = 3,
    .bpp = 4,
    .kern_classes = 0,
    .bitmap_format = 0,
#if LVGL_VERSION_MAJOR == 8
    .cache = &cache
#endif
};



/*-----------------
 *  PUBLIC FONT
 *----------------*/

/*Initialize a public general font descriptor*/
#if LVGL_VERSION_MAJOR >= 8
const lv_font_t noto_emoji_14 = {
#else
lv_font_t noto_emoji_14 = {
#endif
    .get_glyph_dsc = lv_font_get_glyph_dsc_fmt_txt,    /*Function pointer to get glyph's data*/
    .get_glyph_bitmap = lv_font_get_bitmap_fmt_txt,    /*Function pointer to get glyph's bitmap*/
    .line_height = 16,          /*The maximum line height required by the font*/
    .base_line = 3,             /*Baseline measured from the bottom of the line*/
#if !(LVGL_VERSION_MAJOR == 6 && LVGL_VERSION_MINOR == 0)
    .subpx = LV_FONT_SUBPX_NONE,
#endif
#if LV_VERSION_CHECK(7, 4, 0) || LVGL_VERSION_MAJOR >= 8
    .underline_position = 9,
    .underline_thickness = 1,
#endif
    .dsc = &font_dsc,          /*The custom font data. Will be accessed by `get_glyph_bitmap/dsc` */
#if LV_VERSION_CHECK(8, 2, 0) || LVGL_VERSION_MAJOR >= 9
    .fallback = NULL,
#endif
    .user_data = NULL,
};



#endif /*#if NOTO_EMOJI_14*/

