/*******************************************************************************
 * Size: 10 px
 * Bpp: 4
 * Opts: --no-compress --no-prefilter --bpp 4 --size 10 --font NotoEmoji.ttf (Noto Emoji, monochrome) -r 0x1F600-0x1F64F,0x1F32D-0x1F37F,0x1F380-0x1F38F,0x2600-0x26FF,0x2700-0x27BF --format lvgl -o Modules/lvgl-module/source-fonts/noto_emoji_10.c --force-fast-kern-format
 ******************************************************************************/

#ifdef LV_LVGL_H_INCLUDE_SIMPLE
#include "lvgl.h"
#else
#include "lvgl/lvgl.h"
#endif

#ifndef NOTO_EMOJI_10
#define NOTO_EMOJI_10 1
#endif

#if NOTO_EMOJI_10

/*-----------------
 *    BITMAPS
 *----------------*/

/*Store the image of the glyphs*/
static LV_ATTRIBUTE_LARGE_CONST const uint8_t glyph_bitmap[] = {
    /* U+2600 "☀" */
    0x0, 0x0, 0x1, 0x30, 0x0, 0x0, 0x6, 0x30,
    0x76, 0x0, 0x0, 0x0, 0x63, 0xc9, 0xa2, 0x53,
    0x0, 0x6, 0x81, 0x4, 0xa4, 0x40, 0x66, 0xb0,
    0x0, 0x3, 0xa0, 0x1, 0x78, 0x0, 0x0, 0xb,
    0x50, 0x0, 0xd0, 0x0, 0x3, 0x88, 0x30, 0x62,
    0xa0, 0x1, 0xd2, 0x0, 0x5, 0x57, 0x8a, 0xb3,
    0x30, 0x0, 0x0, 0x16, 0x50, 0x64, 0x0, 0x0,
    0x0, 0x70, 0x0, 0x0, 0x0,

    /* U+2601 "☁" */
    0x0, 0x0, 0x0, 0x46, 0x40, 0x0, 0x0, 0x0,
    0x7, 0x30, 0x17, 0x0, 0x0, 0x3, 0x85, 0x0,
    0x1, 0x50, 0x0, 0x44, 0x6, 0x10, 0x0, 0x60,
    0x4, 0x70, 0x0, 0x20, 0x0, 0x63, 0x34, 0x0,
    0x0, 0x0, 0x0, 0x6, 0x43, 0x0, 0x0, 0x0,
    0x0, 0x6, 0x4, 0x56, 0x53, 0x50, 0x3, 0x62,
    0x0, 0x0, 0x12, 0x16, 0x63, 0x0,

    /* U+2602 "☂" */
    0x0, 0x0, 0x3, 0x0, 0x0, 0x0, 0x1, 0x58,
    0xf6, 0x40, 0x0, 0x4, 0x61, 0x61, 0x62, 0x81,
    0x2, 0x60, 0x50, 0x5, 0x10, 0x80, 0x60, 0x6,
    0x2, 0x6, 0x2, 0x47, 0x66, 0xc6, 0xb6, 0xc6,
    0x65, 0x0, 0x0, 0x6, 0x0, 0x0, 0x0, 0x0,
    0x0, 0x60, 0x0, 0x0, 0x0, 0x1, 0x58, 0x0,
    0x0, 0x0, 0x0, 0x57, 0x50, 0x0, 0x0, 0x0,
    0x2, 0x53, 0x0, 0x0, 0x0,

    /* U+2603 "☃" */
    0x0, 0x4, 0x73, 0x0, 0x0, 0x0, 0xaf, 0xa0,
    0x10, 0x20, 0x4d, 0xfd, 0x21, 0x22, 0x16, 0x0,
    0x25, 0x20, 0x2, 0x62, 0x22, 0x61, 0x10, 0x17,
    0x4, 0x6, 0x10, 0x2a, 0x60, 0x1, 0x89, 0x0,
    0x60, 0x0, 0x1, 0x50, 0x6, 0x0, 0x0, 0x5,
    0x0, 0x26, 0x0, 0x7, 0x0, 0x0, 0x15, 0x55,
    0x0, 0x0,

    /* U+2604 "☄" */
    0x0, 0x0, 0x0, 0x0, 0x0, 0x0, 0x0, 0x0,
    0x2, 0x0, 0x0, 0x0, 0x0, 0x7, 0x0, 0x0,
    0x0, 0x0, 0x7, 0x21, 0x50, 0x0, 0x0, 0x7,
    0x26, 0x62, 0x2, 0x0, 0x17, 0x26, 0x62, 0x7,
    0x10, 0x7, 0x5, 0x25, 0x13, 0x10, 0x5, 0x27,
    0xd4, 0x67, 0x10, 0x0, 0x53, 0x59, 0x17, 0x0,
    0x0, 0x0, 0x73, 0x37, 0x0, 0x0, 0x0, 0x0,
    0x54, 0x0, 0x0, 0x0, 0x0,

    /* U+260E "☎" */
    0x0, 0x2, 0x56, 0x66, 0x51, 0x0, 0x0, 0x46,
    0x32, 0x20, 0x32, 0x46, 0x20, 0x33, 0x0, 0x68,
    0x66, 0x50, 0x6, 0x9, 0x54, 0x62, 0x46, 0x24,
    0x64, 0x76, 0x63, 0x81, 0x68, 0x66, 0x56, 0x45,
    0x30, 0x3a, 0x8, 0x95, 0x76, 0x28, 0x20, 0x0,
    0x62, 0x7a, 0x59, 0x80, 0x60, 0x0, 0x7, 0x2a,
    0xaa, 0xa9, 0x6, 0x0, 0x0, 0xc6, 0x66, 0x66,
    0x66, 0xa0, 0x0, 0x6, 0x0, 0x0, 0x0, 0x6,
    0x0, 0x0, 0x56, 0x66, 0x66, 0x66, 0x30, 0x0,

    /* U+2611 "☑" */
    0x26, 0x66, 0x66, 0x66, 0x66, 0x16, 0x0, 0x0,
    0x0, 0x0, 0x6, 0x60, 0x0, 0x0, 0x6, 0xc0,
    0x66, 0x0, 0x0, 0x3, 0xf6, 0x6, 0x61, 0xa0,
    0x1, 0xe9, 0x0, 0x66, 0xf, 0x40, 0xcc, 0x0,
    0x6, 0x60, 0xba, 0x9e, 0x10, 0x0, 0x66, 0x5,
    0xff, 0x40, 0x0, 0x6, 0x60, 0x1f, 0x70, 0x0,
    0x0, 0x66, 0x0, 0x10, 0x0, 0x0, 0x6, 0x36,
    0x66, 0x66, 0x66, 0x66, 0x10,

    /* U+2614 "☔" */
    0x2, 0x0, 0x1, 0x0, 0x11, 0x0, 0x80, 0x36,
    0xf5, 0x14, 0x40, 0x2, 0x73, 0x73, 0x55, 0x70,
    0x1, 0x71, 0x42, 0x76, 0x2, 0x80, 0x60, 0x96,
    0x3, 0x6, 0x93, 0x38, 0x66, 0xb6, 0xb6, 0xb6,
    0x66, 0x0, 0x3, 0x7, 0x4, 0x0, 0x0, 0x0,
    0x0, 0x70, 0x0, 0x0, 0x0, 0x1, 0x59, 0x0,
    0x0, 0x0, 0x0, 0x57, 0x50, 0x0, 0x0, 0x0,
    0x2, 0x54, 0x0, 0x0, 0x0,

    /* U+2615 "☕" */
    0x0, 0x0, 0x0, 0x50, 0x0, 0x0, 0x0, 0x16,
    0x46, 0x0, 0x0, 0x0, 0x75, 0x61, 0x0, 0x0,
    0x37, 0xd7, 0x61, 0x0, 0x2, 0x51, 0x54, 0x18,
    0x0, 0x3, 0xaf, 0xff, 0xfd, 0x77, 0x1, 0x42,
    0x0, 0x8, 0x76, 0x5, 0x83, 0x0, 0x8, 0x30,
    0x42, 0x44, 0x0, 0x64, 0x52, 0x17, 0x12, 0x66,
    0x13, 0x70, 0x0, 0x46, 0x66, 0x63, 0x0,

    /* U+2618 "☘" */
    0x0, 0x0, 0x66, 0x44, 0x0, 0x0, 0x0, 0x50,
    0x2, 0x24, 0x0, 0x2, 0x57, 0x0, 0x0, 0x60,
    0x1, 0x50, 0x75, 0x0, 0x57, 0x20, 0x24, 0x0,
    0x60, 0x65, 0x6, 0x14, 0x20, 0x0, 0x1, 0x0,
    0x42, 0x60, 0x1, 0x6b, 0x0, 0x7, 0x1, 0x66,
    0x50, 0x67, 0x0, 0x60, 0x0, 0x0, 0x6, 0x6,
    0x62, 0x0, 0x0, 0x0, 0x60, 0x0, 0x0, 0x0,
    0x0, 0x1, 0x30, 0x0, 0x0,

    /* U+261D "☝" */
    0x0, 0x0, 0x0, 0x43, 0x0, 0x0, 0x0, 0x56,
    0x0, 0x0, 0x0, 0x56, 0x0, 0x0, 0x15, 0x56,
    0x3, 0x76, 0xa3, 0x76, 0x6, 0x61, 0xa5, 0x86,
    0x9, 0x7a, 0x10, 0x2b, 0x9, 0x26, 0x66, 0x6,
    0x6, 0x0, 0x7, 0x26, 0x2, 0x60, 0x0, 0x53,
    0x0, 0x16, 0x66, 0x20,

    /* U+2620 "☠" */
    0x4, 0x10, 0x0, 0x0, 0x32, 0x4, 0x45, 0x0,
    0x0, 0x6, 0x72, 0x55, 0x57, 0x55, 0x68, 0x45,
    0x30, 0x9, 0x10, 0x0, 0x47, 0x0, 0x0, 0x50,
    0x0, 0x0, 0x50, 0x0, 0x6, 0xa7, 0xc, 0x56,
    0x0, 0x0, 0x64, 0x26, 0x42, 0x60, 0x0, 0xa,
    0x10, 0x40, 0x47, 0x0, 0x37, 0x5a, 0x22, 0x3b,
    0x56, 0x15, 0x26, 0x27, 0x77, 0x16, 0x43, 0x5,
    0x20, 0x0, 0x0, 0x43, 0x0,

    /* U+2622 "☢" */
    0x0, 0x1, 0x66, 0x50, 0x0, 0x0, 0x6, 0x40,
    0x1, 0x64, 0x0, 0x7, 0x36, 0x0, 0x8, 0x44,
    0x4, 0x3e, 0xf1, 0x5, 0xfa, 0x60, 0x66, 0xff,
    0x90, 0xdf, 0xf3, 0x46, 0x59, 0x94, 0xb5, 0x99,
    0x26, 0x60, 0x0, 0x16, 0x0, 0x1, 0x44, 0x10,
    0xa, 0xf5, 0x0, 0x50, 0x7, 0x4, 0xff, 0xe0,
    0x25, 0x0, 0x17, 0x47, 0x85, 0x56, 0x0, 0x0,
    0x4, 0x66, 0x62, 0x0, 0x0,

    /* U+2623 "☣" */
    0x0, 0x1, 0x66, 0x50, 0x0, 0x0, 0x6, 0x40,
    0x1, 0x64, 0x0, 0x7, 0x2, 0x0, 0x3, 0x34,
    0x4, 0x20, 0x61, 0x30, 0x60, 0x60, 0x60, 0x8,
    0xa4, 0xc4, 0x1, 0x46, 0x26, 0x79, 0x1b, 0x66,
    0x6, 0x61, 0x2, 0x4b, 0x50, 0x2, 0x44, 0x10,
    0x0, 0xa0, 0x0, 0x50, 0x7, 0x0, 0x55, 0x20,
    0x25, 0x0, 0x17, 0x30, 0x0, 0x46, 0x0, 0x0,
    0x4, 0x66, 0x62, 0x0, 0x0,

    /* U+2626 "☦" */
    0x48, 0x88, 0x88, 0x88, 0x86, 0xe, 0xff, 0xff,
    0xff, 0xff, 0xf2, 0xef, 0xfe, 0xa7, 0xdf, 0xff,
    0x3e, 0xff, 0xeb, 0x7d, 0xff, 0xf3, 0xef, 0x52,
    0x21, 0x22, 0xef, 0x3e, 0xff, 0xfd, 0x9f, 0xff,
    0xf3, 0xef, 0xfc, 0x69, 0xff, 0xff, 0x3e, 0xff,
    0xfb, 0x2b, 0xff, 0xf3, 0xef, 0xff, 0xd9, 0xef,
    0xff, 0x3e, 0xff, 0xff, 0xff, 0xff, 0xf2, 0x6a,
    0xaa, 0xaa, 0xaa, 0xa9, 0x0,

    /* U+262A "☪" */
    0x14, 0x44, 0x44, 0x44, 0x42, 0xd, 0xff, 0xff,
    0xff, 0xff, 0xf0, 0xef, 0xe5, 0x36, 0x8d, 0xff,
    0x1e, 0xf2, 0x9f, 0xff, 0xdf, 0xf1, 0xe8, 0x5f,
    0xff, 0xfe, 0xff, 0x1e, 0x58, 0xff, 0xfc, 0x3c,
    0xf1, 0xe6, 0x7f, 0xff, 0xd5, 0xdf, 0x1e, 0xc2,
    0xff, 0xff, 0xff, 0xf1, 0xef, 0x83, 0xcf, 0xdb,
    0xff, 0x1e, 0xff, 0xc7, 0x6a, 0xff, 0xf1, 0x9d,
    0xdd, 0xdd, 0xdd, 0xdb, 0x0,

    /* U+262E "☮" */
    0x36, 0x66, 0x66, 0x66, 0x64, 0xe, 0xff, 0xff,
    0xff, 0xff, 0xf0, 0xef, 0xe9, 0x78, 0x8e, 0xff,
    0xe, 0xf9, 0xfc, 0xdf, 0x8f, 0xf0, 0xea, 0xff,
    0xcd, 0xff, 0x9f, 0xe, 0x9f, 0xf8, 0x9f, 0xf9,
    0xf0, 0xea, 0xfa, 0xab, 0xaf, 0x9f, 0xe, 0xf7,
    0xdc, 0xdd, 0x7e, 0xf0, 0xef, 0xe9, 0x78, 0x8d,
    0xff, 0xe, 0xff, 0xff, 0xff, 0xff, 0xf0, 0x36,
    0x66, 0x66, 0x66, 0x64, 0x0,

    /* U+262F "☯" */
    0x48, 0x88, 0x88, 0x88, 0x87, 0xe, 0xff, 0xfb,
    0xbe, 0xff, 0xf3, 0xef, 0xc9, 0xde, 0xaa, 0xff,
    0x3e, 0xea, 0xfe, 0xbf, 0xab, 0xf3, 0xe9, 0xff,
    0xc7, 0xf2, 0x9f, 0x3e, 0x9f, 0xff, 0xb4, 0x8,
    0xf3, 0xe9, 0xfe, 0x10, 0x0, 0x9f, 0x3e, 0xcc,
    0xc1, 0x60, 0x89, 0xf3, 0xef, 0x9c, 0x96, 0x98,
    0xff, 0x3e, 0xff, 0xc9, 0x9a, 0xff, 0xf3, 0x9d,
    0xdd, 0xdd, 0xdd, 0xdc, 0x10,

    /* U+2638 "☸" */
    0x14, 0x44, 0x44, 0x44, 0x43, 0xd, 0xff, 0xff,
    0xff, 0xff, 0xf2, 0xef, 0xff, 0xa7, 0xdf, 0xff,
    0x3e, 0xf9, 0x7e, 0xaa, 0x5f, 0xf3, 0xef, 0x9a,
    0x97, 0x8a, 0xef, 0x3e, 0xb6, 0x9a, 0xe7, 0x97,
    0xf3, 0xef, 0xae, 0x69, 0xae, 0xbf, 0x3e, 0xf9,
    0x8f, 0xaa, 0x7f, 0xf3, 0xef, 0xb9, 0x96, 0x8a,
    0xff, 0x3e, 0xff, 0xff, 0xcf, 0xff, 0xf3, 0x9d,
    0xdd, 0xdd, 0xdd, 0xdc, 0x0,

    /* U+2639 "☹" */
    0x0, 0x2, 0x66, 0x50, 0x0, 0x0, 0x6, 0x40,
    0x1, 0x65, 0x0, 0x7, 0x0, 0x0, 0x0, 0x34,
    0x4, 0x20, 0x20, 0x0, 0x10, 0x60, 0x60, 0xe,
    0x20, 0x5a, 0x1, 0x46, 0x0, 0x10, 0x0, 0x0,
    0x6, 0x60, 0x0, 0x46, 0x30, 0x1, 0x55, 0x10,
    0x72, 0x3, 0x60, 0x51, 0x7, 0x0, 0x0, 0x0,
    0x16, 0x0, 0x17, 0x20, 0x0, 0x46, 0x0, 0x0,
    0x4, 0x66, 0x62, 0x0, 0x0,

    /* U+263A "☺" */
    0x0, 0x2, 0x66, 0x50, 0x0, 0x0, 0x6, 0x40,
    0x1, 0x65, 0x0, 0x7, 0x15, 0x0, 0x24, 0x34,
    0x4, 0x23, 0x10, 0x0, 0x22, 0x60, 0x60, 0x15,
    0x10, 0x35, 0x1, 0x46, 0x2, 0x12, 0x2, 0x21,
    0x6, 0x60, 0x53, 0x0, 0x6, 0x21, 0x55, 0x10,
    0x23, 0x5, 0x0, 0x51, 0x7, 0x0, 0x35, 0x10,
    0x16, 0x0, 0x17, 0x20, 0x0, 0x46, 0x0, 0x0,
    0x4, 0x66, 0x62, 0x0, 0x0,

    /* U+2640 "♀" */
    0x0, 0x24, 0x0, 0x0, 0xaf, 0xee, 0x40, 0x8d,
    0x10, 0x6f, 0x1c, 0x50, 0x0, 0xd5, 0xc6, 0x0,
    0xe, 0x56, 0xe4, 0x19, 0xd0, 0x7, 0xff, 0xd2,
    0x0, 0x4, 0xd0, 0x0, 0x5, 0xcf, 0xb0, 0x0,
    0x3a, 0xe7, 0x0, 0x0, 0x3a, 0x0, 0x0,

    /* U+2642 "♂" */
    0x0, 0x0, 0x0, 0x14, 0x44, 0x10, 0x0, 0x0,
    0x6, 0xef, 0xf4, 0x0, 0x0, 0x0, 0x5, 0xff,
    0x40, 0x1, 0x42, 0x5, 0xf4, 0xe4, 0x6, 0xfe,
    0xfc, 0xf4, 0x5, 0x13, 0xf5, 0x0, 0xad, 0x0,
    0x0, 0xa9, 0x0, 0x0, 0xf3, 0x0, 0xb, 0x70,
    0x0, 0xd, 0x40, 0x0, 0x8c, 0x0, 0x3, 0xf1,
    0x0, 0x0, 0xdc, 0x57, 0xf7, 0x0, 0x0, 0x1,
    0x9d, 0xc5, 0x0, 0x0, 0x0,

    /* U+2648 "♈" */
    0x0, 0x0, 0x24, 0x20, 0x0, 0x0, 0x5, 0xdf,
    0xff, 0xb2, 0x0, 0x6, 0xff, 0xff, 0xff, 0xe2,
    0x2, 0xfd, 0x7c, 0xfa, 0x8f, 0xc0, 0x8f, 0x5e,
    0x5c, 0x8d, 0x7f, 0x3a, 0xff, 0xf9, 0x5e, 0xff,
    0xf6, 0xaf, 0xff, 0xb1, 0xff, 0xff, 0x56, 0xff,
    0xfe, 0x3f, 0xff, 0xf1, 0xd, 0xff, 0xf9, 0xff,
    0xf9, 0x0, 0x2e, 0xff, 0xff, 0xfb, 0x0, 0x0,
    0x7, 0xbd, 0xb5, 0x0, 0x0,

    /* U+2649 "♉" */
    0x0, 0x3, 0x89, 0x71, 0x0, 0x0, 0xa, 0xff,
    0xff, 0xf6, 0x0, 0xa, 0xee, 0xff, 0xfc, 0xf6,
    0x4, 0xfe, 0x5e, 0xfc, 0x5f, 0xe0, 0x9f, 0xfd,
    0x14, 0x2f, 0xff, 0x5b, 0xff, 0x6e, 0xfb, 0x8f,
    0xf6, 0x9f, 0xf6, 0xff, 0xf5, 0xff, 0x54, 0xff,
    0x5f, 0xfd, 0x7f, 0xe0, 0xb, 0xfd, 0x56, 0x6f,
    0xf6, 0x0, 0xb, 0xff, 0xff, 0xf7, 0x0, 0x0,
    0x4, 0x89, 0x72, 0x0, 0x0,

    /* U+264A "♊" */
    0x0, 0x5, 0x99, 0x60, 0x0, 0x0, 0x1c, 0xff,
    0xff, 0xe4, 0x0, 0xd, 0xce, 0xff, 0xfb, 0xf3,
    0x7, 0xfc, 0x45, 0x62, 0xaf, 0xc0, 0xcf, 0xf8,
    0xef, 0x6f, 0xff, 0x1e, 0xff, 0x8e, 0xf6, 0xff,
    0xf3, 0xcf, 0xf8, 0xef, 0x6f, 0xff, 0x17, 0xfd,
    0x45, 0x62, 0xbf, 0xc0, 0xd, 0xce, 0xff, 0xfb,
    0xf3, 0x0, 0x1c, 0xff, 0xff, 0xe4, 0x0, 0x0,
    0x5, 0x89, 0x60, 0x0, 0x0,

    /* U+264B "♋" */
    0x0, 0x4, 0xab, 0x82, 0x0, 0x0, 0xc, 0xff,
    0xff, 0xf7, 0x0, 0xb, 0xe7, 0x56, 0x6d, 0xf5,
    0x4, 0xd4, 0x86, 0xfe, 0x8f, 0xe0, 0x99, 0xdf,
    0x9d, 0xa7, 0xef, 0x4b, 0xb8, 0xf5, 0xa8, 0xd5,
    0xf5, 0x9f, 0xa6, 0xc7, 0xef, 0x7e, 0x45, 0xfe,
    0xbf, 0xc6, 0xa5, 0xe0, 0xc, 0xf9, 0x66, 0x58,
    0xf6, 0x0, 0x1d, 0xff, 0xff, 0xf8, 0x0, 0x0,
    0x6, 0xbc, 0xa3, 0x0, 0x0,

    /* U+264C "♌" */
    0x0, 0x1, 0x56, 0x40, 0x0, 0x0, 0x8, 0xff,
    0xff, 0xd3, 0x0, 0x9, 0xff, 0xd7, 0x7f, 0xf2,
    0x3, 0xff, 0xf5, 0xfe, 0x6f, 0xb0, 0x9f, 0x75,
    0x6f, 0xf5, 0xff, 0x2b, 0xca, 0xf5, 0xf9, 0xbf,
    0xf4, 0xae, 0x7d, 0x6e, 0x6f, 0xff, 0x35, 0xfc,
    0x9e, 0xab, 0xff, 0xd0, 0xd, 0xff, 0xfd, 0x57,
    0xf5, 0x0, 0x1c, 0xff, 0xff, 0xf7, 0x0, 0x0,
    0x5, 0x9a, 0x82, 0x0, 0x0,

    /* U+264D "♍" */
    0x0, 0x6, 0xaa, 0x71, 0x0, 0x0, 0x1d, 0xff,
    0xff, 0xf5, 0x0, 0xd, 0xc4, 0xb5, 0xaf, 0xf3,
    0x7, 0xf4, 0xb2, 0xa4, 0x9d, 0xc0, 0xcf, 0x6f,
    0x6f, 0x6b, 0x6f, 0x1e, 0xf6, 0xf6, 0xf6, 0xf6,
    0xf3, 0xcf, 0x6f, 0x6f, 0x67, 0xcf, 0x28, 0xf6,
    0xf6, 0xf4, 0x9f, 0xd0, 0x1e, 0xff, 0xf7, 0xa5,
    0xf4, 0x0, 0x2e, 0xff, 0xff, 0xf6, 0x0, 0x0,
    0x7, 0xbc, 0x92, 0x0, 0x0,

    /* U+264E "♎" */
    0x0, 0x6, 0xaa, 0x71, 0x0, 0x0, 0x2d, 0xff,
    0xff, 0xe4, 0x0, 0xe, 0xfd, 0x43, 0xbf, 0xf3,
    0x7, 0xff, 0x4d, 0xe5, 0xdf, 0xb0, 0xcf, 0xe7,
    0xff, 0xca, 0xff, 0x1e, 0xff, 0x5f, 0xf8, 0xdf,
    0xf2, 0xcf, 0x85, 0xdf, 0x56, 0xff, 0x7, 0xf9,
    0x77, 0x77, 0x7f, 0xb0, 0xd, 0xff, 0xff, 0xff,
    0xf2, 0x0, 0x1c, 0xff, 0xff, 0xe3, 0x0, 0x0,
    0x4, 0x99, 0x60, 0x0, 0x0,

    /* U+264F "♏" */
    0x0, 0x0, 0x34, 0x10, 0x0, 0x0, 0x6, 0xef,
    0xff, 0xb2, 0x0, 0x9, 0xfe, 0xfe, 0xff, 0xe2,
    0x4, 0xf8, 0x83, 0x86, 0xff, 0xc0, 0xbf, 0x6f,
    0x6f, 0x6f, 0xff, 0x3e, 0xf6, 0xf6, 0xf6, 0xff,
    0xf6, 0xdf, 0x6f, 0x6f, 0x6f, 0x4f, 0x58, 0xf7,
    0xf7, 0xf7, 0xa5, 0xf1, 0x1f, 0xff, 0xff, 0xfb,
    0xe8, 0x0, 0x3e, 0xff, 0xff, 0xf9, 0x0, 0x0,
    0x7, 0xbc, 0x93, 0x0, 0x0,

    /* U+2650 "♐" */
    0x0, 0x0, 0x34, 0x10, 0x0, 0x0, 0x7, 0xef,
    0xff, 0x91, 0x0, 0x9, 0xff, 0xff, 0xff, 0xd1,
    0x4, 0xff, 0xff, 0x66, 0x5f, 0x90, 0xbf, 0xff,
    0xff, 0x54, 0xff, 0xd, 0xff, 0x7c, 0x5d, 0x6f,
    0xf3, 0xdf, 0xfe, 0x1a, 0xff, 0xff, 0x29, 0xff,
    0x5d, 0x6f, 0xff, 0xe0, 0x1f, 0xcd, 0xff, 0xff,
    0xf6, 0x0, 0x4f, 0xff, 0xff, 0xf8, 0x0, 0x0,
    0x18, 0xcd, 0xa3, 0x0, 0x0,

    /* U+2651 "♑" */
    0x0, 0x0, 0x24, 0x20, 0x0, 0x0, 0x5, 0xdf,
    0xff, 0xc3, 0x0, 0x7, 0xff, 0xef, 0xff, 0xf3,
    0x2, 0xf9, 0x49, 0xaf, 0xff, 0xd0, 0x8f, 0xe7,
    0xf6, 0xff, 0xff, 0x5b, 0xfe, 0x7f, 0x6d, 0x5a,
    0xf7, 0x9f, 0xe7, 0xf5, 0x6f, 0x6f, 0x65, 0xff,
    0xbf, 0xa2, 0xa5, 0xf1, 0xc, 0xff, 0xca, 0x8c,
    0xf8, 0x0, 0xb, 0xff, 0xef, 0xf8, 0x0, 0x0,
    0x3, 0x89, 0x72, 0x0, 0x0,

    /* U+2652 "♒" */
    0x0, 0x1, 0x67, 0x50, 0x0, 0x0, 0x8, 0xff,
    0xff, 0xd4, 0x0, 0x9, 0xff, 0xff, 0xff, 0xf4,
    0x3, 0xf4, 0x8a, 0x3e, 0x49, 0xd0, 0x9b, 0xa6,
    0x5c, 0x3a, 0x6f, 0x3b, 0xef, 0xed, 0xfb, 0xfe,
    0xf5, 0xaf, 0x6a, 0xc4, 0xf5, 0xbf, 0x46, 0xc9,
    0x55, 0xb6, 0x95, 0xf1, 0xb, 0xfd, 0xbf, 0x9f,
    0xd7, 0x0, 0x2d, 0xff, 0xff, 0xf9, 0x0, 0x0,
    0x7, 0xcd, 0xb4, 0x0, 0x0,

    /* U+2653 "♓" */
    0x0, 0x1, 0x45, 0x20, 0x0, 0x0, 0x8, 0xff,
    0xff, 0xb1, 0x0, 0xa, 0xdf, 0xff, 0xfd, 0xe1,
    0x4, 0xfc, 0x7f, 0xfe, 0x8f, 0x90, 0xaf, 0xf6,
    0xff, 0xaf, 0xff, 0xc, 0xf7, 0x35, 0x64, 0x6d,
    0xf1, 0xbf, 0xf7, 0xff, 0x9f, 0xff, 0x16, 0xfe,
    0x6f, 0xfc, 0xaf, 0xd0, 0xd, 0xbe, 0xff, 0xf9,
    0xf5, 0x0, 0x2e, 0xff, 0xff, 0xf7, 0x0, 0x0,
    0x7, 0xbc, 0x93, 0x0, 0x0,

    /* U+265F "♟" */
    0x0, 0x36, 0x10, 0x0, 0x1d, 0xdb, 0x0, 0x3,
    0xef, 0xe0, 0x0, 0x3c, 0xdb, 0x0, 0x2, 0xbb,
    0xa0, 0x0, 0xc, 0xf7, 0x0, 0x4, 0xff, 0xd1,
    0x2, 0xd9, 0x9a, 0xb0, 0x7a, 0xbc, 0xbc, 0x2b,
    0xb9, 0xdf, 0xf6, 0x16, 0x9a, 0x95, 0x0,

    /* U+2660 "♠" */
    0x0, 0x0, 0x4, 0x0, 0x0, 0x0, 0x0, 0xbf,
    0x70, 0x0, 0x0, 0xb, 0xff, 0xf7, 0x0, 0x0,
    0xaf, 0xff, 0xff, 0x50, 0x6, 0xff, 0xff, 0xff,
    0xf2, 0xe, 0xff, 0xff, 0xff, 0xf9, 0x2f, 0xff,
    0xff, 0xff, 0xfd, 0xe, 0xff, 0xff, 0xff, 0xf9,
    0x1, 0x77, 0x8f, 0x58, 0x60, 0x0, 0x19, 0xff,
    0xe7, 0x0, 0x0, 0x4a, 0xaa, 0xaa, 0x10,

    /* U+2663 "♣" */
    0x0, 0x0, 0x57, 0x20, 0x0, 0x0, 0x0, 0x8f,
    0xff, 0x30, 0x0, 0x0, 0xf, 0xff, 0xfb, 0x0,
    0x0, 0x0, 0xef, 0xff, 0xa0, 0x0, 0x7, 0xdf,
    0xff, 0xff, 0xc3, 0x5, 0xff, 0xff, 0xff, 0xff,
    0xf1, 0x8f, 0xff, 0xff, 0xff, 0xff, 0x33, 0xff,
    0xff, 0xff, 0xff, 0xd0, 0x3, 0x99, 0xdf, 0xba,
    0x81, 0x0, 0x4, 0xdf, 0xff, 0xb1, 0x0, 0x0,
    0x6a, 0xaa, 0xaa, 0x30, 0x0,

    /* U+2665 "♥" */
    0x0, 0x37, 0x40, 0x1, 0x67, 0x10, 0x7, 0xff,
    0xfb, 0x2e, 0xff, 0xf3, 0xf, 0xff, 0xff, 0xff,
    0xff, 0xfa, 0x1f, 0xff, 0xff, 0xff, 0xff, 0xfc,
    0xe, 0xff, 0xff, 0xff, 0xff, 0xf9, 0x8, 0xff,
    0xff, 0xff, 0xff, 0xf3, 0x0, 0xef, 0xff, 0xff,
    0xff, 0xa0, 0x0, 0x3f, 0xff, 0xff, 0xfc, 0x0,
    0x0, 0x3, 0xff, 0xff, 0xc1, 0x0, 0x0, 0x0,
    0x3e, 0xfb, 0x0, 0x0, 0x0, 0x0, 0x1, 0x60,
    0x0, 0x0,

    /* U+2666 "♦" */
    0x0, 0x0, 0x20, 0x0, 0x0, 0x0, 0x8f, 0x30,
    0x0, 0x0, 0x4f, 0xfe, 0x0, 0x0, 0x1e, 0xff,
    0xfa, 0x0, 0xa, 0xff, 0xff, 0xf5, 0x4, 0xff,
    0xff, 0xff, 0xf0, 0x2f, 0xff, 0xff, 0xfc, 0x0,
    0x5f, 0xff, 0xff, 0x20, 0x0, 0xaf, 0xff, 0x50,
    0x0, 0x1, 0xef, 0xa0, 0x0, 0x0, 0x3, 0xb0,
    0x0, 0x0,

    /* U+2668 "♨" */
    0x0, 0x0, 0x5, 0x0, 0x0, 0x0, 0x4, 0x59,
    0xc0, 0x64, 0x0, 0x1, 0xf6, 0xfc, 0x2f, 0x40,
    0x0, 0x3f, 0x7e, 0xf5, 0xf6, 0x0, 0x0, 0xfb,
    0xaf, 0x5f, 0xa0, 0x0, 0x2c, 0xc7, 0xf3, 0xea,
    0x20, 0x67, 0xc4, 0x89, 0xe, 0x3b, 0x2d, 0xa2,
    0x1, 0x0, 0x10, 0xe8, 0xaf, 0x92, 0x0, 0x4,
    0xcf, 0x51, 0xcf, 0xff, 0xff, 0xff, 0x80, 0x0,
    0x27, 0x9a, 0x86, 0x10, 0x0,

    /* U+267B "♻" */
    0x0, 0x0, 0x48, 0x66, 0x10, 0x0, 0x0, 0x4,
    0x24, 0x70, 0x7a, 0x0, 0x0, 0x7, 0x6, 0x62,
    0x6, 0x0, 0x0, 0x5, 0x65, 0x76, 0x72, 0x0,
    0x7, 0x67, 0x0, 0x0, 0x6, 0x80, 0x8, 0x3,
    0x20, 0x0, 0x34, 0x6, 0x6, 0x7, 0x80, 0x0,
    0x47, 0x6, 0x5, 0x5a, 0x64, 0x6, 0x77, 0xa5,
    0x0, 0xb0, 0x6, 0x43, 0x0, 0x60, 0x0, 0x46,
    0x68, 0x7, 0x76, 0x0, 0x0, 0x0, 0x0, 0x0,
    0x60, 0x0,

    /* U+267E "♾" */
    0x48, 0x88, 0x88, 0x88, 0x86, 0xe, 0xff, 0xff,
    0xff, 0xff, 0xf3, 0xef, 0xff, 0xff, 0xff, 0xff,
    0x3e, 0xff, 0xff, 0xff, 0xff, 0xf3, 0xed, 0x77,
    0xbe, 0x77, 0xaf, 0x3e, 0x8f, 0xf8, 0x6f, 0xf8,
    0xf3, 0xe8, 0xef, 0x77, 0xdf, 0x7f, 0x3e, 0xf8,
    0x7e, 0xf9, 0x7d, 0xf3, 0xef, 0xff, 0xff, 0xff,
    0xff, 0x3e, 0xff, 0xff, 0xff, 0xff, 0xf3, 0x9e,
    0xee, 0xee, 0xee, 0xec, 0x10,

    /* U+267F "♿" */
    0x14, 0x44, 0x44, 0x44, 0x43, 0xc, 0xff, 0xff,
    0xff, 0xff, 0xf3, 0xdf, 0xfc, 0x5c, 0xc1, 0xff,
    0x4d, 0xff, 0x8b, 0x6, 0xff, 0xf4, 0xdf, 0xfd,
    0x30, 0x8f, 0xff, 0x4d, 0xfb, 0x79, 0x23, 0x2f,
    0xf4, 0xdf, 0x3f, 0xfc, 0x62, 0xff, 0x4d, 0xf3,
    0xdf, 0xb7, 0x4f, 0xf4, 0xdf, 0xd3, 0x38, 0xff,
    0xff, 0x4c, 0xff, 0xff, 0xff, 0xff, 0xf4, 0x37,
    0x77, 0x77, 0x77, 0x76, 0x0,

    /* U+2692 "⚒" */
    0x0, 0x3, 0x40, 0x4, 0x40, 0x0, 0x0, 0x94,
    0x34, 0x56, 0x27, 0x0, 0x7, 0x50, 0x15, 0x3,
    0x60, 0x70, 0x34, 0x1, 0xb1, 0x9, 0x25, 0x25,
    0x25, 0x1a, 0x27, 0x63, 0xa3, 0x76, 0x3, 0x50,
    0x67, 0x46, 0x10, 0x18, 0x0, 0x0, 0x54, 0x59,
    0x10, 0x0, 0x0, 0x5, 0x34, 0xa0, 0x71, 0x0,
    0x0, 0x53, 0x34, 0x17, 0x7, 0x10, 0x0, 0x62,
    0x50, 0x1, 0x60, 0x60, 0x0, 0x45, 0x0, 0x0,
    0x26, 0x0,

    /* U+2693 "⚓" */
    0x0, 0x0, 0x25, 0x10, 0x0, 0x0, 0x0, 0x85,
    0x60, 0x0, 0x0, 0x0, 0x86, 0x50, 0x0, 0x0,
    0x0, 0x48, 0x0, 0x0, 0x0, 0x6, 0x73, 0x83,
    0x0, 0x12, 0x1, 0x94, 0x50, 0x3, 0x55, 0x20,
    0x63, 0x30, 0x57, 0x51, 0x80, 0x62, 0x41, 0x66,
    0x17, 0x36, 0x70, 0x86, 0x54, 0x0, 0x72, 0x0,
    0x5, 0x40, 0x0, 0x4, 0x66, 0x61, 0x0,

    /* U+2694 "⚔" */
    0x44, 0x0, 0x0, 0x0, 0x6, 0x15, 0x97, 0x10,
    0x0, 0x37, 0xb0, 0x7, 0x67, 0x10, 0x36, 0x56,
    0x0, 0x26, 0x67, 0x56, 0x57, 0x0, 0x0, 0x26,
    0x88, 0x57, 0x0, 0x0, 0x0, 0x67, 0x5b, 0x10,
    0x0, 0x8, 0x56, 0x5b, 0x67, 0x57, 0x0, 0x58,
    0x77, 0x26, 0x89, 0x20, 0xa, 0xca, 0x10, 0x68,
    0xd5, 0x9, 0xc4, 0x45, 0x7, 0x38, 0xc5, 0x35,
    0x0, 0x0, 0x0, 0x7, 0x10,

    /* U+2695 "⚕" */
    0x0, 0x0, 0x33, 0x0, 0x0, 0x8b, 0x4c, 0xb0,
    0x0, 0x2e, 0x80, 0x43, 0x0, 0x0, 0xaf, 0xef,
    0xfe, 0xb0, 0x0, 0x13, 0x77, 0x4e, 0x40, 0x3f,
    0xbe, 0xea, 0x70, 0x2, 0xdd, 0xec, 0x61, 0x0,
    0x0, 0x17, 0x9c, 0xc0, 0x0, 0x6d, 0xee, 0xb5,
    0x0, 0x4, 0xbd, 0xb2, 0x0, 0x0, 0x0, 0x35,
    0x50, 0x0,

    /* U+2696 "⚖" */
    0x0, 0x0, 0x1, 0x50, 0x0, 0x0, 0x0, 0x31,
    0x6, 0xa0, 0x2, 0x20, 0x0, 0x8a, 0x7b, 0x3c,
    0x69, 0x70, 0x0, 0xfb, 0x58, 0xa4, 0x6f, 0x90,
    0x2, 0xa6, 0x5, 0x70, 0xa, 0x80, 0x6, 0x66,
    0x5, 0x70, 0x36, 0x62, 0x6, 0x63, 0x35, 0x70,
    0x64, 0x26, 0xc, 0xea, 0x77, 0xc0, 0xac, 0xb9,
    0x6, 0x66, 0x35, 0x24, 0x56, 0x64, 0x0, 0x0,
    0x62, 0x5, 0x40, 0x0, 0x0, 0x0, 0x66, 0x66,
    0x40, 0x0,

    /* U+2697 "⚗" */
    0x0, 0x16, 0x64, 0x0, 0x0, 0x0, 0x36, 0x0,
    0x16, 0x61, 0x0, 0x16, 0x0, 0x0, 0x0, 0x56,
    0x15, 0x26, 0x77, 0x73, 0x21, 0x6, 0x86, 0x88,
    0x88, 0x79, 0x66, 0x14, 0x98, 0x99, 0x98, 0x72,
    0x0, 0xa, 0x8f, 0xfe, 0x81, 0x0, 0x0, 0x6a,
    0x88, 0x67, 0x50, 0x0, 0x47, 0x16, 0x60, 0x76,
    0x0, 0x6, 0x60, 0x57, 0x2, 0x81, 0x0, 0x52,
    0x0, 0x0, 0x6, 0x10, 0x0,

    /* U+2699 "⚙" */
    0x0, 0x0, 0x36, 0x10, 0x0, 0x0, 0x6, 0x6,
    0x15, 0x15, 0x0, 0x7, 0x27, 0x50, 0x76, 0x35,
    0x0, 0x25, 0x6, 0x55, 0x7, 0x0, 0x36, 0x56,
    0x45, 0x45, 0x76, 0x26, 0x0, 0x55, 0x5, 0x50,
    0x6, 0x46, 0x56, 0x55, 0x45, 0x66, 0x30, 0x16,
    0x16, 0x56, 0x7, 0x0, 0x8, 0x7, 0x50, 0x75,
    0x25, 0x0, 0x17, 0x6, 0x5, 0x27, 0x0, 0x0,
    0x0, 0x46, 0x20, 0x0, 0x0,

    /* U+269B "⚛" */
    0x4, 0x44, 0x44, 0x44, 0x44, 0x9, 0xff, 0xff,
    0xef, 0xff, 0xf7, 0xaf, 0xff, 0xaa, 0xbf, 0xff,
    0x8a, 0xfa, 0xa6, 0xb5, 0xbb, 0xf8, 0xaf, 0x9d,
    0x6a, 0x5f, 0x9f, 0x8a, 0xf9, 0x4d, 0x6a, 0x5b,
    0xf8, 0xaf, 0x89, 0x9e, 0x6b, 0x9f, 0x8a, 0xf8,
    0xb4, 0x54, 0xd8, 0xf8, 0xaf, 0xdb, 0x8f, 0x8a,
    0xdf, 0x8a, 0xff, 0xfc, 0x8e, 0xff, 0xf8, 0x6d,
    0xee, 0xee, 0xee, 0xed, 0x40,

    /* U+269C "⚜" */
    0x0, 0x0, 0x3, 0x0, 0x0, 0x0, 0x0, 0x65,
    0x40, 0x0, 0x0, 0x2, 0x40, 0x60, 0x0, 0x0,
    0x5, 0x0, 0x31, 0x0, 0x5, 0x59, 0x10, 0x46,
    0x52, 0x42, 0x43, 0x70, 0x83, 0x26, 0x54, 0x5a,
    0xa5, 0xa9, 0x66, 0x6, 0x5a, 0xa7, 0xa8, 0x53,
    0x0, 0x74, 0xa0, 0xa5, 0x50, 0x0, 0x14, 0x62,
    0x54, 0x0, 0x0, 0x0, 0x6, 0x0, 0x0,

    /* U+26A0 "⚠" */
    0x0, 0x0, 0x15, 0x0, 0x0, 0x0, 0x0, 0x7,
    0x15, 0x0, 0x0, 0x0, 0x2, 0x40, 0x60, 0x0,
    0x0, 0x0, 0x71, 0x91, 0x50, 0x0, 0x0, 0x24,
    0x2d, 0x6, 0x0, 0x0, 0x7, 0x1, 0xb0, 0x15,
    0x0, 0x2, 0x40, 0xa, 0x0, 0x60, 0x0, 0x70,
    0x0, 0x50, 0x1, 0x50, 0x24, 0x0, 0x7, 0x0,
    0x6, 0x6, 0x0, 0x0, 0x0, 0x0, 0x14, 0x36,
    0x66, 0x66, 0x66, 0x66, 0x10,

    /* U+26A1 "⚡" */
    0x0, 0x0, 0x0, 0x13, 0x0, 0x0, 0x0, 0x28,
    0x40, 0x0, 0x0, 0x44, 0x60, 0x0, 0x0, 0x62,
    0x51, 0x0, 0x0, 0x61, 0xa, 0x66, 0x22, 0x60,
    0x0, 0x0, 0x61, 0x56, 0x69, 0x1, 0x70, 0x0,
    0x0, 0x62, 0x60, 0x0, 0x0, 0x63, 0x50, 0x0,
    0x0, 0x28, 0x40, 0x0, 0x0, 0x5, 0x20, 0x0,
    0x0, 0x0,

    /* U+26A7 "⚧" */
    0x8b, 0x80, 0x0, 0x5, 0xbb, 0xcf, 0x57, 0x0,
    0x1, 0xdf, 0x95, 0xf8, 0x0, 0x9, 0x8a, 0x8,
    0xcd, 0xde, 0xbb, 0x0, 0x1, 0x1e, 0x30, 0xa6,
    0x0, 0x0, 0x2b, 0x0, 0x49, 0x0, 0x0, 0xd,
    0x42, 0xb5, 0x0, 0x0, 0x2, 0xbe, 0x60, 0x0,
    0x0, 0x0, 0x5b, 0x10, 0x0, 0x0, 0x4, 0xce,
    0x90, 0x0, 0x0, 0x0, 0x37, 0x0, 0x0,

    /* U+26AA "⚪" */
    0x0, 0x1, 0x56, 0x50, 0x0, 0x0, 0x6, 0x42,
    0x1, 0x64, 0x0, 0x7, 0x27, 0x40, 0x0, 0x34,
    0x4, 0x37, 0x0, 0x0, 0x0, 0x60, 0x64, 0x10,
    0x0, 0x0, 0x1, 0x46, 0x20, 0x0, 0x0, 0x0,
    0x6, 0x60, 0x0, 0x0, 0x0, 0x1, 0x44, 0x10,
    0x0, 0x0, 0x0, 0x60, 0x7, 0x0, 0x0, 0x0,
    0x25, 0x0, 0x17, 0x20, 0x0, 0x46, 0x0, 0x0,
    0x4, 0x66, 0x62, 0x0, 0x0,

    /* U+26AB "⚫" */
    0x0, 0x1, 0x57, 0x50, 0x0, 0x0, 0x6, 0x90,
    0x46, 0x64, 0x0, 0x8, 0xa9, 0x49, 0x94, 0xd4,
    0x4, 0x79, 0x94, 0x99, 0x49, 0xa0, 0x60, 0x44,
    0x4, 0x40, 0x42, 0x48, 0x49, 0x94, 0x99, 0x49,
    0x56, 0x60, 0x44, 0x4, 0x40, 0x41, 0x45, 0x69,
    0x94, 0x99, 0x49, 0xa0, 0x8, 0xa9, 0x49, 0x94,
    0xb5, 0x0, 0x18, 0x70, 0x45, 0x47, 0x0, 0x0,
    0x5, 0x68, 0x72, 0x0, 0x0,

    /* U+26B0 "⚰" */
    0x0, 0x35, 0x0, 0x0, 0x0, 0x1, 0x73, 0x15,
    0x63, 0x0, 0x0, 0x92, 0x0, 0x0, 0x52, 0x0,
    0x6, 0x60, 0x0, 0x0, 0x61, 0x0, 0x66, 0x0,
    0x0, 0x0, 0x70, 0x2, 0x97, 0x50, 0x0, 0x1,
    0x70, 0xb, 0x14, 0x65, 0x0, 0x5, 0x60, 0x66,
    0x52, 0x16, 0x66, 0x46, 0x0, 0x6, 0x63, 0x71,
    0x70, 0x60, 0x0, 0x0, 0x56, 0x28, 0x70, 0x0,
    0x0, 0x0, 0x4, 0x70, 0x0,

    /* U+26B1 "⚱" */
    0x1, 0x56, 0x40, 0x0, 0x85, 0x47, 0x50, 0x9,
    0x77, 0x94, 0x5, 0x10, 0x0, 0x42, 0x96, 0x55,
    0x56, 0x78, 0x65, 0x55, 0x66, 0x50, 0x0, 0x1,
    0x45, 0x0, 0x0, 0x41, 0x26, 0x0, 0x8, 0x0,
    0x96, 0x57, 0x60, 0x1, 0x55, 0x50, 0x0,

    /* U+26BD "⚽" */
    0x0, 0x1, 0x56, 0x60, 0x0, 0x0, 0xb, 0x70,
    0xa, 0xc4, 0x0, 0xd, 0xf7, 0x2, 0xb0, 0x34,
    0x4, 0xf2, 0xb, 0xff, 0x70, 0x70, 0x66, 0x0,
    0x6f, 0xff, 0x6f, 0x46, 0x60, 0x8, 0xcf, 0x60,
    0x78, 0x6d, 0xa7, 0x0, 0x42, 0xb, 0x75, 0xff,
    0x60, 0x0, 0x83, 0xb0, 0xf, 0xfa, 0x51, 0x9f,
    0xe5, 0x0, 0x17, 0x21, 0x7f, 0xfa, 0x0, 0x0,
    0x4, 0x66, 0x82, 0x0, 0x0,

    /* U+26BE "⚾" */
    0x0, 0x1, 0x76, 0x50, 0x0, 0x0, 0x6, 0x43,
    0xa1, 0x64, 0x0, 0x7, 0x0, 0x6, 0xb0, 0x34,
    0x4, 0x31, 0x0, 0x6, 0xa2, 0x60, 0x9a, 0x9c,
    0x0, 0x5, 0x96, 0x46, 0x0, 0x4e, 0x0, 0x2,
    0x58, 0x60, 0x0, 0x39, 0x0, 0x1, 0x45, 0x10,
    0x1, 0x90, 0x0, 0x50, 0x7, 0x0, 0xc, 0x20,
    0x15, 0x0, 0x17, 0x20, 0xb2, 0x46, 0x0, 0x0,
    0x4, 0x68, 0x62, 0x0, 0x0,

    /* U+26C4 "⛄" */
    0x0, 0x4, 0x73, 0x0, 0x0, 0x0, 0xaf, 0xa0,
    0x0, 0x0, 0x5e, 0xfe, 0x20, 0x0, 0x7, 0x0,
    0x15, 0x0, 0x0, 0x52, 0x32, 0x50, 0x2, 0x27,
    0x4, 0x6, 0x21, 0x2a, 0x60, 0x1, 0x89, 0x0,
    0x60, 0x0, 0x1, 0x40, 0x6, 0x0, 0x0, 0x15,
    0x0, 0x26, 0x0, 0x7, 0x0, 0x0, 0x15, 0x55,
    0x0, 0x0,

    /* U+26C5 "⛅" */
    0x0, 0x0, 0x1, 0x0, 0x0, 0x0, 0x0, 0x40,
    0x1b, 0x0, 0x0, 0x0, 0x0, 0x87, 0x86, 0x2,
    0x10, 0x0, 0x0, 0x78, 0x57, 0xba, 0x50, 0x0,
    0x66, 0xa0, 0x1, 0x94, 0x47, 0x0, 0x6, 0x90,
    0x48, 0x0, 0x1, 0x50, 0x3, 0x88, 0x22, 0x60,
    0x0, 0x60, 0xa, 0xc8, 0x0, 0x20, 0x0, 0x55,
    0x4, 0x10, 0x0, 0x0, 0x0, 0x6, 0x2, 0x76,
    0x66, 0x66, 0x66, 0x66,

    /* U+26C8 "⛈" */
    0x0, 0x0, 0x3, 0x64, 0x0, 0x0, 0x0, 0x5,
    0x20, 0x27, 0x0, 0x0, 0x36, 0x70, 0x0, 0x23,
    0x0, 0x13, 0x4, 0x30, 0x0, 0x60, 0x56, 0x0,
    0x0, 0x0, 0x5, 0x46, 0x0, 0x0, 0x0, 0x0,
    0x6, 0x36, 0x66, 0x86, 0x86, 0x66, 0x10, 0x51,
    0x15, 0x28, 0x54, 0x30, 0x8, 0x2, 0x67, 0x70,
    0x82, 0x0, 0x5, 0x40, 0xc1, 0x0, 0x0, 0x0,
    0x61, 0x1, 0x0, 0x0, 0x0,

    /* U+26CE "⛎" */
    0x0, 0x2, 0x67, 0x40, 0x0, 0x0, 0xa, 0xff,
    0xff, 0xc2, 0x0, 0xb, 0xfb, 0xff, 0xde, 0xe1,
    0x4, 0xff, 0x7f, 0xfb, 0xcf, 0x90, 0xaf, 0xd3,
    0x7c, 0xa6, 0xbf, 0xc, 0xe7, 0x6e, 0xa5, 0x9f,
    0xf1, 0xaf, 0xf6, 0xff, 0xbc, 0xff, 0x6, 0xff,
    0x6f, 0xf7, 0xef, 0xb0, 0xd, 0xfd, 0x56, 0xaf,
    0xf2, 0x0, 0x1c, 0xff, 0xff, 0xe4, 0x0, 0x0,
    0x5, 0x89, 0x60, 0x0, 0x0,

    /* U+26CF "⛏" */
    0x0, 0x0, 0x3, 0x68, 0x0, 0x0, 0x1, 0x66,
    0x65, 0x30, 0x0, 0x0, 0xd1, 0x63, 0x0, 0x0,
    0x0, 0x61, 0x35, 0x30, 0x0, 0x0, 0x5, 0x65,
    0x98, 0x10, 0x0, 0x5, 0x60, 0x5, 0x27, 0x10,
    0x0, 0x73, 0x0, 0x7, 0x17, 0x0, 0x3, 0x0,
    0x0, 0x7, 0x7, 0x0, 0x0, 0x0, 0x0, 0x16,
    0x7, 0x0, 0x0, 0x0, 0x0, 0x25, 0x24, 0x0,
    0x0, 0x0, 0x0, 0x35, 0x0,

    /* U+26D1 "⛑" */
    0x0, 0x2, 0x86, 0x80, 0x0, 0x0, 0x5, 0xf4,
    0xa, 0xd3, 0x0, 0x4, 0x35, 0x1, 0x23, 0x61,
    0x0, 0x60, 0x3, 0xc1, 0x0, 0x60, 0x15, 0x0,
    0x9e, 0x60, 0x6, 0x7, 0x15, 0x20, 0x60, 0x0,
    0x15, 0x38, 0x54, 0x0, 0x2, 0x58, 0x10, 0x61,
    0x45, 0x65, 0x32, 0x40, 0x2, 0x40, 0x0, 0x0,
    0x60, 0x0, 0x4, 0x54, 0x44, 0x62, 0x0, 0x0,
    0x0, 0xbf, 0x70, 0x0, 0x0,

    /* U+26D3 "⛓" */
    0x11, 0x11, 0x0, 0x11, 0x4, 0x67, 0x50, 0x36,
    0x90, 0x57, 0x75, 0x6, 0x98, 0x40, 0x99, 0x0,
    0x64, 0x55, 0x57, 0x65, 0x5, 0x97, 0x44, 0x67,
    0x40, 0x36, 0xa0, 0x48, 0x95, 0x6, 0x6a, 0x23,
    0x87, 0x40, 0x68, 0x65, 0x27, 0x73, 0x6, 0x86,
    0x55, 0x88, 0x50, 0x66, 0xa2, 0x44, 0x44, 0x0,
    0x55, 0x0,

    /* U+26D4 "⛔" */
    0x0, 0x0, 0x45, 0x40, 0x0, 0x0, 0x6, 0xef,
    0xff, 0xe6, 0x0, 0x7, 0xff, 0xff, 0xff, 0xf7,
    0x2, 0xff, 0xff, 0xff, 0xff, 0xf1, 0x7f, 0xff,
    0xff, 0xff, 0xff, 0x79, 0xe0, 0x0, 0x0, 0x0,
    0xf8, 0x6f, 0xff, 0xff, 0xff, 0xff, 0x61, 0xff,
    0xff, 0xff, 0xff, 0xe1, 0x5, 0xff, 0xff, 0xff,
    0xf4, 0x0, 0x3, 0xcf, 0xff, 0xc3, 0x0, 0x0,
    0x0, 0x12, 0x10, 0x0, 0x0,

    /* U+26E9 "⛩" */
    0x36, 0x20, 0x0, 0x0, 0x0, 0x37, 0x3, 0xaa,
    0xba, 0xaa, 0xaa, 0xb9, 0xb0, 0x6, 0x64, 0x33,
    0x13, 0x45, 0x64, 0x0, 0x2, 0x84, 0x68, 0x27,
    0x70, 0x0, 0x2, 0x83, 0x88, 0x66, 0x73, 0x90,
    0x0, 0x46, 0x26, 0x66, 0x65, 0x39, 0x0, 0x0,
    0x27, 0x30, 0x0, 0x66, 0x0, 0x0, 0x2, 0x73,
    0x0, 0x6, 0x60, 0x0, 0x0, 0x27, 0x30, 0x0,
    0x66, 0x0, 0x0, 0x6, 0xf6, 0x0, 0xd, 0xf0,
    0x0, 0x0, 0x39, 0x30, 0x0, 0x69, 0x0, 0x0,

    /* U+26EA "⛪" */
    0x0, 0x0, 0x20, 0x0, 0x0, 0x0, 0x1a, 0x0,
    0x0, 0x0, 0x4, 0xa1, 0x0, 0x0, 0x2, 0x83,
    0x90, 0x0, 0x0, 0x17, 0x38, 0x0, 0x0, 0x6,
    0x8a, 0xa2, 0x0, 0x4, 0x55, 0x26, 0x62, 0x6,
    0x52, 0x53, 0x62, 0x82, 0x64, 0x59, 0x96, 0x47,
    0x36, 0xa7, 0xac, 0x7a, 0x83, 0x46, 0x6b, 0xd9,
    0x67, 0x10,

    /* U+26F0 "⛰" */
    0x0, 0x0, 0x0, 0x0, 0x0, 0x0, 0x0, 0x0,
    0x0, 0x3e, 0x20, 0x0, 0x0, 0x0, 0x0, 0x29,
    0xbe, 0x0, 0x0, 0x0, 0x0, 0xb, 0x84, 0x94,
    0x0, 0x0, 0x0, 0x2, 0x6a, 0x27, 0x93, 0x0,
    0x0, 0x0, 0x64, 0x67, 0xf7, 0xb0, 0x0, 0x0,
    0x55, 0x87, 0xf9, 0xa, 0x80, 0x0, 0x46, 0xd9,
    0xf4, 0x5d, 0xff, 0x90, 0x25, 0x1f, 0x84, 0x7a,
    0xfd, 0xbf, 0x14, 0xcf, 0xde, 0xff, 0x6e, 0xdc,
    0xc1, 0x0, 0x24, 0x67, 0x87, 0x64, 0x10, 0x0,

    /* U+26F1 "⛱" */
    0x0, 0x0, 0x0, 0x30, 0x0, 0x0, 0x6, 0x66,
    0xbd, 0x20, 0x0, 0x7, 0x10, 0x8f, 0xe4, 0x40,
    0x5, 0x10, 0x6f, 0xff, 0x33, 0x30, 0x46, 0x6e,
    0xff, 0xf5, 0x6, 0x0, 0x2, 0x42, 0xad, 0x60,
    0x60, 0x0, 0x0, 0x51, 0x37, 0x69, 0x2, 0x55,
    0x5d, 0x53, 0x10, 0x1, 0x70, 0x32, 0x70, 0x24,
    0x55, 0x86, 0x3, 0x79, 0x60, 0x0, 0x6, 0x76,
    0x66, 0x66, 0x66, 0x66, 0x70,

    /* U+26F2 "⛲" */
    0x0, 0x14, 0x24, 0x0, 0x0, 0x5, 0x65, 0x65,
    0x0, 0x0, 0x76, 0xb3, 0x70, 0x0, 0x36, 0xaf,
    0x68, 0x0, 0x5, 0x45, 0x66, 0x42, 0x0, 0x6,
    0xef, 0xb4, 0x0, 0x3, 0x79, 0xf8, 0x52, 0x7,
    0x32, 0x8f, 0x14, 0x57, 0xb7, 0x31, 0x10, 0x47,
    0x92, 0xdf, 0xff, 0xff, 0xc1, 0x0, 0x58, 0x98,
    0x30, 0x0,

    /* U+26F3 "⛳" */
    0x0, 0x0, 0x4, 0x0, 0x0, 0x0, 0x0, 0x0,
    0x74, 0x55, 0x30, 0x0, 0x0, 0x6, 0x2, 0x51,
    0x0, 0x0, 0x0, 0x85, 0x30, 0x0, 0x0, 0x0,
    0x8, 0x0, 0x0, 0x0, 0x46, 0x66, 0xc5, 0x10,
    0x0, 0x61, 0x0, 0x6, 0x14, 0x62, 0x2, 0x62,
    0x0, 0xc0, 0x0, 0x61, 0x0, 0x62, 0x0, 0x0,
    0x0, 0x50, 0x0, 0x72, 0x0, 0x1, 0x71, 0x0,
    0x0, 0x46, 0x66, 0x40, 0x0,

    /* U+26F4 "⛴" */
    0x0, 0x0, 0x36, 0x83, 0x0, 0x0, 0x0, 0x0,
    0xa, 0x98, 0x48, 0x0, 0x0, 0x0, 0x2, 0x58,
    0x21, 0x77, 0x60, 0x0, 0x0, 0x92, 0x61, 0x32,
    0x37, 0x0, 0x0, 0x65, 0xa7, 0x32, 0x33, 0x27,
    0x0, 0x4b, 0xdf, 0x83, 0x22, 0x31, 0x60, 0x5a,
    0xdf, 0xfd, 0xb6, 0xa7, 0x6c, 0x5, 0x0, 0x1,
    0x33, 0x46, 0x66, 0xb0, 0x23, 0x0, 0x0, 0x0,
    0x0, 0x6, 0x0, 0x60, 0x0, 0x0, 0x0, 0x0,
    0x60, 0x1, 0x66, 0x66, 0x66, 0x66, 0x63, 0x0,

    /* U+26F5 "⛵" */
    0x0, 0x0, 0x0, 0x30, 0x0, 0x0, 0x0, 0xa,
    0xb0, 0x0, 0x0, 0x0, 0x79, 0xa0, 0x0, 0x0,
    0x6, 0x1a, 0x45, 0x0, 0x0, 0x33, 0xb, 0x16,
    0x0, 0x0, 0x70, 0xb, 0x4, 0x20, 0x3, 0x20,
    0xc, 0x0, 0x60, 0x7, 0x46, 0x6e, 0x66, 0x90,
    0x5, 0x18, 0x99, 0x51, 0x0, 0x19, 0x69, 0xab,
    0xb9, 0x65, 0x4, 0x66, 0x66, 0x66, 0x64,

    /* U+26F7 "⛷" */
    0x5, 0x50, 0x0, 0x0, 0x0, 0x7, 0xff, 0x80,
    0x0, 0x0, 0x0, 0xaf, 0xff, 0xdd, 0xa2, 0x7c,
    0x2, 0xdf, 0xff, 0xfe, 0xb3, 0x0, 0x0, 0xb,
    0xfe, 0xc2, 0x0, 0x0, 0x6f, 0xfc, 0xb0, 0x0,
    0x31, 0x7, 0x91, 0x2f, 0x42, 0x65, 0x10, 0x0,
    0x2, 0xeb, 0x62, 0x0, 0x0, 0x0, 0x99, 0x40,
    0x0, 0x0, 0x24, 0x64, 0x0, 0x0, 0x0, 0x3,
    0x32, 0x0, 0x0, 0x0, 0x0,

    /* U+26F8 "⛸" */
    0x0, 0x0, 0x35, 0x0, 0x0, 0x0, 0x6, 0x63,
    0x41, 0x0, 0x0, 0x3, 0x20, 0x5a, 0x50, 0x0,
    0x0, 0x60, 0x1, 0xa8, 0x0, 0x0, 0x6, 0x0,
    0x4, 0xc0, 0x0, 0x2, 0x30, 0x0, 0x2b, 0xa1,
    0x0, 0x1a, 0x20, 0x0, 0x1b, 0x91, 0x0, 0x53,
    0x66, 0x30, 0x0, 0x53, 0x8, 0x97, 0x66, 0x66,
    0x68, 0x82, 0x99, 0x21, 0x35, 0xe5, 0x82, 0x46,
    0x78, 0x99, 0xaa, 0x99, 0x30,

    /* U+26F9 "⛹" */
    0x0, 0x0, 0x16, 0x20, 0x0, 0x0, 0x0, 0xd,
    0xfd, 0x0, 0x0, 0x0, 0x0, 0xcf, 0xd0, 0x0,
    0x0, 0x0, 0x8, 0xff, 0xc8, 0x10, 0x0, 0xa,
    0xff, 0xfb, 0xae, 0x0, 0x7f, 0xb7, 0xff, 0xc0,
    0x60, 0x1, 0x20, 0x2f, 0xff, 0x0, 0x2, 0x97,
    0x6, 0xff, 0xf0, 0x0, 0x59, 0x83, 0x9c, 0x7f,
    0xec, 0x1, 0x75, 0xd, 0x90, 0x44, 0x40, 0x0,
    0x0, 0x83, 0x0, 0x0, 0x0,

    /* U+26FA "⛺" */
    0x0, 0x3, 0x53, 0x10, 0x0, 0x0, 0x0, 0x1,
    0x61, 0x34, 0x88, 0x0, 0x0, 0x0, 0x61, 0x0,
    0x7, 0x3, 0x0, 0x0, 0x6, 0x0, 0x3, 0x45,
    0x40, 0x0, 0x6, 0x10, 0x0, 0x73, 0x92, 0x30,
    0x2, 0x60, 0x0, 0x33, 0xb2, 0x45, 0x0, 0xd1,
    0x0, 0x7, 0x4c, 0xc, 0x36, 0x3, 0x66, 0x2c,
    0x3d, 0xe6, 0xfe, 0xf0, 0x0, 0x3, 0xc7, 0xd4,
    0x1, 0x20, 0x0,

    /* U+26FD "⛽" */
    0x0, 0x66, 0x65, 0x0, 0x1, 0x10, 0x72, 0x22,
    0x37, 0x1, 0x60, 0x33, 0xe8, 0x7d, 0x64, 0x83,
    0x3, 0x28, 0x66, 0x86, 0x93, 0x70, 0x32, 0x79,
    0x96, 0x56, 0x86, 0x3, 0x20, 0x43, 0x6, 0x9,
    0x0, 0x32, 0x44, 0x43, 0x67, 0x60, 0x3, 0x25,
    0x85, 0x45, 0x3b, 0x0, 0x32, 0x15, 0x50, 0x52,
    0x92, 0x5, 0x86, 0x66, 0x69, 0x38, 0x40, 0x46,
    0x66, 0x66, 0x63, 0x0, 0x0,

    /* U+2702 "✂" */
    0x3, 0x62, 0x0, 0x4, 0x61, 0x25, 0x66, 0x10,
    0x45, 0x47, 0x65, 0x16, 0x50, 0x65, 0x66, 0x26,
    0x61, 0x95, 0x73, 0x57, 0x3, 0x68, 0x58, 0xb6,
    0x60, 0x0, 0x0, 0xb4, 0x90, 0x0, 0x0, 0x4,
    0x54, 0x60, 0x0, 0x0, 0x6, 0x3a, 0x24, 0x0,
    0x0, 0x15, 0x71, 0x56, 0x0, 0x0, 0x56, 0x10,
    0x57, 0x0, 0x0, 0x24, 0x0, 0x6, 0x0,

    /* U+2705 "✅" */
    0x17, 0x88, 0x88, 0x88, 0x87, 0x18, 0xff, 0xff,
    0xff, 0xff, 0xf8, 0x9f, 0xff, 0xff, 0xfa, 0x1f,
    0x89, 0xff, 0xff, 0xfd, 0x7, 0xf8, 0x9f, 0x4d,
    0xfe, 0x24, 0xff, 0x89, 0xf1, 0x7f, 0x41, 0xef,
    0xf8, 0x9f, 0x71, 0x70, 0xcf, 0xff, 0x89, 0xfc,
    0x0, 0xaf, 0xff, 0xf8, 0x9f, 0xf2, 0x7f, 0xff,
    0xff, 0x88, 0xff, 0xff, 0xff, 0xff, 0xf8, 0x27,
    0x88, 0x88, 0x88, 0x87, 0x10,

    /* U+2708 "✈" */
    0x0, 0x0, 0x0, 0x0, 0x16, 0x14, 0x86, 0x63,
    0xb6, 0x59, 0x46, 0x7, 0x61, 0x3a, 0xb2, 0x9,
    0x10, 0x1, 0x77, 0x62, 0x5, 0x50, 0x0, 0x0,
    0x84, 0x5, 0xb6, 0x0, 0x0, 0x25, 0x7, 0x6a,
    0xa0, 0x36, 0x37, 0x5, 0x87, 0x33, 0x2, 0xcf,
    0x27, 0x20, 0x71, 0x60, 0x3, 0xaf, 0x30, 0x1,
    0x66, 0x0, 0x33, 0xc6, 0x0, 0x7, 0x80, 0x0,
    0x2, 0x30, 0x0, 0x4, 0x0,

    /* U+2709 "✉" */
    0x66, 0x66, 0x66, 0x66, 0x66, 0x5a, 0x50, 0x0,
    0x0, 0x0, 0x69, 0x63, 0x60, 0x0, 0x0, 0x72,
    0x66, 0x2, 0x90, 0x1, 0xa1, 0x6, 0x60, 0x61,
    0x74, 0x72, 0x50, 0x66, 0x33, 0x0, 0x40, 0x5,
    0x26, 0x66, 0x0, 0x0, 0x0, 0x7, 0x6c, 0x0,
    0x0, 0x0, 0x0, 0x1b, 0x66, 0x66, 0x66, 0x66,
    0x66, 0x50,

    /* U+270A "✊" */
    0x0, 0x1, 0x12, 0x50, 0x20, 0x0, 0x45, 0x56,
    0x61, 0x94, 0x50, 0x42, 0x80, 0x6, 0x6, 0x6,
    0x6, 0x5, 0x1, 0x85, 0x80, 0x80, 0x61, 0x57,
    0x52, 0x1, 0x6a, 0x5, 0x85, 0x48, 0x65, 0x10,
    0x50, 0x32, 0x0, 0x0, 0x7, 0x5, 0x10, 0x60,
    0x0, 0x0, 0x10, 0x60, 0x7, 0x10, 0x0, 0x0,
    0x34, 0x0, 0x7, 0x30, 0x0, 0x55, 0x0, 0x0,
    0x3, 0x66, 0x62, 0x0, 0x0,

    /* U+270B "✋" */
    0x0, 0x4, 0x20, 0x0, 0x0, 0x6, 0x68, 0x40,
    0x0, 0x39, 0x16, 0x66, 0x0, 0x6, 0x51, 0x66,
    0x60, 0x0, 0x65, 0x16, 0x66, 0x15, 0x6, 0x10,
    0x11, 0x68, 0x44, 0x60, 0x0, 0x46, 0x16, 0x6,
    0x0, 0x6, 0x5, 0x0, 0x60, 0x1, 0x10, 0x60,
    0x2, 0x40, 0x0, 0x71, 0x0, 0x3, 0x66, 0x61,
    0x0, 0x0,

    /* U+270C "✌" */
    0x0, 0x16, 0x20, 0x42, 0x0, 0x50, 0x61, 0x56,
    0x0, 0x33, 0x65, 0x16, 0x0, 0x6, 0x48, 0x6,
    0x4, 0x77, 0x58, 0x6, 0x6, 0x51, 0xa5, 0x54,
    0x9, 0xa8, 0x10, 0x36, 0x8, 0x26, 0x66, 0x6,
    0x6, 0x0, 0x17, 0x16, 0x2, 0x60, 0x0, 0x53,
    0x0, 0x26, 0x66, 0x20,

    /* U+270D "✍" */
    0x0, 0x0, 0x1, 0x0, 0x0, 0x0, 0x0, 0xb,
    0x70, 0x0, 0x0, 0x0, 0x5d, 0x0, 0x0, 0x0,
    0x3, 0xe4, 0x0, 0x0, 0x3, 0x6d, 0xd7, 0x20,
    0x0, 0x5, 0x3f, 0x20, 0x47, 0x30, 0x42, 0xdc,
    0x64, 0x0, 0x37, 0x68, 0x90, 0x20, 0x0, 0x6,
    0x3f, 0x9d, 0x79, 0x0, 0x6, 0x89, 0x46, 0x33,
    0x66, 0x64, 0x40, 0x0, 0x0, 0x0, 0x0,

    /* U+270F "✏" */
    0x2, 0x60, 0x0, 0x0, 0x0, 0x3, 0x76, 0x84,
    0x0, 0x0, 0x0, 0x96, 0x7, 0x53, 0x0, 0x0,
    0x5, 0x57, 0x8, 0x71, 0x0, 0x0, 0x9, 0x18,
    0x46, 0x61, 0x0, 0x0, 0x8, 0x57, 0x26, 0x71,
    0x0, 0x0, 0x5, 0x47, 0x26, 0x71, 0x0, 0x0,
    0x5, 0x47, 0x29, 0x80, 0x0, 0x0, 0x5, 0x48,
    0x45, 0x0, 0x0, 0x0, 0x5, 0x83, 0x66, 0x0,
    0x0, 0x0, 0x0, 0x28, 0x40,

    /* U+2712 "✒" */
    0x0, 0x5, 0x10, 0x0, 0x0, 0x0, 0x17, 0x17,
    0x0, 0x0, 0x0, 0x7, 0x0, 0x7, 0x0, 0x0,
    0x6, 0x0, 0x0, 0xb7, 0x0, 0x0, 0x44, 0x0,
    0xcb, 0x55, 0x0, 0x0, 0x35, 0xbb, 0x0, 0x27,
    0x0, 0x0, 0x3d, 0x20, 0x1, 0x32, 0x0, 0x0,
    0x7, 0x6, 0xf0, 0x60, 0x0, 0x0, 0x25, 0x2,
    0x67, 0x0, 0x0, 0x0, 0x26, 0x66, 0x94, 0x0,
    0x0, 0x0, 0x0, 0x28, 0x40,

    /* U+2714 "✔" */
    0x0, 0x0, 0x0, 0x0, 0x26, 0x0, 0x0, 0x0,
    0x0, 0x1e, 0xf6, 0x0, 0x0, 0x0, 0xc, 0xff,
    0x21, 0x40, 0x0, 0x9, 0xff, 0x40, 0xaf, 0x60,
    0x6, 0xff, 0x70, 0x9, 0xfc, 0x4, 0xff, 0xa0,
    0x0, 0x4f, 0xf3, 0xef, 0xc0, 0x0, 0x0, 0xef,
    0xff, 0xe1, 0x0, 0x0, 0x9, 0xff, 0xf3, 0x0,
    0x0, 0x0, 0x4f, 0xf6, 0x0, 0x0, 0x0, 0x0,
    0x76, 0x0, 0x0, 0x0, 0x0,

    /* U+2716 "✖" */
    0x0, 0x0, 0x0, 0x0, 0x0, 0x0, 0x5d, 0x10,
    0x0, 0x4d, 0x20, 0x2f, 0xfd, 0x10, 0x4f, 0xfc,
    0x0, 0x6f, 0xfd, 0x6f, 0xfe, 0x20, 0x0, 0x6f,
    0xff, 0xfe, 0x20, 0x0, 0x0, 0x9f, 0xff, 0x40,
    0x0, 0x0, 0x4f, 0xff, 0xfd, 0x10, 0x0, 0x4f,
    0xfe, 0x8f, 0xfd, 0x10, 0x2f, 0xfe, 0x30, 0x7f,
    0xfc, 0x0, 0x8e, 0x30, 0x0, 0x7f, 0x40, 0x0,
    0x10, 0x0, 0x0, 0x10, 0x0,

    /* U+271D "✝" */
    0x69, 0x99, 0x99, 0x99, 0x97, 0xe, 0xff, 0xff,
    0xff, 0xff, 0xf1, 0xef, 0xff, 0xda, 0xff, 0xff,
    0x1e, 0xff, 0xdb, 0x8d, 0xff, 0xf1, 0xef, 0xf7,
    0x54, 0x6f, 0xff, 0x1e, 0xff, 0xfd, 0xaf, 0xff,
    0xf1, 0xef, 0xff, 0xda, 0xff, 0xff, 0x1e, 0xff,
    0xfd, 0xaf, 0xff, 0xf1, 0xef, 0xff, 0xda, 0xff,
    0xff, 0x1e, 0xff, 0xff, 0xff, 0xff, 0xf1, 0x6a,
    0xaa, 0xaa, 0xaa, 0xa8, 0x0,

    /* U+2721 "✡" */
    0x14, 0x44, 0x44, 0x44, 0x43, 0xd, 0xff, 0xff,
    0xff, 0xff, 0xf2, 0xef, 0xff, 0xd9, 0xff, 0xff,
    0x3e, 0xfe, 0xe7, 0x8c, 0xee, 0xf3, 0xef, 0x67,
    0xbb, 0x68, 0xcf, 0x3e, 0xfa, 0x9f, 0xfc, 0x6f,
    0xf3, 0xef, 0x98, 0xff, 0xa7, 0xff, 0x3e, 0xe7,
    0x87, 0x86, 0x8b, 0xf3, 0xef, 0xff, 0x98, 0xff,
    0xff, 0x3e, 0xff, 0xff, 0xdf, 0xff, 0xf3, 0x9e,
    0xee, 0xee, 0xee, 0xec, 0x10,

    /* U+2728 "✨" */
    0x0, 0x2, 0x0, 0x0, 0x10, 0x0, 0x0, 0x0,
    0xa0, 0x0, 0x47, 0x0, 0x0, 0x2, 0x72, 0x72,
    0x6, 0x60, 0x0, 0x0, 0x4, 0x74, 0x0, 0x66,
    0x0, 0x0, 0x0, 0x8, 0x0, 0x35, 0x35, 0x0,
    0x0, 0x4, 0x8, 0x74, 0x0, 0x37, 0x81, 0x0,
    0x92, 0x25, 0x61, 0x6, 0x52, 0x0, 0x54, 0x72,
    0x0, 0x65, 0x10, 0x0, 0x37, 0x15, 0x70, 0x6,
    0x60, 0x0, 0x0, 0x8, 0x40, 0x0, 0x57, 0x0,
    0x0, 0x0, 0x80, 0x0, 0x2, 0x50, 0x0, 0x0,

    /* U+2733 "✳" */
    0x0, 0x0, 0x26, 0x0, 0x0, 0x0, 0x2, 0x6,
    0x23, 0x2, 0x0, 0x5, 0x46, 0x63, 0x37, 0x62,
    0x0, 0x26, 0x3b, 0x49, 0x17, 0x0, 0x14, 0x59,
    0x54, 0x49, 0x44, 0x7, 0x12, 0x42, 0x4, 0x32,
    0x35, 0x26, 0x6b, 0x43, 0x5b, 0x66, 0x0, 0x17,
    0x2b, 0x48, 0x36, 0x0, 0x6, 0x17, 0x63, 0x46,
    0x52, 0x0, 0x5, 0x6, 0x23, 0x15, 0x0, 0x0,
    0x0, 0x37, 0x0, 0x0, 0x0,

    /* U+2734 "✴" */
    0x0, 0x0, 0x1, 0x0, 0x0, 0x0, 0x40, 0x0,
    0x80, 0x0, 0x30, 0x5, 0x94, 0x37, 0x5, 0xa1,
    0x0, 0x7, 0x2b, 0x29, 0x25, 0x0, 0x0, 0x39,
    0x60, 0x8a, 0x0, 0x2, 0xa7, 0x0, 0x0, 0x29,
    0x80, 0x0, 0x4a, 0x50, 0x7b, 0x20, 0x0, 0x7,
    0x1a, 0x29, 0x24, 0x0, 0x4, 0x96, 0x47, 0x26,
    0xa0, 0x0, 0x60, 0x0, 0x90, 0x2, 0x40, 0x0,
    0x0, 0x1, 0x0, 0x0, 0x0,

    /* U+2744 "❄" */
    0x0, 0x0, 0x4, 0x0, 0x0, 0x0, 0x1, 0xa7,
    0x70, 0x0, 0x3, 0x74, 0x62, 0x74, 0x62, 0x17,
    0x37, 0x57, 0x7, 0x58, 0xa, 0x55, 0x85, 0x65,
    0x68, 0x4, 0x17, 0x38, 0x73, 0x32, 0xa, 0x65,
    0x73, 0x56, 0x78, 0x17, 0x28, 0x57, 0x17, 0x47,
    0x5, 0x94, 0x73, 0x66, 0x94, 0x0, 0x3, 0xa5,
    0x90, 0x0, 0x0, 0x0, 0x16, 0x0, 0x0,

    /* U+2747 "❇" */
    0x0, 0x0, 0x26, 0x0, 0x0, 0x0, 0x0, 0x6,
    0x15, 0x0, 0x0, 0x4, 0xc0, 0x60, 0x52, 0xd0,
    0x0, 0x7, 0x96, 0x42, 0xc3, 0x0, 0x26, 0x56,
    0x16, 0x25, 0x66, 0x7, 0x0, 0x56, 0xc7, 0x30,
    0x15, 0x36, 0x66, 0x5, 0x26, 0x66, 0x10, 0x4,
    0xa5, 0x53, 0xb2, 0x0, 0x3, 0xd1, 0x61, 0x44,
    0xe0, 0x0, 0x1, 0x6, 0x5, 0x1, 0x0, 0x0,
    0x0, 0x37, 0x10, 0x0, 0x0,

    /* U+274C "❌" */
    0x1, 0x0, 0x0, 0x0, 0x1, 0x8, 0xf6, 0x0,
    0x0, 0xb, 0xf2, 0x4f, 0xf6, 0x0, 0xc, 0xfd,
    0x0, 0x5f, 0xf7, 0xc, 0xfd, 0x10, 0x0, 0x4f,
    0xfe, 0xfc, 0x10, 0x0, 0x0, 0x5f, 0xfe, 0x10,
    0x0, 0x0, 0x1c, 0xff, 0xf7, 0x0, 0x0, 0x1c,
    0xfc, 0x5f, 0xf7, 0x0, 0x1d, 0xfc, 0x0, 0x4f,
    0xf8, 0x9, 0xfb, 0x0, 0x0, 0x3f, 0xf2, 0x27,
    0x0, 0x0, 0x0, 0x27, 0x0,

    /* U+274E "❎" */
    0x47, 0x77, 0x77, 0x77, 0x76, 0xe, 0xff, 0xff,
    0xff, 0xff, 0xf3, 0xea, 0x2e, 0xff, 0xf5, 0x4f,
    0x3e, 0xe3, 0x1d, 0xf5, 0xb, 0xf3, 0xef, 0xe3,
    0x14, 0xc, 0xff, 0x3e, 0xff, 0xe0, 0x9, 0xff,
    0xf3, 0xef, 0xf4, 0x13, 0xc, 0xff, 0x3e, 0xf4,
    0x1c, 0xf5, 0xb, 0xf3, 0xea, 0x1d, 0xff, 0xf6,
    0x3f, 0x3e, 0xff, 0xff, 0xff, 0xff, 0xf3, 0x37,
    0x77, 0x77, 0x77, 0x76, 0x0,

    /* U+2753 "❓" */
    0x0, 0x45, 0x20, 0x0, 0xcf, 0xef, 0x80, 0x6f,
    0x30, 0x8f, 0x11, 0x20, 0x4, 0xf2, 0x0, 0x0,
    0xcc, 0x0, 0x0, 0xcd, 0x10, 0x0, 0x5f, 0x10,
    0x0, 0x3, 0x50, 0x0, 0x0, 0x13, 0x0, 0x0,
    0xc, 0xf3, 0x0, 0x0, 0x7c, 0x10, 0x0,

    /* U+2754 "❔" */
    0x1, 0x66, 0x50, 0x2, 0x75, 0x54, 0x70, 0x78,
    0x20, 0x62, 0x40, 0x0, 0x6, 0x15, 0x0, 0x3,
    0x56, 0x0, 0x1, 0x56, 0x10, 0x0, 0x64, 0x20,
    0x0, 0x3, 0x50, 0x0, 0x0, 0x56, 0x0, 0x0,
    0x6, 0x15, 0x0, 0x0, 0x46, 0x0, 0x0,

    /* U+2755 "❕" */
    0x46, 0x36, 0x6, 0x60, 0x66, 0x6, 0x70, 0x57,
    0x5, 0x71, 0x52, 0x61, 0x36, 0x26, 0x6, 0x36,
    0x20,

    /* U+2757 "❗" */
    0x6b, 0x18, 0xf2, 0x8f, 0x17, 0xf1, 0x7f, 0x6,
    0xf0, 0x6f, 0x0, 0x0, 0x14, 0xb, 0xf5, 0x6c,
    0x20,

    /* U+2763 "❣" */
    0x4, 0x62, 0x4, 0x62, 0x5, 0x30, 0x48, 0x20,
    0x62, 0x60, 0x0, 0x10, 0x0, 0x66, 0x0, 0x0,
    0x0, 0x14, 0x24, 0x0, 0x0, 0x7, 0x0, 0x52,
    0x0, 0x5, 0x20, 0x0, 0x63, 0x5, 0x30, 0x0,
    0x0, 0x58, 0x20, 0x0, 0x0, 0x2, 0x60, 0x0,
    0x0, 0x0, 0x61, 0x50, 0x0, 0x0, 0x3, 0x61,
    0x0, 0x0,

    /* U+2764 "❤" */
    0x2, 0x75, 0x0, 0x5, 0x72, 0x4, 0xa6, 0x1c,
    0x4c, 0x26, 0xa4, 0x66, 0x60, 0x5c, 0x41, 0x66,
    0x66, 0x66, 0x5, 0x64, 0x16, 0x66, 0x66, 0x60,
    0x56, 0x41, 0x66, 0x65, 0x76, 0x5, 0x64, 0x16,
    0x75, 0x8, 0x60, 0x56, 0x41, 0x68, 0x0, 0x1b,
    0x5, 0x64, 0x1b, 0x10, 0x0, 0x26, 0x56, 0x47,
    0x20, 0x0, 0x0, 0x17, 0x77, 0x20, 0x0, 0x0,
    0x0, 0x7, 0x0, 0x0, 0x0,

    /* U+2795 "➕" */
    0x0, 0x0, 0x0, 0x0, 0x0, 0x0, 0x0, 0xcf,
    0x70, 0x0, 0x0, 0x0, 0xcf, 0x70, 0x0, 0x0,
    0x0, 0xcf, 0x70, 0x0, 0x15, 0x55, 0xdf, 0xa5,
    0x54, 0x3f, 0xff, 0xff, 0xff, 0xff, 0x3e, 0xee,
    0xff, 0xfe, 0xed, 0x0, 0x0, 0xcf, 0x70, 0x0,
    0x0, 0x0, 0xcf, 0x70, 0x0, 0x0, 0x0, 0xcf,
    0x70, 0x0, 0x0, 0x0, 0x7a, 0x40, 0x0,

    /* U+2796 "➖" */
    0x17, 0x77, 0x77, 0x77, 0x77, 0x3f, 0xff, 0xff,
    0xff, 0xff, 0x3f, 0xff, 0xff, 0xff, 0xfe,

    /* U+2797 "➗" */
    0x0, 0x0, 0x5a, 0x20, 0x0, 0x0, 0x0, 0xff,
    0xb0, 0x0, 0x0, 0x0, 0xdf, 0x80, 0x0, 0x0,
    0x0, 0x2, 0x0, 0x0, 0x17, 0x77, 0x77, 0x77,
    0x77, 0x3f, 0xff, 0xff, 0xff, 0xff, 0x3f, 0xff,
    0xff, 0xff, 0xfe, 0x0, 0x0, 0x1, 0x0, 0x0,
    0x0, 0x0, 0xcf, 0x70, 0x0, 0x0, 0x0, 0xff,
    0xc0, 0x0, 0x0, 0x0, 0x7b, 0x30, 0x0,

    /* U+27A1 "➡" */
    0x37, 0x88, 0x88, 0x88, 0x87, 0x1b, 0xff, 0xff,
    0xff, 0xff, 0xf6, 0xbf, 0xff, 0xff, 0xff, 0xff,
    0x6b, 0xff, 0xff, 0xfd, 0xff, 0xf6, 0xbf, 0xff,
    0xff, 0x94, 0xff, 0x6b, 0xf0, 0x0, 0x0, 0x6,
    0xf6, 0xbf, 0xff, 0xff, 0x94, 0xff, 0x6b, 0xff,
    0xff, 0xfd, 0xff, 0xf6, 0xbf, 0xff, 0xff, 0xff,
    0xff, 0x6b, 0xff, 0xff, 0xff, 0xff, 0xf6, 0x38,
    0x88, 0x88, 0x88, 0x88, 0x10,

    /* U+27B0 "➰" */
    0x0, 0x0, 0x0, 0x0, 0x0, 0xd, 0xff, 0xda,
    0xdf, 0xfc, 0x6, 0x48, 0xfe, 0xf6, 0x46, 0x0,
    0x1e, 0x80, 0xad, 0x0, 0x0, 0x5f, 0x0, 0x2f,
    0x20, 0x0, 0x5f, 0x0, 0x1f, 0x30, 0x0, 0x2f,
    0x71, 0x9e, 0x0, 0x0, 0x6, 0xff, 0xe4, 0x0,
    0x0, 0x0, 0x2, 0x0, 0x0,

    /* U+27BF "➿" */
    0x0, 0x0, 0x0, 0x0, 0x0, 0x0, 0x4, 0xc9,
    0x5b, 0xef, 0xe9, 0x5a, 0xd0, 0x4, 0xef, 0xd3,
    0x14, 0xff, 0xb3, 0x0, 0x6d, 0x2c, 0x60, 0xb8,
    0x4f, 0x20, 0xd, 0x40, 0x5c, 0x1f, 0x0, 0x98,
    0x0, 0xf2, 0x3, 0xe3, 0xe0, 0x7, 0xa0, 0xc,
    0x70, 0x7b, 0x1f, 0x30, 0xb7, 0x0, 0x3e, 0xfe,
    0x20, 0x6f, 0xfc, 0x0, 0x0, 0x2, 0x0, 0x0,
    0x12, 0x0, 0x0,

    /* U+1F32D "🌭" */
    0x0, 0x20, 0x0, 0x0, 0x0, 0x0, 0x7, 0xdd,
    0x61, 0x0, 0x0, 0x0, 0xc, 0xf8, 0x66, 0x10,
    0x0, 0x0, 0x33, 0xaf, 0xb2, 0x61, 0x0, 0x0,
    0x50, 0xf, 0x8b, 0x25, 0x60, 0x0, 0x23, 0x1,
    0xfd, 0x87, 0x15, 0x50, 0x7, 0x0, 0x2f, 0xf9,
    0x99, 0x93, 0x2, 0x50, 0x0, 0x6f, 0xf9, 0xfb,
    0x0, 0x26, 0x0, 0x0, 0x3f, 0xf8, 0x0, 0x1,
    0x65, 0x10, 0x36, 0x10, 0x0, 0x0, 0x1, 0x46,
    0x30, 0x0,

    /* U+1F32E "🌮" */
    0x0, 0x0, 0x1, 0x10, 0x0, 0x0, 0x0, 0x4,
    0x53, 0x46, 0x75, 0x30, 0x0, 0x52, 0x2, 0xf9,
    0x0, 0x35, 0x4, 0x37, 0xba, 0xe0, 0x0, 0x6,
    0x6, 0x1f, 0x6f, 0x30, 0x0, 0x7, 0x33, 0xb2,
    0xff, 0x10, 0x10, 0x26, 0x60, 0xc3, 0xf5, 0x10,
    0x6, 0x50, 0x60, 0xfe, 0xf0, 0x15, 0x60, 0x0,
    0x51, 0xba, 0x72, 0x82, 0x0, 0x0, 0x7, 0xef,
    0x66, 0x0, 0x0, 0x0, 0x0, 0x43, 0x0, 0x0,
    0x0, 0x0,

    /* U+1F32F "🌯" */
    0x0, 0x46, 0x50, 0x0, 0x0, 0x0, 0x72, 0x56,
    0xb0, 0x0, 0x0, 0x51, 0x9d, 0xee, 0x60, 0x0,
    0x6, 0x6d, 0xcb, 0xc3, 0x40, 0x0, 0x56, 0xbb,
    0xfd, 0x9, 0x20, 0x0, 0xbf, 0xdf, 0xe3, 0x67,
    0x0, 0x0, 0x71, 0x1, 0xc1, 0x7, 0x0, 0x0,
    0x7e, 0x66, 0x20, 0x24, 0x0, 0x0, 0x9e, 0x7,
    0x1, 0x40, 0x0, 0x0, 0x7c, 0x7, 0x70, 0x0,
    0x0, 0x0, 0x59, 0x50, 0x0,

    /* U+1F330 "🌰" */
    0x0, 0x0, 0x0, 0x30, 0x0, 0x0, 0x0, 0x0,
    0x17, 0x46, 0x0, 0x0, 0x0, 0x5, 0xe7, 0x4a,
    0xc2, 0x0, 0x0, 0x9d, 0xcf, 0xff, 0xfd, 0x50,
    0x7, 0xf8, 0xff, 0xff, 0xe9, 0xd3, 0xe, 0xbd,
    0xff, 0xff, 0x9f, 0x9a, 0x1f, 0x9f, 0xff, 0xff,
    0x9f, 0x9c, 0xf, 0xaf, 0xff, 0xff, 0x9f, 0x9a,
    0x8, 0xec, 0xff, 0xfe, 0xcd, 0xb3, 0x0, 0x8b,
    0x10, 0x10, 0x3c, 0x40, 0x0, 0x1, 0x66, 0x66,
    0x50, 0x0,

    /* U+1F331 "🌱" */
    0x0, 0x0, 0x0, 0x0, 0x4, 0x66, 0x0, 0x0,
    0x0, 0x2, 0x73, 0x5, 0x4, 0x66, 0x66, 0x6,
    0x54, 0x6, 0x7, 0x5, 0x63, 0x82, 0x30, 0x43,
    0x2, 0x60, 0x3, 0x0, 0x4, 0x50, 0x0, 0x27,
    0x66, 0x65, 0x51, 0x0, 0x0, 0x0, 0x0, 0x65,
    0x10, 0x0, 0x0, 0x0, 0x0, 0x53, 0x40, 0x0,
    0x0, 0x0, 0x0, 0x60, 0x50, 0x0, 0x0, 0x0,
    0x0, 0x61, 0x40, 0x0, 0x0, 0x0, 0x0, 0x66,
    0x0, 0x0,

    /* U+1F332 "🌲" */
    0x0, 0x0, 0x14, 0x0, 0x0, 0x0, 0x0, 0x74,
    0x30, 0x0, 0x0, 0x7, 0x11, 0x64, 0x0, 0x0,
    0x65, 0x33, 0x49, 0x0, 0x0, 0x55, 0x47, 0x37,
    0x20, 0x7, 0x13, 0x0, 0x30, 0x63, 0x1, 0xb5,
    0x77, 0x58, 0x80, 0x26, 0x22, 0x0, 0x20, 0x45,
    0x27, 0x62, 0x21, 0x23, 0x65, 0x0, 0x25, 0x9f,
    0x45, 0x0, 0x0, 0x0, 0x48, 0x0, 0x0,

    /* U+1F333 "🌳" */
    0x0, 0x0, 0x56, 0x30, 0x0, 0x0, 0x35, 0x0,
    0x27, 0x0, 0x4, 0x90, 0x0, 0x2, 0x70, 0x24,
    0x20, 0x0, 0x0, 0x15, 0x51, 0x0, 0x0, 0x6,
    0x7, 0x17, 0x8, 0xa8, 0xd4, 0x69, 0xa, 0xfe,
    0x96, 0xff, 0xe1, 0x0, 0xaf, 0x81, 0xa7, 0x0,
    0x0, 0x0, 0x60, 0x70, 0x0, 0x0, 0x0, 0x60,
    0x60, 0x0, 0x0, 0x0, 0x46, 0x20, 0x0,

    /* U+1F334 "🌴" */
    0x0, 0x1, 0x61, 0x0, 0x0, 0x0, 0x75, 0x46,
    0x30, 0x4, 0x56, 0x44, 0x8, 0x7, 0x10, 0x12,
    0x1a, 0x40, 0x79, 0x33, 0xc3, 0x3, 0x52, 0x52,
    0xa, 0xd6, 0x57, 0x63, 0x92, 0xa7, 0x50, 0x25,
    0x57, 0x61, 0x86, 0x0, 0x0, 0x23, 0x18, 0x80,
    0x0, 0x0, 0x5, 0x69, 0x0, 0x0, 0x0, 0x26,
    0x50, 0x0,

    /* U+1F335 "🌵" */
    0x0, 0x0, 0x2, 0x0, 0x0, 0x0, 0x0, 0x7e,
    0x70, 0x0, 0x0, 0x13, 0x86, 0x61, 0x70, 0x4,
    0xc4, 0x88, 0x66, 0x77, 0x9, 0x46, 0x87, 0x66,
    0x47, 0x7, 0x76, 0x97, 0x76, 0x68, 0x8, 0x58,
    0x98, 0x55, 0x90, 0x3, 0x95, 0x78, 0x76, 0x40,
    0x0, 0x17, 0x68, 0x80, 0x0, 0x0, 0x0, 0x98,
    0x90, 0x0, 0x0, 0x0, 0x39, 0x20, 0x0,

    /* U+1F336 "🌶" */
    0x0, 0x0, 0x0, 0x0, 0x62, 0x0, 0x0, 0x0,
    0x0, 0x1, 0x90, 0x0, 0x0, 0x0, 0x25, 0x97,
    0x0, 0x0, 0x0, 0xb, 0xdf, 0xd1, 0x0, 0x0,
    0x4, 0x10, 0x47, 0xa0, 0x0, 0x0, 0x64, 0x10,
    0x5, 0x61, 0x0, 0x6, 0x60, 0x4, 0x26, 0x71,
    0x7, 0x1, 0x0, 0x70, 0x60, 0x55, 0x0, 0x0,
    0x71, 0x2, 0x60, 0x0, 0x3, 0x61, 0x0, 0x0,
    0x56, 0x66, 0x20, 0x0, 0x0,

    /* U+1F337 "🌷" */
    0x0, 0x1, 0x33, 0x10, 0x0, 0x17, 0xa7, 0x47,
    0x0, 0x6, 0x2, 0x90, 0x42, 0x0, 0x60, 0x6,
    0x0, 0x50, 0x5, 0x0, 0x11, 0x15, 0x0, 0x16,
    0x0, 0x5, 0x10, 0x26, 0x56, 0x76, 0x77, 0x1,
    0x54, 0x67, 0x54, 0x70, 0x4, 0x40, 0xf3, 0x25,
    0x0, 0x3, 0x93, 0x26, 0x0, 0x0, 0x3, 0x64,
    0x0, 0x0,

    /* U+1F338 "🌸" */
    0x0, 0x0, 0x4, 0x23, 0x0, 0x0, 0x0, 0x0,
    0x63, 0x95, 0x30, 0x0, 0x0, 0x34, 0x60, 0x0,
    0x75, 0x20, 0x6, 0x31, 0x20, 0x0, 0x30, 0x54,
    0x8, 0x20, 0x5, 0x34, 0x0, 0x64, 0x7, 0x0,
    0xb, 0x98, 0x0, 0x7, 0x5, 0x30, 0x2a, 0xa7,
    0x0, 0x53, 0x0, 0x70, 0x0, 0x70, 0x4, 0x30,
    0x0, 0x60, 0x0, 0x0, 0x0, 0x60, 0x0, 0x58,
    0x21, 0x70, 0x67, 0x20, 0x0, 0x2, 0x64, 0x6,
    0x60, 0x0,

    /* U+1F339 "🌹" */
    0x3, 0x56, 0x64, 0x6, 0xd0, 0x38, 0x37, 0x85,
    0xbf, 0x16, 0x87, 0x55, 0x79, 0x26, 0x50, 0x2a,
    0x3, 0x26, 0x0, 0x6, 0x50, 0x25, 0x0, 0x66,
    0x0, 0x8b, 0xbf, 0x40, 0xa, 0xbc, 0xc4, 0x0,
    0x25, 0x77, 0x20, 0x0, 0x7, 0x10, 0x0,

    /* U+1F33A "🌺" */
    0x1, 0x54, 0x6, 0x55, 0x0, 0x0, 0x5a, 0xa9,
    0x0, 0x26, 0x0, 0x8, 0x9a, 0x41, 0x70, 0x50,
    0x0, 0x61, 0x4a, 0x2b, 0x24, 0x30, 0x46, 0x0,
    0x39, 0x15, 0x15, 0x16, 0x6, 0xd0, 0x34, 0x80,
    0x6, 0x60, 0x14, 0xb, 0x12, 0x1, 0x66, 0x20,
    0x23, 0x63, 0x35, 0xb0, 0xc, 0xe9, 0x0, 0xb,
    0xce, 0x10, 0xfc, 0xf3, 0x2, 0xef, 0xf4, 0x29,
    0x73, 0x46, 0x30, 0x11, 0x10,

    /* U+1F33B "🌻" */
    0x0, 0x0, 0x40, 0x0, 0x0, 0x7, 0x83, 0x87,
    0x0, 0x16, 0x45, 0x64, 0x46, 0x10, 0x65, 0x59,
    0x54, 0x60, 0x52, 0x6a, 0xf9, 0x63, 0x50, 0x75,
    0x5a, 0x55, 0x70, 0x7, 0x35, 0x65, 0x48, 0x0,
    0x8, 0x71, 0x78, 0x0, 0x0, 0x66, 0xc6, 0x50,
    0x0, 0x6, 0x7f, 0x66, 0x0, 0x0, 0x0, 0x20,
    0x0, 0x0,

    /* U+1F33C "🌼" */
    0x0, 0x2, 0x30, 0x50, 0x0, 0x0, 0x6, 0x44,
    0x82, 0x65, 0x0, 0x16, 0x83, 0x11, 0x40, 0xa5,
    0x7, 0x0, 0x17, 0x86, 0x10, 0x15, 0x71, 0x58,
    0x85, 0x96, 0x50, 0x75, 0x50, 0x93, 0x23, 0x70,
    0x73, 0x71, 0x58, 0x52, 0x76, 0x50, 0x77, 0x0,
    0x28, 0x97, 0x0, 0x16, 0x26, 0x82, 0x20, 0x51,
    0x96, 0x10, 0x6, 0x22, 0x80, 0x36, 0x0, 0x0,
    0x15, 0x50, 0x63, 0x0, 0x0,

    /* U+1F33D "🌽" */
    0x0, 0x1, 0x21, 0x0, 0x30, 0x0, 0x0, 0x88,
    0x99, 0x63, 0x60, 0x0, 0x4, 0x26, 0x45, 0x6,
    0x0, 0x1, 0x66, 0x47, 0x45, 0x20, 0x0, 0x76,
    0x36, 0x86, 0x9b, 0x10, 0x63, 0x63, 0xf7, 0x19,
    0x30, 0x5, 0x60, 0xf4, 0x1, 0x68, 0x2, 0x36,
    0x81, 0x3, 0x60, 0x0, 0x15, 0x50, 0x5, 0x40,
    0x0, 0x7, 0x16, 0x66, 0x20, 0x0, 0x0, 0x26,
    0x0, 0x0, 0x0, 0x0, 0x0,

    /* U+1F33E "🌾" */
    0x0, 0x0, 0x0, 0x3, 0x0, 0x0, 0x0, 0x0,
    0x0, 0x39, 0x50, 0x0, 0x0, 0x26, 0x20, 0x25,
    0x75, 0x75, 0x56, 0x1, 0x85, 0x35, 0x68, 0x87,
    0x76, 0x20, 0x1, 0x57, 0x58, 0x85, 0x40, 0x0,
    0x0, 0x6, 0x2a, 0xe3, 0x8f, 0xb3, 0x0, 0x0,
    0x15, 0x7e, 0x85, 0x59, 0x80, 0x0, 0x0, 0x63,
    0xf4, 0x25, 0x11, 0x0, 0x0, 0x2, 0x55, 0x65,
    0x90, 0x0, 0x0, 0x0, 0x6, 0x16, 0x0, 0x0,
    0x0, 0x0, 0x0, 0x5, 0x40, 0x0, 0x0, 0x0,

    /* U+1F33F "🌿" */
    0x0, 0x0, 0x20, 0x0, 0x36, 0x40, 0x0, 0x17,
    0x50, 0x66, 0x6, 0x53, 0x5, 0x26, 0x35, 0x23,
    0x36, 0x36, 0x53, 0x66, 0x14, 0x50, 0x64, 0x16,
    0x77, 0x88, 0x62, 0x6, 0x40, 0x67, 0x78, 0x53,
    0x63, 0x17, 0x26, 0x6a, 0x76, 0x66, 0x0, 0x5,
    0x96, 0x27, 0x67, 0x10, 0x0, 0x9, 0xa5, 0x25,
    0x7, 0x10, 0x2, 0x60, 0x62, 0x4, 0x60, 0x3,
    0x40, 0x0, 0x35, 0x20, 0x0,

    /* U+1F340 "🍀" */
    0x0, 0x53, 0x5, 0x30, 0x1, 0x71, 0x48, 0x15,
    0x50, 0x70, 0x0, 0x70, 0x1, 0x56, 0x0, 0x4,
    0x0, 0x34, 0xa, 0x63, 0x5, 0x88, 0x7, 0x0,
    0x3, 0x0, 0x25, 0x62, 0x0, 0xe0, 0x5, 0x30,
    0x71, 0x7a, 0x52, 0x50, 0x1, 0x50, 0x72, 0x50,
    0x0, 0x0, 0x7, 0x0, 0x0, 0x0, 0x0, 0x14,
    0x0, 0x0,

    /* U+1F341 "🍁" */
    0x0, 0x0, 0x3, 0x0, 0x0, 0x0, 0x0, 0x9,
    0x65, 0x0, 0x0, 0x0, 0x6, 0x42, 0x73, 0x0,
    0x1, 0x41, 0x60, 0x51, 0x61, 0x50, 0x25, 0x8a,
    0x5, 0x49, 0x67, 0x0, 0x73, 0x10, 0x50, 0x32,
    0x70, 0x8, 0x15, 0x35, 0x53, 0x37, 0x0, 0x92,
    0x48, 0xc6, 0x34, 0x70, 0x3, 0x67, 0x6d, 0x66,
    0x61, 0x0, 0x0, 0x0, 0x50, 0x0, 0x0, 0x0,
    0x0, 0x5, 0x0, 0x0, 0x0,

    /* U+1F342 "🍂" */
    0x0, 0x0, 0x0, 0x20, 0x0, 0x0, 0x0, 0x0,
    0x0, 0x60, 0x24, 0x40, 0x0, 0x3, 0x6b, 0x60,
    0x5a, 0x85, 0x0, 0x15, 0x9, 0x33, 0x35, 0x36,
    0x0, 0x73, 0x89, 0x6, 0x3, 0x67, 0x0, 0x51,
    0xf1, 0x36, 0x6, 0x0, 0x5, 0x2a, 0x90, 0x16,
    0x6c, 0x71, 0x5, 0x34, 0x13, 0x61, 0x6b, 0x45,
    0x37, 0x65, 0x54, 0x0, 0x81, 0x26, 0x0, 0x0,
    0x0, 0x0, 0x26, 0x6, 0x0, 0x0, 0x0, 0x0,
    0x1, 0x66,

    /* U+1F343 "🍃" */
    0x0, 0x33, 0x0, 0x0, 0x54, 0x0, 0x0, 0x6,
    0x15, 0x51, 0x0, 0x5c, 0x11, 0x63, 0x6, 0x16,
    0x66, 0x50, 0x20, 0x0, 0x0, 0x0, 0x66, 0x66,
    0x70, 0x70, 0x2, 0x6, 0x6, 0x56, 0x31, 0x55,
    0xd2, 0x1, 0x70, 0x0, 0x66, 0x50, 0x0,

    /* U+1F344 "🍄" */
    0x0, 0x4, 0x67, 0x40, 0x0, 0x2, 0x8c, 0x1,
    0xec, 0x40, 0x1d, 0x6d, 0x33, 0xa0, 0x93, 0x7b,
    0x7f, 0xfd, 0xd0, 0x5b, 0x91, 0xd, 0x30, 0x7f,
    0xbd, 0x58, 0x8f, 0x30, 0x7f, 0xa9, 0x6, 0xcf,
    0xfd, 0xfe, 0x70, 0x0, 0x14, 0x0, 0x33, 0x0,
    0x0, 0x41, 0x0, 0x5, 0x0, 0x0, 0x42, 0x0,
    0x15, 0x0, 0x0, 0x5, 0x66, 0x50, 0x0,

    /* U+1F345 "🍅" */
    0x0, 0x0, 0x3, 0x0, 0x0, 0x0, 0x0, 0x30,
    0x82, 0x10, 0x0, 0x0, 0x4e, 0xfe, 0xf6, 0x40,
    0x0, 0x74, 0x8f, 0xfe, 0x62, 0x70, 0x61, 0x0,
    0x1b, 0x70, 0x1, 0x56, 0x41, 0x0, 0x2, 0x0,
    0x6, 0x65, 0x10, 0x0, 0x0, 0x0, 0x66, 0x4,
    0x0, 0x0, 0x0, 0x6, 0x34, 0x0, 0x0, 0x0,
    0x5, 0x20, 0x37, 0x10, 0x0, 0x17, 0x30, 0x0,
    0x5, 0x66, 0x64, 0x0, 0x0,

    /* U+1F346 "🍆" */
    0x2, 0x10, 0x0, 0x0, 0x0, 0x0, 0x5, 0xb5,
    0x0, 0x0, 0x0, 0x0, 0x6, 0xff, 0xf6, 0x0,
    0x0, 0x0, 0xb, 0xfd, 0x27, 0x0, 0x0, 0x0,
    0xf, 0x64, 0x1, 0x71, 0x0, 0x0, 0x0, 0x60,
    0x0, 0x5, 0x62, 0x0, 0x0, 0x42, 0x0, 0x0,
    0x4, 0x60, 0x0, 0x7, 0x10, 0x0, 0x0, 0x6,
    0x0, 0x0, 0x72, 0x0, 0x0, 0x6, 0x0, 0x0,
    0x5, 0x60, 0x0, 0x53, 0x0, 0x0, 0x0, 0x5,
    0x66, 0x20,

    /* U+1F347 "🍇" */
    0x5, 0x50, 0x0, 0x0, 0x0, 0x90, 0x0, 0x0,
    0x0, 0x9, 0x0, 0x46, 0x50, 0x0, 0x9a, 0x67,
    0x16, 0x0, 0xa, 0xa2, 0x2a, 0x92, 0x4, 0x21,
    0xff, 0x60, 0x60, 0x76, 0xf3, 0xc, 0x87, 0x47,
    0x2e, 0x6a, 0x14, 0x36, 0x3, 0x70, 0xf6, 0xb6,
    0x70, 0x2, 0x67, 0x8, 0x6, 0x0, 0x0, 0x26,
    0x56, 0x20,

    /* U+1F348 "🍈" */
    0x0, 0x0, 0x1, 0x40, 0x0, 0x5, 0x8d, 0x74,
    0x0, 0x0, 0xb8, 0xf9, 0xa0, 0x1, 0xd6, 0x14,
    0x56, 0xe0, 0xa1, 0x80, 0x70, 0xa8, 0x8b, 0x45,
    0x9, 0x4, 0x5b, 0xa6, 0x20, 0xa0, 0x9, 0xa9,
    0x72, 0x9, 0x0, 0x77, 0x57, 0x20, 0xa0, 0xe,
    0x20, 0x89, 0xa, 0x5, 0x70, 0x0, 0x36, 0xa6,
    0x10, 0x0,

    /* U+1F349 "🍉" */
    0x0, 0x0, 0x0, 0x0, 0x0, 0x0, 0x89, 0x30,
    0x0, 0x0, 0x0, 0x37, 0x43, 0x64, 0x0, 0x0,
    0x8, 0x70, 0x20, 0x16, 0x50, 0x0, 0x86, 0x1,
    0x0, 0x0, 0x58, 0x19, 0x60, 0x20, 0x44, 0x7,
    0x66, 0xa5, 0x40, 0x0, 0x6, 0x5d, 0x44, 0xa5,
    0x66, 0x66, 0x7c, 0xe4, 0xa, 0xc7, 0x37, 0x7e,
    0x8d, 0x0, 0x7, 0xcc, 0xad, 0xba, 0x10, 0x0,
    0x0, 0x34, 0x30, 0x0, 0x0,

    /* U+1F34A "🍊" */
    0x0, 0x0, 0x0, 0x37, 0x40, 0x0, 0x0, 0x1,
    0xbf, 0xe4, 0x0, 0x0, 0x16, 0x6f, 0x65, 0x0,
    0x0, 0x55, 0x2, 0xf0, 0x6, 0x20, 0x33, 0x53,
    0x1, 0x0, 0x36, 0x6, 0x5, 0x0, 0x0, 0x0,
    0x15, 0x61, 0x10, 0x0, 0x0, 0x10, 0x66, 0x0,
    0x0, 0x0, 0x3, 0x14, 0x34, 0x0, 0x0, 0x0,
    0x7, 0x0, 0x45, 0x0, 0x11, 0x16, 0x20, 0x0,
    0x15, 0x66, 0x64, 0x0, 0x0,

    /* U+1F34B "🍋" */
    0x0, 0x0, 0x0, 0x0, 0x0, 0x3, 0x60, 0x2,
    0x10, 0x0, 0x0, 0xa, 0xd5, 0x44, 0x56, 0x20,
    0x0, 0xf3, 0x0, 0x56, 0x14, 0x30, 0x9f, 0x0,
    0x0, 0x2, 0x6, 0xe, 0xf0, 0x0, 0x0, 0x0,
    0x42, 0xdf, 0x40, 0x0, 0x0, 0x1, 0x57, 0xfc,
    0x0, 0x0, 0x0, 0x6, 0x9, 0x26, 0x0, 0x0,
    0x0, 0x60, 0x0, 0x6, 0x65, 0x55, 0x61,

    /* U+1F34C "🍌" */
    0x0, 0x5, 0x30, 0x0, 0x0, 0x5, 0x14, 0x30,
    0x0, 0x0, 0x51, 0x6, 0x0, 0x0, 0x2, 0x30,
    0x51, 0x0, 0x0, 0x6, 0x2, 0x40, 0x1, 0x76,
    0xa0, 0x8f, 0xe0, 0x60, 0x6b, 0xd7, 0xf, 0x36,
    0x45, 0x46, 0x36, 0x7b, 0x77, 0x76, 0x17, 0x61,
    0x44, 0xd7, 0x37, 0x32, 0x55, 0xa, 0x66, 0x10,
    0x0, 0x0,

    /* U+1F34D "🍍" */
    0x2, 0x40, 0x50, 0x2, 0x6f, 0xeb, 0x70, 0x1c,
    0xff, 0xf6, 0x1, 0xdf, 0xff, 0x90, 0xc, 0xff,
    0xf7, 0x0, 0x87, 0x68, 0x50, 0x52, 0x41, 0x36,
    0x6, 0x32, 0x33, 0x53, 0x50, 0x21, 0x15, 0x11,
    0x72, 0x12, 0x70, 0x1, 0x66, 0x50, 0x0,

    /* U+1F34E "🍎" */
    0x0, 0x0, 0x0, 0x26, 0x0, 0x0, 0x0, 0x0,
    0x4f, 0xa0, 0x0, 0x0, 0x1, 0x1d, 0x82, 0x0,
    0x0, 0x4e, 0xfe, 0xff, 0xfc, 0x10, 0xe, 0xff,
    0xff, 0xff, 0xfa, 0x4, 0xff, 0xff, 0xff, 0xff,
    0xf0, 0x5f, 0xff, 0xff, 0xff, 0xff, 0x3, 0xff,
    0xff, 0xff, 0xff, 0xe0, 0xd, 0xff, 0xff, 0xff,
    0xf8, 0x0, 0x3f, 0xff, 0xff, 0xfc, 0x0, 0x0,
    0x29, 0x95, 0x98, 0x0, 0x0,

    /* U+1F34F "🍏" */
    0x0, 0x0, 0x0, 0x15, 0x0, 0x0, 0x0, 0x0,
    0x3f, 0xb0, 0x0, 0x0, 0x0, 0x1d, 0xa1, 0x0,
    0x0, 0x36, 0x66, 0xb6, 0x67, 0x10, 0x6, 0x0,
    0x59, 0x30, 0x7, 0x4, 0x10, 0x0, 0x0, 0x0,
    0x60, 0x50, 0x0, 0x0, 0x0, 0x5, 0x13, 0x20,
    0x0, 0x0, 0x0, 0x60, 0x6, 0x0, 0x0, 0x0,
    0x6, 0x0, 0x34, 0x0, 0x0, 0x7, 0x10, 0x0,
    0x26, 0x65, 0x66, 0x0, 0x0,

    /* U+1F350 "🍐" */
    0x0, 0x0, 0x50, 0x0, 0x0, 0x0, 0xc0, 0x0,
    0x0, 0x7, 0xe5, 0x0, 0x0, 0x51, 0x6, 0x0,
    0x0, 0x60, 0x0, 0x60, 0x6, 0x10, 0x1, 0x33,
    0x24, 0x0, 0x0, 0x26, 0x50, 0x30, 0x1, 0x16,
    0x32, 0x54, 0x0, 0x6, 0x7, 0x12, 0x10, 0x54,
    0x0, 0x46, 0x66, 0x20,

    /* U+1F351 "🍑" */
    0x2, 0x76, 0x10, 0x27, 0x60, 0x0, 0x2f, 0xff,
    0xbf, 0xfe, 0x0, 0x7, 0x20, 0xa, 0x0, 0x45,
    0x6, 0x0, 0x0, 0x15, 0x0, 0x33, 0x60, 0x0,
    0x0, 0x60, 0x0, 0x76, 0x0, 0x0, 0x6, 0x0,
    0x6, 0x60, 0x0, 0x0, 0x60, 0x0, 0x53, 0x30,
    0x0, 0x6, 0x0, 0x60, 0x6, 0x20, 0x1, 0x50,
    0x53, 0x0, 0x5, 0x60, 0x2, 0x73, 0x0, 0x0,
    0x1, 0x66, 0x40, 0x0, 0x0,

    /* U+1F352 "🍒" */
    0x0, 0x15, 0x66, 0x30, 0x1, 0x55, 0x0, 0x18,
    0x0, 0x3f, 0xa6, 0x65, 0x0, 0x0, 0x43, 0x55,
    0x0, 0x0, 0x0, 0x60, 0x25, 0x0, 0x0, 0x5,
    0x0, 0x85, 0x0, 0x6, 0xc6, 0x95, 0x86, 0x6,
    0x18, 0x26, 0x25, 0x15, 0x60, 0x0, 0x60, 0x2,
    0x44, 0x40, 0xa, 0x55, 0x60, 0x3, 0x66, 0x0,
    0x10, 0x0,

    /* U+1F353 "🍓" */
    0x3, 0x10, 0x0, 0x0, 0x0, 0x8, 0x33, 0x9d,
    0x90, 0x0, 0x2, 0xef, 0xfc, 0x15, 0x40, 0x4,
    0xff, 0xff, 0x64, 0x42, 0xd, 0xff, 0xf4, 0x10,
    0x6, 0x1f, 0xec, 0xa4, 0x30, 0x46, 0x7, 0x74,
    0x21, 0x0, 0x6, 0x6, 0x3, 0x0, 0x40, 0x36,
    0x1, 0x70, 0x40, 0x0, 0x6, 0x0, 0x6, 0x63,
    0x12, 0x6, 0x0, 0x0, 0x2, 0x65, 0x61,

    /* U+1F354 "🍔" */
    0x0, 0x4, 0x66, 0x62, 0x0, 0x0, 0x27, 0x21,
    0x1, 0x47, 0x0, 0x7, 0x1, 0x11, 0x1, 0x6,
    0x1, 0x40, 0x0, 0x0, 0x0, 0x50, 0x28, 0x0,
    0x0, 0x0, 0x2a, 0x36, 0x55, 0x66, 0x66, 0x64,
    0x60, 0x3d, 0xeb, 0x18, 0xcc, 0xfa, 0x2, 0xfb,
    0xaf, 0xd9, 0x9c, 0xb0, 0xe, 0xff, 0x82, 0xaf,
    0xd9, 0x0, 0x55, 0x58, 0xa7, 0x46, 0x30, 0x0,
    0x15, 0x55, 0x55, 0x0, 0x0,

    /* U+1F355 "🍕" */
    0x0, 0x0, 0x36, 0x63, 0x0, 0x5, 0x62, 0x0,
    0x60, 0x7, 0x20, 0x66, 0x6a, 0x5, 0x10, 0x70,
    0xf, 0xa0, 0x62, 0x64, 0x2, 0x67, 0x7, 0xa7,
    0xf4, 0xd4, 0xf1, 0x3, 0x77, 0x33, 0xd, 0x40,
    0x1, 0x89, 0x25, 0x66, 0x0, 0x0, 0xa5, 0x71,
    0x60, 0x0, 0x5, 0x77, 0x78, 0x0, 0x0, 0x35,
    0x16, 0x30,

    /* U+1F356 "🍖" */
    0x1, 0x40, 0x0, 0x0, 0x0, 0x2, 0x66, 0x0,
    0x0, 0x0, 0x0, 0x36, 0x1b, 0xdf, 0x80, 0x0,
    0x0, 0x1d, 0xff, 0xff, 0x50, 0x0, 0x4, 0xff,
    0xff, 0xeb, 0x91, 0x0, 0x7f, 0xff, 0x77, 0x59,
    0x70, 0x3, 0xff, 0x7c, 0xff, 0xf7, 0x0, 0x4,
    0xe1, 0xaf, 0x36, 0x60, 0x0, 0x7, 0x4f, 0xf4,
    0x29, 0x0, 0x0, 0x7, 0x66, 0xa1, 0x70, 0x0,
    0x0, 0x2, 0x34, 0x60, 0x0,

    /* U+1F357 "🍗" */
    0x2, 0x40, 0x0, 0x0, 0x0, 0x0, 0x75, 0x10,
    0x0, 0x0, 0x0, 0x61, 0x7, 0x0, 0x0, 0x0,
    0x0, 0x65, 0xd6, 0x0, 0x0, 0x0, 0x0, 0x2e,
    0xfd, 0x71, 0x0, 0x0, 0x0, 0x7e, 0xff, 0xf9,
    0x0, 0x0, 0x2, 0xfe, 0xff, 0xfb, 0x0, 0x0,
    0xf, 0xdf, 0xff, 0xf2, 0x0, 0x0, 0xae, 0xff,
    0xff, 0x30, 0x0, 0x1, 0xec, 0xff, 0xd0, 0x0,
    0x0, 0x1, 0x7a, 0x71, 0x0,

    /* U+1F358 "🍘" */
    0x0, 0x1, 0x46, 0x40, 0x0, 0x0, 0x65, 0x10,
    0x16, 0x30, 0x6, 0x10, 0x10, 0x0, 0x43, 0x24,
    0x1, 0x1, 0x2, 0x6, 0x60, 0x2b, 0xbb, 0xbc,
    0x26, 0x60, 0x3c, 0xdf, 0xff, 0x36, 0x50, 0x3c,
    0xff, 0xff, 0x46, 0x15, 0x2c, 0xff, 0xff, 0x56,
    0x7, 0x5f, 0xff, 0xff, 0xa2, 0x0, 0x6f, 0xff,
    0xff, 0x30, 0x0, 0x0, 0x45, 0x40, 0x0,

    /* U+1F359 "🍙" */
    0x0, 0x0, 0x14, 0x0, 0x0, 0x0, 0x0, 0x64,
    0x26, 0x30, 0x0, 0x0, 0x71, 0x12, 0x4, 0x40,
    0x0, 0x52, 0x12, 0x1, 0x25, 0x20, 0x25, 0x12,
    0x0, 0x0, 0x7, 0x6, 0x0, 0xaa, 0xaa, 0xa4,
    0x34, 0x62, 0x1d, 0xdf, 0xff, 0x0, 0x66, 0x10,
    0xdf, 0xff, 0xe2, 0x16, 0x60, 0xd, 0xff, 0xfe,
    0x1, 0x52, 0x73, 0xff, 0xff, 0xf4, 0x70, 0x0,
    0x3c, 0xee, 0xeb, 0x10, 0x0,

    /* U+1F35A "🍚" */
    0x0, 0x3, 0x66, 0x50, 0x0, 0x0, 0x7, 0x30,
    0x1, 0x73, 0x0, 0x6, 0x0, 0x2, 0x40, 0x53,
    0x2, 0x40, 0x1, 0x20, 0x40, 0x70, 0x85, 0x10,
    0x3, 0x1, 0x27, 0x46, 0x15, 0x66, 0x66, 0x64,
    0x6, 0x60, 0x0, 0x0, 0x0, 0x1, 0x54, 0x30,
    0x0, 0x0, 0x0, 0x70, 0x5, 0x61, 0x0, 0x3,
    0x72, 0x0, 0x0, 0xff, 0xff, 0x60, 0x0, 0x0,
    0x5, 0x99, 0x70, 0x0, 0x0,

    /* U+1F35B "🍛" */
    0x0, 0x0, 0x2, 0x10, 0x0, 0x0, 0x0, 0x3,
    0x74, 0x57, 0x10, 0x0, 0x0, 0x34, 0x0, 0x1,
    0x81, 0x0, 0x1, 0x90, 0x0, 0x2, 0x3b, 0x60,
    0x7, 0x60, 0x0, 0x12, 0xd, 0x46, 0x53, 0xf6,
    0x11, 0x3, 0x97, 0x86, 0x62, 0xde, 0x9c, 0xef,
    0xac, 0xb6, 0x25, 0x77, 0x8d, 0x8b, 0x7f, 0x47,
    0x4, 0x74, 0x8b, 0x6a, 0x73, 0x91, 0x0, 0x6f,
    0xec, 0xbd, 0xff, 0x20, 0x0, 0x0, 0x35, 0x65,
    0x20, 0x0,

    /* U+1F35C "🍜" */
    0x0, 0x0, 0x0, 0x23, 0x52, 0x0, 0xc, 0xdb,
    0x64, 0x31, 0x0, 0x0, 0x79, 0xb6, 0x67, 0x73,
    0x0, 0x6, 0x14, 0x0, 0x6d, 0x30, 0x16, 0xc7,
    0xb6, 0xcf, 0xfe, 0x7, 0x4a, 0xef, 0xeb, 0xff,
    0xfa, 0xaf, 0xec, 0xba, 0xe6, 0xff, 0x86, 0x51,
    0x47, 0x64, 0x21, 0x72, 0x9, 0x86, 0x56, 0x66,
    0x96, 0x0, 0x5, 0xa9, 0x8a, 0x92, 0x0, 0x0,
    0x4, 0x99, 0x82, 0x0, 0x0,

    /* U+1F35D "🍝" */
    0x0, 0x0, 0x0, 0x0, 0x25, 0x0, 0x0, 0x0,
    0x33, 0x73, 0x0, 0x0, 0x1, 0x5b, 0x91, 0x0,
    0x0, 0x0, 0x2, 0xa3, 0x0, 0x0, 0x0, 0x17,
    0x99, 0x95, 0x0, 0x0, 0x7f, 0xff, 0xaf, 0xff,
    0x40, 0x57, 0xb9, 0xea, 0xff, 0xac, 0x16, 0x59,
    0xa9, 0x8b, 0x79, 0x54, 0x53, 0x77, 0x8a, 0x77,
    0x95, 0x10, 0x64, 0x46, 0xc6, 0x66, 0x40, 0x0,
    0x16, 0x66, 0x65, 0x0, 0x0,

    /* U+1F35E "🍞" */
    0x0, 0x0, 0x24, 0x30, 0x0, 0x0, 0x19, 0xef,
    0xff, 0xf9, 0x10, 0x2c, 0xff, 0xff, 0xff, 0xfd,
    0x6, 0x0, 0x4c, 0xff, 0xff, 0xf5, 0x61, 0x0,
    0x9, 0xff, 0xff, 0x40, 0x60, 0x0, 0xf, 0xff,
    0x90, 0x6, 0x0, 0x5, 0xff, 0xf6, 0x0, 0x60,
    0x0, 0xdf, 0xff, 0x60, 0x7, 0x0, 0xd, 0xff,
    0xd1, 0x0, 0x6, 0x40, 0xdf, 0x90, 0x0, 0x0,
    0x2, 0x6c, 0x30, 0x0, 0x0,

    /* U+1F35F "🍟" */
    0x0, 0x4, 0x20, 0x0, 0x0, 0x47, 0x59, 0x76,
    0x40, 0x66, 0x47, 0xa5, 0x85, 0x34, 0x68, 0xa6,
    0x5a, 0x50, 0x5, 0x89, 0x54, 0x94, 0x0, 0xcc,
    0x98, 0x5b, 0x90, 0x7, 0xff, 0xff, 0xd6, 0x0,
    0x3f, 0xff, 0xfa, 0x30, 0x0, 0xff, 0xff, 0xa0,
    0x0, 0xd, 0xff, 0x9b, 0x0, 0x0, 0x49, 0xa9,
    0x40, 0x0,

    /* U+1F360 "🍠" */
    0x0, 0x0, 0x0, 0x0, 0x2, 0x0, 0x0, 0x1,
    0x68, 0xca, 0x0, 0x0, 0x7f, 0xff, 0xdb, 0x0,
    0x8, 0x7b, 0xdf, 0xca, 0x0, 0x51, 0x0, 0xaf,
    0xf7, 0x0, 0x60, 0x0, 0x2d, 0xf1, 0x0, 0x51,
    0x0, 0xf, 0x70, 0x5, 0x67, 0x72, 0x49, 0x0,
    0x51, 0x0, 0x9, 0x30, 0x0, 0x3a, 0x32, 0x4a,
    0x0, 0x0, 0x4, 0xab, 0x92, 0x0, 0x0,

    /* U+1F361 "🍡" */
    0x51, 0x42, 0x0, 0x0, 0x0, 0x3, 0xd1, 0x52,
    0x0, 0x0, 0x0, 0x53, 0x1, 0x50, 0x0, 0x0,
    0x4, 0x30, 0xc7, 0x71, 0x0, 0x0, 0x5, 0x96,
    0x0, 0x60, 0x0, 0x0, 0x4, 0x40, 0x2c, 0xa2,
    0x0, 0x0, 0x6, 0x6f, 0xff, 0xc0, 0x0, 0x0,
    0x0, 0xae, 0xfd, 0x0, 0x0, 0x0, 0x7, 0xff,
    0xf0, 0x0, 0x0, 0x0, 0x0, 0x4, 0xb0, 0x0,
    0x0, 0x0, 0x0, 0x4, 0x10,

    /* U+1F362 "🍢" */
    0x48, 0x76, 0x40, 0x0, 0x0, 0x8, 0xb8, 0x79,
    0x0, 0x0, 0x0, 0x66, 0x1b, 0x10, 0x0, 0x0,
    0x8, 0xbc, 0xec, 0x70, 0x0, 0x0, 0x6a, 0x2c,
    0xff, 0x16, 0x93, 0x1, 0x10, 0xaf, 0xf6, 0x64,
    0xa0, 0x0, 0x1, 0x6b, 0x74, 0x57, 0x0, 0x0,
    0x5, 0x55, 0x58, 0x0, 0x0, 0x2, 0x42, 0x4a,
    0xa0, 0x0, 0x0, 0x6, 0x38, 0x3, 0xa0, 0x0,
    0x0, 0x4, 0x0, 0x3, 0x20,

    /* U+1F363 "🍣" */
    0x0, 0x3, 0x96, 0x51, 0x0, 0x0, 0x7, 0x83,
    0x57, 0x76, 0x0, 0x6, 0x67, 0x92, 0x26, 0x78,
    0x0, 0x3b, 0x22, 0x5a, 0x4, 0x93, 0x6, 0xfc,
    0xa7, 0x19, 0x50, 0x5a, 0x7d, 0xff, 0xfe, 0x56,
    0x81, 0x9b, 0xae, 0xff, 0xff, 0xc0, 0x5, 0x33,
    0x8f, 0xff, 0xfe, 0x0, 0x6, 0x41, 0x19, 0xb6,
    0x60, 0x0, 0x2, 0x64, 0x0, 0x53, 0x0, 0x0,
    0x0, 0x26, 0x62, 0x0, 0x0,

    /* U+1F364 "🍤" */
    0x0, 0x0, 0x0, 0x56, 0x62, 0x0, 0x0, 0x0,
    0x0, 0x61, 0x0, 0x53, 0x0, 0x7, 0xb9, 0x42,
    0x0, 0x1, 0x60, 0x7, 0xfb, 0xa2, 0x30, 0x0,
    0x10, 0x60, 0x5a, 0xda, 0x7, 0x0, 0x0, 0x6,
    0x0, 0x8f, 0xd0, 0x26, 0x70, 0x4, 0x50, 0x0,
    0xcf, 0xa0, 0x5, 0x10, 0x6, 0x0, 0x7, 0xff,
    0x86, 0x30, 0x0, 0x60, 0x0, 0xc, 0xf1, 0x3,
    0x10, 0x62, 0x0, 0x0, 0x18, 0x13, 0x2, 0x63,
    0x0, 0x0, 0x0, 0x15, 0x56, 0x40, 0x0, 0x0,

    /* U+1F365 "🍥" */
    0x0, 0x0, 0x16, 0x0, 0x0, 0x0, 0x4, 0x65,
    0x6, 0x62, 0x0, 0x3, 0x50, 0x22, 0x0, 0x71,
    0x0, 0x60, 0x64, 0x44, 0x0, 0x60, 0x43, 0x33,
    0x52, 0x26, 0x6, 0x6, 0x6, 0x6, 0x1, 0x60,
    0x5, 0x42, 0x51, 0x46, 0x36, 0x6, 0x10, 0x50,
    0x80, 0x4, 0x40, 0x60, 0x4, 0x40, 0x55, 0x20,
    0x62, 0x0, 0x5, 0x54, 0x5, 0x63, 0x0, 0x0,
    0x0, 0x36, 0x10, 0x0, 0x0,

    /* U+1F366 "🍦" */
    0x0, 0x45, 0x0, 0x0, 0x3, 0x66, 0x0, 0x1,
    0x70, 0x60, 0x0, 0x67, 0x67, 0x40, 0x7, 0x0,
    0x8, 0x5, 0x56, 0x65, 0x52, 0x56, 0x0, 0x19,
    0x10, 0x95, 0x65, 0x70, 0x6, 0x53, 0x51, 0x0,
    0x45, 0x36, 0x0, 0x0, 0x55, 0x50, 0x0,

    /* U+1F367 "🍧" */
    0x0, 0x9, 0xb9, 0x0, 0x2, 0x5, 0xfe, 0xdf,
    0xf5, 0x99, 0xf, 0xcc, 0xff, 0xdf, 0x60, 0x5f,
    0xca, 0xee, 0xde, 0x40, 0x53, 0x65, 0x77, 0x21,
    0x50, 0x56, 0x0, 0x0, 0x6, 0x40, 0x55, 0x65,
    0x55, 0x65, 0x50, 0x17, 0x10, 0x0, 0x18, 0x10,
    0x6, 0x46, 0x66, 0x46, 0x0, 0x3, 0x40, 0x0,
    0x43, 0x0, 0x0, 0x36, 0x66, 0x30, 0x0,

    /* U+1F368 "🍨" */
    0x0, 0x4, 0x62, 0x0, 0x0, 0x34, 0x15, 0x20,
    0x0, 0x60, 0x1, 0x60, 0x6, 0x77, 0x31, 0xa2,
    0x52, 0x10, 0x76, 0x6, 0x75, 0x0, 0x60, 0x1a,
    0x27, 0x66, 0x96, 0x65, 0x4, 0x74, 0x46, 0x60,
    0x0, 0x1a, 0xf4, 0x0, 0x0, 0x82, 0x62, 0x60,
    0x0, 0x36, 0x55, 0x0,

    /* U+1F369 "🍩" */
    0x0, 0x1, 0x7b, 0xba, 0x60, 0x0, 0x0, 0x8e,
    0xdf, 0xaf, 0xdd, 0x40, 0x7, 0xff, 0xb6, 0x58,
    0xce, 0xd3, 0xc, 0xda, 0xa6, 0x66, 0xdf, 0xf9,
    0xf, 0xff, 0xfc, 0xbd, 0xfb, 0xfd, 0x9, 0xfb,
    0xfc, 0xeb, 0xff, 0xd6, 0x6, 0x35, 0x8e, 0xfd,
    0x75, 0x43, 0x1, 0x70, 0x0, 0x10, 0x2, 0x60,
    0x0, 0x6, 0x66, 0x66, 0x64, 0x0,

    /* U+1F36A "🍪" */
    0x0, 0x2, 0x54, 0x20, 0x0, 0x0, 0xb, 0xb0,
    0x3f, 0x73, 0x0, 0x7, 0x66, 0x5, 0x20, 0x84,
    0x3, 0x95, 0x10, 0xb8, 0x17, 0xb0, 0x60, 0x3a,
    0x2, 0x37, 0x62, 0x56, 0x34, 0x1, 0x60, 0x4,
    0x26, 0x80, 0x8, 0x90, 0x47, 0x5, 0x45, 0xb1,
    0x15, 0x5, 0x71, 0xb0, 0x8, 0xe4, 0x5, 0x77,
    0xc2, 0x0, 0x3, 0xde, 0xed, 0x82, 0x0, 0x0,
    0x0, 0x22, 0x0, 0x0, 0x0,

    /* U+1F36B "🍫" */
    0x0, 0x4, 0x10, 0x0, 0x0, 0x0, 0x5, 0xfd,
    0x10, 0x0, 0x0, 0x5, 0xf8, 0xed, 0x10, 0x0,
    0x4, 0xec, 0xfa, 0xdc, 0x50, 0x0, 0x5d, 0xed,
    0xfc, 0x18, 0x10, 0x0, 0x5d, 0xca, 0x6, 0x47,
    0x10, 0x0, 0x5d, 0x33, 0x60, 0x7, 0x10, 0x0,
    0x8a, 0x30, 0x0, 0x62, 0x0, 0x0, 0x44, 0x0,
    0x53, 0x0, 0x0, 0x0, 0x44, 0x53, 0x0, 0x0,
    0x0, 0x0, 0x43, 0x0, 0x0,

    /* U+1F36C "🍬" */
    0x0, 0x2, 0x0, 0x0, 0x0, 0x0, 0x0, 0x57,
    0x50, 0x0, 0x0, 0x0, 0x3, 0x23, 0x60, 0x0,
    0x0, 0x0, 0x9, 0x23, 0x68, 0xa8, 0x0, 0x0,
    0x0, 0x56, 0xb1, 0x57, 0x60, 0x0, 0x0, 0x0,
    0x66, 0x16, 0x60, 0x0, 0x0, 0x0, 0xa4, 0x61,
    0xb6, 0x20, 0x0, 0x0, 0x29, 0x9a, 0x34, 0x47,
    0x0, 0x0, 0x0, 0x4, 0x42, 0x41, 0x0, 0x0,
    0x0, 0x0, 0x76, 0x50, 0x0, 0x0, 0x0, 0x0,
    0x2, 0x0,

    /* U+1F36D "🍭" */
    0x0, 0x26, 0x63, 0x0, 0x0, 0x0, 0x54, 0x1,
    0x37, 0x0, 0x0, 0x33, 0x65, 0x56, 0x26, 0x0,
    0x6, 0x33, 0x66, 0x42, 0xb0, 0x0, 0x65, 0x53,
    0xa3, 0x3d, 0x0, 0x6, 0x43, 0x66, 0x63, 0xb0,
    0x0, 0x34, 0x65, 0x46, 0x87, 0x0, 0x0, 0x45,
    0x22, 0x5b, 0xd1, 0x0, 0x0, 0x14, 0x51, 0x6,
    0xd1, 0x0, 0x0, 0x0, 0x0, 0x6, 0xd1, 0x0,
    0x0, 0x0, 0x0, 0x5, 0x10,

    /* U+1F36E "🍮" */
    0x0, 0x0, 0x2, 0x31, 0x0, 0x0, 0x0, 0x6,
    0xef, 0xff, 0x81, 0x0, 0x0, 0xf, 0xff, 0xff,
    0x8b, 0x0, 0x0, 0x89, 0xdf, 0xfe, 0x9b, 0x30,
    0x7, 0x62, 0x0, 0x10, 0x6, 0x43, 0x33, 0x66,
    0x0, 0x0, 0x4, 0x16, 0x50, 0x63, 0x30, 0x0,
    0x3, 0x26, 0x33, 0x27, 0x31, 0x1, 0x56, 0x6,
    0x7, 0x10, 0x25, 0x54, 0x10, 0x44, 0x0, 0x66,
    0x20, 0x1, 0x46, 0x30, 0x0, 0x0, 0x35, 0x65,
    0x20, 0x0,

    /* U+1F36F "🍯" */
    0x0, 0x0, 0x0, 0x23, 0x0, 0x0, 0x0, 0x7,
    0x51, 0x3, 0x88, 0x8a, 0xa5, 0x0, 0xe3, 0x28,
    0xcf, 0x60, 0x2f, 0x3f, 0xff, 0xf9, 0x9, 0xf2,
    0xff, 0xff, 0xf0, 0xdf, 0x3e, 0xff, 0xff, 0x3,
    0xa9, 0xbb, 0xb8, 0x90, 0xf, 0xb9, 0x9a, 0xf7,
    0x0, 0x46, 0x44, 0x47, 0x0, 0x0, 0x59, 0x98,
    0x10, 0x0,

    /* U+1F370 "🍰" */
    0x0, 0x0, 0x17, 0x0, 0x0, 0x0, 0x0, 0x9d,
    0xb2, 0x0, 0x0, 0x2, 0xfe, 0xc4, 0x71, 0x0,
    0x15, 0x9e, 0xa6, 0x37, 0x0, 0x50, 0x0, 0x15,
    0x98, 0x6, 0x46, 0x66, 0x76, 0x26, 0x39, 0x65,
    0x55, 0x54, 0x86, 0x28, 0x45, 0x9b, 0x67, 0x66,
    0x18, 0x77, 0x68, 0xba, 0x86, 0xb, 0xb8, 0x43,
    0x66, 0x82, 0x7, 0x66, 0x52, 0x0, 0x0,

    /* U+1F371 "🍱" */
    0x3, 0x33, 0x33, 0x33, 0x33, 0x32, 0x7, 0x78,
    0x85, 0xba, 0x56, 0x56, 0x6, 0xa8, 0xa9, 0x5a,
    0x3a, 0x46, 0x6, 0x60, 0x59, 0x8d, 0x4a, 0x66,
    0x6, 0x68, 0x54, 0x69, 0x46, 0x56, 0x6, 0x60,
    0x58, 0xba, 0x9d, 0xa6, 0x16, 0xda, 0xc7, 0x9b,
    0x98, 0xb6, 0x2a, 0x77, 0x76, 0x77, 0x68, 0x79,
    0x5, 0x0, 0x0, 0x0, 0x0, 0x6, 0x8, 0x66,
    0x66, 0x66, 0x66, 0x66,

    /* U+1F372 "🍲" */
    0x0, 0x0, 0x0, 0x4, 0x0, 0x0, 0x0, 0x0,
    0x0, 0x16, 0x46, 0x0, 0x0, 0x0, 0x0, 0x7,
    0x37, 0x10, 0x0, 0x0, 0x1, 0x66, 0xbb, 0x76,
    0x60, 0x0, 0x56, 0x56, 0x65, 0x45, 0x66, 0x77,
    0x26, 0x6, 0x68, 0xec, 0xe9, 0x65, 0x15, 0x27,
    0x19, 0xbd, 0xed, 0xb7, 0x36, 0x0, 0x24, 0x0,
    0x11, 0x0, 0x6, 0x0, 0x0, 0x60, 0x0, 0x0,
    0x0, 0x60, 0x0, 0x5, 0x30, 0x0, 0x0, 0x62,
    0x0, 0x0, 0x3, 0x65, 0x65, 0x51, 0x0, 0x0,

    /* U+1F373 "🍳" */
    0x0, 0x4, 0x30, 0x0, 0x0, 0x6f, 0xff, 0xd3,
    0x0, 0x4f, 0xf2, 0x9, 0xe1, 0xc, 0xf8, 0x6a,
    0xf, 0x70, 0xdd, 0xc, 0xe0, 0xd9, 0xa, 0xa0,
    0x11, 0x1f, 0x60, 0x2f, 0x99, 0x7f, 0xf0, 0x0,
    0x2b, 0xff, 0xfd, 0x0, 0x0, 0x0, 0x0, 0xc8,
    0x0, 0x0, 0x0, 0x2, 0xb3, 0x0, 0x0, 0x0,
    0x5, 0x20,

    /* U+1F374 "🍴" */
    0x0, 0x0, 0x13, 0x20, 0x37, 0x86, 0x8, 0x89,
    0x60, 0xa8, 0xeb, 0xb, 0x99, 0x50, 0x79, 0x63,
    0x0, 0xa7, 0x40, 0xa, 0x85, 0x2, 0xba, 0x70,
    0x4c, 0x85, 0x4, 0xa0,

    /* U+1F375 "🍵" */
    0x0, 0x0, 0x50, 0x0, 0x0, 0x66, 0x30, 0x0,
    0x73, 0x70, 0x0, 0x2b, 0xb4, 0x0, 0x55, 0x30,
    0x27, 0x38, 0xcf, 0xff, 0xa5, 0x61, 0x58, 0x41,
    0x56, 0x21, 0x0, 0x14, 0x61, 0x40, 0x2, 0x41,
    0x61, 0x2, 0x70, 0x1, 0xce, 0xa0, 0x0,

    /* U+1F376 "🍶" */
    0x0, 0x0, 0x5a, 0x91, 0x0, 0x0, 0xc, 0x87,
    0x70, 0x0, 0x0, 0x61, 0x41, 0x0, 0x0, 0x1,
    0x55, 0x0, 0x0, 0x0, 0x60, 0x41, 0x0, 0x0,
    0x15, 0x0, 0x60, 0x0, 0x6, 0x0, 0x6, 0x3,
    0xbc, 0xf0, 0x3, 0x50, 0x52, 0x16, 0x10, 0x56,
    0x1, 0x72, 0xa3, 0x3, 0x70, 0x4, 0xd1, 0x46,
    0x60, 0x0,

    /* U+1F377 "🍷" */
    0x5, 0x65, 0x5, 0x76, 0x75, 0x60, 0x0, 0x66,
    0x0, 0x6, 0x85, 0x3d, 0x87, 0xcf, 0xc7, 0x17,
    0xa6, 0x0, 0xb, 0x0, 0x4, 0xf4, 0x7, 0x23,
    0x36, 0x16, 0x56, 0x10,

    /* U+1F378 "🍸" */
    0x1, 0x35, 0x54, 0x32, 0x8, 0x44, 0x44, 0x46,
    0xa6, 0xac, 0x97, 0x6a, 0xfe, 0x50, 0x62, 0xd,
    0x75, 0x30, 0x0, 0x65, 0xc7, 0x30, 0x0, 0x0,
    0x64, 0x40, 0x0, 0x0, 0x1, 0xb0, 0x0, 0x0,
    0x0, 0xb, 0x0, 0x0, 0x0, 0x2, 0xa0, 0x0,
    0x0, 0x6, 0x40, 0x54, 0x0, 0x0, 0x46, 0x66,
    0x20, 0x0,

    /* U+1F379 "🍹" */
    0x70, 0x0, 0x0, 0x7, 0xc8, 0x1, 0x74, 0x7e,
    0xf9, 0xf3, 0x2, 0x90, 0x7, 0x60, 0x5, 0x7f,
    0x96, 0x0, 0x7c, 0xff, 0x90, 0x8, 0x9f, 0xf9,
    0x0, 0x49, 0xa9, 0x60, 0x0, 0x3f, 0x40, 0x0,
    0x18, 0xe6, 0x10, 0x1, 0x66, 0x62, 0x0,

    /* U+1F37A "🍺" */
    0x0, 0x16, 0x40, 0x0, 0x0, 0x65, 0x3, 0x50,
    0x0, 0x34, 0x0, 0x4, 0x60, 0x6, 0x50, 0x24,
    0x77, 0x0, 0x48, 0xdf, 0xf4, 0xa6, 0x4, 0x4f,
    0xce, 0x4c, 0x44, 0x44, 0xbe, 0xc4, 0xc5, 0x44,
    0x3b, 0xfe, 0x3a, 0x70, 0x52, 0xcf, 0xf3, 0x80,
    0x6, 0x13, 0x53, 0x16, 0x0, 0x5, 0x66, 0x65,
    0x0, 0x0,

    /* U+1F37B "🍻" */
    0x0, 0x0, 0x0, 0x10, 0x0, 0x0, 0x0, 0x0,
    0x3, 0x51, 0x56, 0x20, 0x0, 0x0, 0x1, 0x67,
    0x61, 0x7, 0x0, 0x0, 0x6, 0x42, 0x47, 0x4d,
    0xc5, 0x30, 0x4, 0xb6, 0x70, 0xf, 0xf7, 0x87,
    0x2, 0x69, 0x8e, 0x7a, 0xff, 0x97, 0x71, 0x45,
    0x6b, 0xd9, 0x8a, 0xdd, 0x86, 0x3, 0x67, 0xdf,
    0xbb, 0x6f, 0xd3, 0x50, 0x5, 0x5a, 0xd7, 0x65,
    0x40, 0x44, 0x0, 0x69, 0x85, 0x25, 0x76, 0x62,
    0x0, 0x0, 0x38, 0xa8, 0x10, 0x0, 0x0, 0x0,

    /* U+1F37C "🍼" */
    0x0, 0x0, 0x0, 0x0, 0x5, 0x10, 0x0, 0x0,
    0x6, 0x76, 0x64, 0x0, 0x0, 0x3a, 0x8b, 0x6,
    0x0, 0x0, 0x43, 0x5b, 0x9b, 0x70, 0x0, 0x54,
    0x60, 0x8b, 0x84, 0x0, 0x72, 0x11, 0x0, 0x5a,
    0x0, 0x60, 0x0, 0x0, 0x4, 0x20, 0x6, 0x0,
    0x0, 0x4, 0x40, 0x0, 0x34, 0x0, 0x3, 0x40,
    0x0, 0x0, 0x54, 0x0, 0x60, 0x0, 0x0, 0x0,
    0x26, 0x60, 0x0, 0x0, 0x0,

    /* U+1F37D "🍽" */
    0x0, 0x0, 0x0, 0x0, 0x0, 0x1, 0x1, 0x21,
    0x0, 0x0, 0x0, 0x0, 0xb0, 0x45, 0x40, 0x16,
    0x66, 0x0, 0x2d, 0x5, 0x55, 0x26, 0x13, 0x7,
    0x15, 0xe0, 0x6f, 0x46, 0x26, 0x33, 0x6, 0x5e,
    0x0, 0xf0, 0x66, 0x0, 0x0, 0x62, 0xe0, 0xa,
    0x6, 0x50, 0x0, 0x7, 0xa, 0x0, 0xc0, 0x60,
    0x0, 0x1, 0x50, 0xb0, 0x1e, 0x0, 0x72, 0x3,
    0x70, 0xc, 0x2, 0xf0, 0x0, 0x46, 0x40, 0x0,
    0xf1, 0x2c, 0x0, 0x0, 0x0, 0x0, 0xc, 0x10,

    /* U+1F37E "🍾" */
    0x4, 0x3, 0x10, 0x0, 0x0, 0x2, 0xf2, 0x51,
    0x0, 0x0, 0x0, 0x0, 0x56, 0x0, 0x0, 0x0,
    0x2, 0x26, 0xc5, 0x0, 0x0, 0x0, 0x0, 0x6,
    0xb4, 0x0, 0x0, 0x0, 0x0, 0x5, 0x6, 0x70,
    0x0, 0x0, 0x0, 0x28, 0xaf, 0x70, 0x0, 0x0,
    0x0, 0xcf, 0x70, 0x50, 0x0, 0x0, 0x2, 0xe6,
    0x1, 0x50, 0x0, 0x0, 0x3, 0xf6, 0x92, 0x0,
    0x0, 0x0, 0x3, 0x92, 0x0,

    /* U+1F37F "🍿" */
    0x0, 0x4, 0x56, 0x0, 0x0, 0x37, 0x66, 0x86,
    0x0, 0x36, 0x79, 0xa9, 0x78, 0x1f, 0x8a, 0x29,
    0x66, 0xba, 0xa6, 0xdd, 0x3f, 0x8a, 0x66, 0x9a,
    0xc1, 0xf5, 0xd2, 0x2b, 0x7d, 0x2f, 0x3e, 0x0,
    0xd5, 0xe3, 0xf4, 0xb0, 0xb, 0x4f, 0x3e, 0x67,
    0x0, 0x48, 0xf4, 0xe9, 0x20, 0x0, 0x4, 0x72,
    0x0, 0x0,

    /* U+1F380 "🎀" */
    0x26, 0x40, 0x0, 0x0, 0x46, 0x26, 0x2, 0x75,
    0x65, 0x72, 0x6, 0x60, 0x0, 0x80, 0x80, 0x0,
    0x66, 0x0, 0x6, 0x6, 0x0, 0x6, 0x63, 0x57,
    0xc8, 0xc7, 0x53, 0x64, 0x6b, 0x52, 0x82, 0x5b,
    0x64, 0x3, 0x40, 0x60, 0x60, 0x43, 0x0, 0x70,
    0x6, 0x6, 0x0, 0x70, 0x28, 0x65, 0x10, 0x15,
    0x88, 0x10, 0x4, 0x80, 0x0, 0x84, 0x0, 0x0,
    0x2, 0x0, 0x2, 0x0, 0x0,

    /* U+1F381 "🎁" */
    0x0, 0x64, 0x0, 0x5, 0x40, 0x5, 0x2, 0x96,
    0x80, 0x50, 0x8, 0x0, 0x60, 0x50, 0x43, 0x6d,
    0x18, 0xfc, 0xf4, 0x7d, 0x60, 0xaf, 0x83, 0xcb,
    0x86, 0x3a, 0xb8, 0x8, 0x28, 0xba, 0x24, 0x69,
    0x7c, 0xb3, 0x56, 0x24, 0x66, 0x6, 0x61, 0x56,
    0x18, 0x86, 0x6, 0x61, 0x96, 0x0, 0x5b, 0x26,
    0x87, 0x20, 0x0, 0x0, 0x48, 0x10, 0x0,

    /* U+1F382 "🎂" */
    0x0, 0x0, 0x0, 0x0, 0x0, 0x7, 0x14, 0x80,
    0x0, 0x0, 0x41, 0x55, 0x0, 0x0, 0x8, 0x6e,
    0xc0, 0x0, 0x16, 0xb3, 0xaa, 0x55, 0x6, 0x36,
    0x5, 0xa, 0x24, 0x63, 0x73, 0xb1, 0x91, 0x69,
    0x0, 0x4, 0x0, 0x46, 0x99, 0x8a, 0xe, 0x5d,
    0x43, 0xff, 0xff, 0xff, 0xc0, 0x1, 0x68, 0x98,
    0x40, 0x0,

    /* U+1F383 "🎃" */
    0x0, 0x1, 0x60, 0x0, 0x0, 0x0, 0x0, 0x35,
    0x60, 0x0, 0x0, 0x0, 0x58, 0xfb, 0xa7, 0x20,
    0x0, 0x86, 0x69, 0x67, 0x66, 0x60, 0x53, 0x63,
    0x10, 0x50, 0x75, 0x27, 0x53, 0xb0, 0x1, 0xc3,
    0x37, 0x75, 0x14, 0x38, 0x24, 0x15, 0x77, 0x44,
    0x98, 0xaa, 0x83, 0x46, 0x39, 0x39, 0xc9, 0xb9,
    0x48, 0x10, 0x5a, 0x23, 0x6, 0x1b, 0x30, 0x0,
    0x16, 0x97, 0xa5, 0x0, 0x0,

    /* U+1F384 "🎄" */
    0x0, 0x0, 0x5, 0x0, 0x0, 0x0, 0x0, 0x85,
    0x30, 0x0, 0x0, 0x1, 0x88, 0x60, 0x0, 0x0,
    0x35, 0x29, 0x37, 0x0, 0x0, 0x4f, 0x86, 0xbe,
    0x0, 0x4, 0x53, 0x49, 0x23, 0x60, 0x4, 0xaf,
    0x62, 0x7f, 0x80, 0x17, 0x32, 0x25, 0x12, 0x63,
    0x36, 0x52, 0xa0, 0x46, 0x85, 0x0, 0x36, 0xbf,
    0x66, 0x0, 0x0, 0x0, 0x49, 0x0, 0x0,

    /* U+1F385 "🎅" */
    0x0, 0x2, 0x41, 0x0, 0x0, 0x1c, 0xff, 0xf6,
    0x0, 0xc, 0xed, 0xdf, 0xf4, 0x6, 0x20, 0x0,
    0x8, 0xa0, 0x85, 0x55, 0x55, 0x9b, 0x5, 0x8,
    0x1, 0x88, 0xa4, 0x50, 0x10, 0x1, 0x86, 0x54,
    0x10, 0x55, 0x6, 0x10, 0x32, 0x0, 0x0, 0x33,
    0x0, 0x70, 0x0, 0x5, 0x30, 0x1, 0x66, 0x66,
    0x20, 0x0,

    /* U+1F386 "🎆" */
    0x27, 0x88, 0x78, 0x68, 0x77, 0xb, 0xfc, 0xcb,
    0xdd, 0xac, 0xe6, 0xbf, 0xda, 0xaa, 0x99, 0xaf,
    0x6b, 0xca, 0xbc, 0xdb, 0xa9, 0xc6, 0x9a, 0xcc,
    0x9a, 0x9b, 0x9d, 0x6a, 0xbb, 0x9a, 0x8b, 0xaa,
    0xc6, 0xa8, 0xac, 0x98, 0x9e, 0xbb, 0x6b, 0xaa,
    0xac, 0xcb, 0x8b, 0xc6, 0xbb, 0xae, 0x7f, 0xcb,
    0xae, 0x6b, 0xfc, 0xda, 0xfc, 0xec, 0xf6, 0x4a,
    0x9a, 0xaa, 0xaa, 0x99, 0x10,

    /* U+1F387 "🎇" */
    0x5b, 0xb9, 0x99, 0x9b, 0xbb, 0x2b, 0xfc, 0x59,
    0x6c, 0x7a, 0xe6, 0xbe, 0xdb, 0xbb, 0xe7, 0xbf,
    0x6a, 0x5c, 0xaa, 0xbc, 0xae, 0xe6, 0xab, 0xba,
    0x78, 0x7c, 0x74, 0x6b, 0x64, 0x83, 0x3, 0x8b,
    0xb6, 0xbe, 0xbb, 0x72, 0x69, 0xa5, 0x6b, 0xce,
    0xbd, 0x6b, 0xce, 0xf6, 0xbd, 0x5a, 0xf6, 0xfa,
    0xaf, 0x6b, 0xc9, 0xff, 0x6f, 0x64, 0xd6, 0x4a,
    0xaa, 0xa4, 0xaa, 0x69, 0x10,

    /* U+1F388 "🎈" */
    0x0, 0x56, 0x30, 0x1, 0x70, 0x23, 0x50, 0x60,
    0x1, 0x35, 0x16, 0x0, 0x5, 0x25, 0x60, 0x0,
    0x0, 0x56, 0x0, 0x0, 0x23, 0x16, 0x0, 0x6,
    0x0, 0x26, 0x12, 0x50, 0x0, 0x9, 0xa0, 0x0,
    0x0, 0x3a, 0x20, 0x0, 0x0, 0x73, 0x40,

    /* U+1F389 "🎉" */
    0x0, 0x0, 0x31, 0x4, 0x0, 0x0, 0x40, 0x44,
    0x4, 0x0, 0x70, 0x21, 0x7, 0x66, 0x1, 0x6,
    0x0, 0x4, 0x2d, 0x75, 0x57, 0x80, 0x0, 0x26,
    0xc2, 0x40, 0x30, 0x0, 0xc, 0x5, 0xb7, 0x0,
    0x31, 0x2, 0xb2, 0x13, 0x63, 0x15, 0x0, 0x84,
    0x61, 0x5c, 0x76, 0x0, 0xa, 0x65, 0x8b, 0x31,
    0x13, 0x15, 0x4a, 0xa6, 0x0, 0x40, 0x30, 0x46,
    0x20, 0x0, 0x0, 0x1, 0x0,

    /* U+1F38A "🎊" */
    0x0, 0x65, 0x0, 0x15, 0x60, 0x0, 0x70, 0x38,
    0x28, 0x40, 0x70, 0x24, 0x2c, 0xe3, 0xec, 0x24,
    0x20, 0x7e, 0xc4, 0x23, 0xce, 0x70, 0x5, 0x84,
    0x34, 0x64, 0x64, 0x0, 0x55, 0x71, 0x63, 0xf0,
    0x40, 0x6, 0x7, 0x61, 0x19, 0x80, 0x0, 0x84,
    0x46, 0x15, 0x62, 0x50, 0x30, 0x83, 0x17, 0x4,
    0x21, 0x0, 0x81, 0x50, 0x60, 0x8, 0x0, 0x11,
    0x0, 0x0, 0x40, 0x0, 0x0,

    /* U+1F38B "🎋" */
    0x0, 0x3, 0x60, 0x0, 0x0, 0x0, 0x0, 0x6c,
    0x0, 0x17, 0x80, 0x0, 0x5, 0xc0, 0x3e, 0xd1,
    0x0, 0x0, 0x48, 0xd, 0x91, 0x0, 0x0, 0x6,
    0xc9, 0x8a, 0x71, 0x3, 0x91, 0x5c, 0x87, 0x8b,
    0xc2, 0x6, 0xd6, 0xf8, 0x25, 0x0, 0x0, 0x16,
    0x48, 0x14, 0x33, 0x0, 0x29, 0x26, 0xc0, 0x53,
    0x50, 0x0, 0x0, 0x5c, 0x0, 0x30, 0x0, 0x0,
    0x5, 0xb0, 0x0, 0x0, 0x0,

    /* U+1F38C "🎌" */
    0x0, 0x3, 0x70, 0x4, 0x51, 0x0, 0x2, 0x72,
    0x46, 0x9, 0x15, 0x60, 0x36, 0x5a, 0x8, 0x7,
    0x4b, 0x28, 0x6, 0x8e, 0x7, 0x72, 0x6f, 0x26,
    0x6, 0x3, 0x67, 0xf6, 0x61, 0x14, 0x6, 0x63,
    0x1, 0xf0, 0x6, 0x90, 0x0, 0x0, 0x6, 0x81,
    0x0, 0x10, 0x0, 0x0, 0x8, 0x17, 0x0, 0x0,
    0x0, 0x0, 0x16, 0x8, 0x0, 0x0, 0x0, 0x0,
    0x61, 0x6, 0x20, 0x0, 0x0, 0x0, 0x40, 0x0,
    0x30, 0x0,

    /* U+1F38D "🎍" */
    0x0, 0x24, 0x0, 0x0, 0x7, 0x80, 0x0, 0x0,
    0x7b, 0x60, 0x0, 0x8, 0xdb, 0x0, 0x1, 0xac,
    0x51, 0x1, 0xe6, 0x9b, 0x91, 0x8f, 0x87, 0xcf,
    0x34, 0xff, 0xff, 0xe1, 0x8, 0xdd, 0xc4, 0x5,
    0xfb, 0xbb, 0xf2, 0x17, 0x9a, 0x96, 0x0,

    /* U+1F38E "🎎" */
    0x0, 0x4, 0x20, 0x0, 0x40, 0x0, 0x0, 0x7f,
    0xf5, 0x2, 0xd6, 0x0, 0x0, 0xbc, 0xc7, 0x1b,
    0x7b, 0x50, 0x0, 0xa3, 0x4a, 0x87, 0x25, 0xd0,
    0x0, 0x63, 0x24, 0x57, 0x34, 0x90, 0x0, 0x5d,
    0xf1, 0xa, 0xbc, 0x0, 0x0, 0xe9, 0xfc, 0x46,
    0x3, 0x80, 0x7, 0xe8, 0x9f, 0xdf, 0x7d, 0xf2,
    0x3f, 0xa7, 0x6d, 0xd5, 0x17, 0x59, 0x1d, 0xbb,
    0xbc, 0xad, 0xcc, 0xc7, 0x6, 0x99, 0x97, 0x39,
    0x99, 0x81,

    /* U+1F38F "🎏" */
    0x5, 0x0, 0x1, 0x56, 0x55, 0x50, 0x3d, 0x30,
    0x67, 0x12, 0x22, 0x50, 0x8, 0x8, 0x66, 0x42,
    0x42, 0x62, 0x6, 0x1b, 0x46, 0x34, 0x24, 0x61,
    0x7, 0x9b, 0x8a, 0x97, 0x43, 0x10, 0x2, 0x50,
    0x25, 0x65, 0x77, 0x55, 0x0, 0x70, 0x93, 0x71,
    0x44, 0x54, 0x0, 0x75, 0x78, 0x44, 0x32, 0x37,
    0x0, 0xfb, 0x85, 0x7e, 0x66, 0x50, 0x0, 0x70,
    0x65, 0x20, 0x0, 0x0, 0x0, 0x40, 0x0, 0x0,
    0x0, 0x0,

    /* U+1F600 "😀" */
    0x0, 0x1, 0x55, 0x40, 0x0, 0x0, 0x6, 0x40,
    0x0, 0x55, 0x0, 0x7, 0x0, 0x0, 0x0, 0x25,
    0x4, 0x20, 0x10, 0x0, 0x10, 0x60, 0x60, 0xe,
    0x30, 0x6a, 0x1, 0x46, 0x0, 0x10, 0x0, 0x10,
    0x6, 0x60, 0x54, 0x44, 0x44, 0x41, 0x55, 0x19,
    0xca, 0xab, 0xc6, 0x51, 0x7, 0x7, 0xa7, 0xa5,
    0x15, 0x0, 0x17, 0x10, 0x0, 0x36, 0x0, 0x0,
    0x4, 0x55, 0x62, 0x0, 0x0,

    /* U+1F601 "😁" */
    0x0, 0x2, 0x66, 0x50, 0x0, 0x0, 0x6, 0x40,
    0x1, 0x65, 0x0, 0x7, 0x0, 0x0, 0x0, 0x34,
    0x4, 0x20, 0x0, 0x0, 0x0, 0x60, 0x60, 0x35,
    0x40, 0x56, 0x1, 0x46, 0x0, 0x0, 0x0, 0x0,
    0x6, 0x61, 0x68, 0x57, 0x67, 0x61, 0x55, 0x18,
    0x94, 0xa6, 0x88, 0x51, 0x7, 0x18, 0x37, 0x58,
    0x16, 0x0, 0x17, 0x21, 0x30, 0x46, 0x0, 0x0,
    0x4, 0x66, 0x62, 0x0, 0x0,

    /* U+1F602 "😂" */
    0x0, 0x0, 0x16, 0x65, 0x0, 0x0, 0x0, 0x0,
    0x64, 0x0, 0x16, 0x50, 0x0, 0x0, 0x71, 0x10,
    0x0, 0x13, 0x40, 0x0, 0x34, 0x60, 0x0, 0x1,
    0x66, 0x0, 0x6, 0x4, 0x52, 0x4, 0x52, 0x14,
    0x1, 0x97, 0x0, 0x0, 0x0, 0x18, 0x80, 0x60,
    0x55, 0x44, 0x44, 0x44, 0x51, 0x45, 0x83, 0x9c,
    0xaa, 0xbd, 0x57, 0x62, 0x0, 0x70, 0x79, 0x7a,
    0x41, 0x60, 0x0, 0x1, 0x82, 0x0, 0x5, 0x60,
    0x0, 0x0, 0x0, 0x46, 0x66, 0x20, 0x0, 0x0,

    /* U+1F603 "😃" */
    0x0, 0x1, 0x55, 0x40, 0x0, 0x0, 0x6, 0x40,
    0x0, 0x55, 0x0, 0x7, 0x0, 0x0, 0x0, 0x25,
    0x4, 0x20, 0x91, 0x7, 0x30, 0x60, 0x60, 0xd,
    0x30, 0xb6, 0x1, 0x46, 0x0, 0x50, 0x4, 0x10,
    0x6, 0x60, 0x64, 0x44, 0x45, 0x41, 0x55, 0x19,
    0xca, 0xab, 0xd4, 0x51, 0x7, 0x7, 0x97, 0xa4,
    0x15, 0x0, 0x17, 0x10, 0x0, 0x36, 0x0, 0x0,
    0x4, 0x55, 0x62, 0x0, 0x0,

    /* U+1F604 "😄" */
    0x0, 0x2, 0x66, 0x50, 0x0, 0x0, 0x6, 0x40,
    0x1, 0x65, 0x0, 0x7, 0x0, 0x0, 0x0, 0x34,
    0x4, 0x20, 0x0, 0x0, 0x0, 0x60, 0x60, 0x16,
    0x40, 0x66, 0x1, 0x46, 0x0, 0x0, 0x0, 0x0,
    0x6, 0x60, 0x54, 0x44, 0x44, 0x41, 0x55, 0x19,
    0xca, 0xab, 0xd5, 0x51, 0x7, 0x7, 0x97, 0xa4,
    0x16, 0x0, 0x17, 0x20, 0x0, 0x46, 0x0, 0x0,
    0x4, 0x66, 0x62, 0x0, 0x0,

    /* U+1F605 "😅" */
    0x0, 0x3, 0x66, 0x40, 0x0, 0x0, 0x17, 0x30,
    0x2, 0x65, 0x80, 0x7, 0x0, 0x0, 0x0, 0x71,
    0x46, 0x0, 0x0, 0x0, 0x5, 0x5, 0x60, 0x45,
    0x21, 0x64, 0x57, 0x36, 0x0, 0x0, 0x0, 0x0,
    0x60, 0x62, 0x44, 0x44, 0x44, 0x36, 0x6, 0x1c,
    0xba, 0xab, 0xc2, 0x60, 0x15, 0x29, 0x87, 0xa2,
    0x52, 0x0, 0x36, 0x0, 0x0, 0x63, 0x0, 0x0,
    0x5, 0x66, 0x50, 0x0, 0x0,

    /* U+1F606 "😆" */
    0x0, 0x2, 0x66, 0x50, 0x0, 0x0, 0x6, 0x40,
    0x1, 0x65, 0x0, 0x7, 0x0, 0x0, 0x0, 0x34,
    0x4, 0x22, 0x0, 0x0, 0x2, 0x60, 0x60, 0x17,
    0x40, 0x76, 0x1, 0x46, 0x4, 0x40, 0x1, 0x52,
    0x6, 0x60, 0x54, 0x44, 0x44, 0x41, 0x55, 0x19,
    0xca, 0xab, 0xd5, 0x51, 0x7, 0x7, 0x97, 0xa4,
    0x16, 0x0, 0x17, 0x20, 0x0, 0x46, 0x0, 0x0,
    0x4, 0x66, 0x62, 0x0, 0x0,

    /* U+1F607 "😇" */
    0x0, 0x25, 0x66, 0x54, 0x0, 0x2, 0xc6, 0x76,
    0x67, 0x5a, 0x90, 0x4f, 0xc3, 0x0, 0x7, 0xed,
    0x0, 0x98, 0xbc, 0xdc, 0x99, 0x40, 0x24, 0x0,
    0x0, 0x0, 0x6, 0x5, 0x2, 0x63, 0x6, 0x50,
    0x60, 0x50, 0x0, 0x0, 0x0, 0x6, 0x2, 0x40,
    0x42, 0x4, 0x10, 0x60, 0x7, 0x0, 0x45, 0x20,
    0x33, 0x0, 0x18, 0x20, 0x0, 0x55, 0x0, 0x0,
    0x4, 0x66, 0x61, 0x0, 0x0,

    /* U+1F608 "😈" */
    0x81, 0x1, 0x56, 0x51, 0x2, 0x66, 0x67, 0x50,
    0x0, 0x67, 0x56, 0x60, 0x0, 0x0, 0x0, 0x0,
    0x66, 0x0, 0x0, 0x0, 0x0, 0x24, 0x60, 0x0,
    0x0, 0x1, 0x0, 0x56, 0x0, 0xa5, 0x8, 0x80,
    0x6, 0x60, 0x7, 0x40, 0x64, 0x0, 0x54, 0x20,
    0x21, 0x2, 0x0, 0x51, 0x7, 0x0, 0x56, 0x40,
    0x16, 0x0, 0x7, 0x20, 0x0, 0x46, 0x0, 0x0,
    0x3, 0x66, 0x62, 0x0, 0x0,

    /* U+1F609 "😉" */
    0x0, 0x2, 0x66, 0x50, 0x0, 0x0, 0x6, 0x40,
    0x1, 0x65, 0x0, 0x7, 0x3, 0x0, 0x0, 0x34,
    0x4, 0x26, 0x20, 0x0, 0x0, 0x60, 0x60, 0x6,
    0x0, 0x6, 0x1, 0x46, 0x0, 0xa1, 0x6, 0x61,
    0x6, 0x60, 0x0, 0x0, 0x0, 0x1, 0x55, 0x10,
    0x46, 0x66, 0x20, 0x51, 0x7, 0x0, 0x0, 0x0,
    0x16, 0x0, 0x17, 0x20, 0x0, 0x46, 0x0, 0x0,
    0x4, 0x66, 0x62, 0x0, 0x0,

    /* U+1F60A "😊" */
    0x0, 0x2, 0x66, 0x50, 0x0, 0x0, 0x6, 0x40,
    0x1, 0x65, 0x0, 0x7, 0x0, 0x0, 0x0, 0x34,
    0x4, 0x20, 0x0, 0x0, 0x0, 0x60, 0x60, 0x17,
    0x40, 0x67, 0x1, 0x46, 0x1, 0x0, 0x0, 0x10,
    0x6, 0x60, 0x53, 0x0, 0x6, 0x21, 0x55, 0x10,
    0x32, 0x4, 0x10, 0x51, 0x7, 0x0, 0x35, 0x20,
    0x16, 0x0, 0x17, 0x20, 0x0, 0x46, 0x0, 0x0,
    0x4, 0x66, 0x62, 0x0, 0x0,

    /* U+1F60B "😋" */
    0x0, 0x2, 0x66, 0x50, 0x0, 0x0, 0x6, 0x40,
    0x1, 0x64, 0x0, 0x7, 0x0, 0x0, 0x0, 0x34,
    0x4, 0x30, 0x0, 0x0, 0x0, 0x60, 0x60, 0x46,
    0x30, 0x56, 0x12, 0x36, 0x0, 0x0, 0x0, 0x0,
    0x5, 0x64, 0x10, 0x0, 0x0, 0x53, 0x35, 0x27,
    0x10, 0x0, 0x38, 0xa0, 0x8, 0x6, 0x67, 0x88,
    0x16, 0x0, 0x17, 0x20, 0x6, 0x20, 0x60, 0x0,
    0x4, 0x66, 0x66, 0x62, 0x0,

    /* U+1F60C "😌" */
    0x0, 0x2, 0x66, 0x50, 0x0, 0x0, 0x6, 0x40,
    0x1, 0x65, 0x0, 0x7, 0x0, 0x0, 0x0, 0x34,
    0x4, 0x26, 0x30, 0x0, 0x54, 0x60, 0x60, 0x0,
    0x0, 0x0, 0x1, 0x46, 0x4, 0x52, 0x4, 0x52,
    0x6, 0x60, 0x0, 0x0, 0x0, 0x1, 0x55, 0x10,
    0x1, 0x2, 0x0, 0x51, 0x7, 0x0, 0x56, 0x40,
    0x16, 0x0, 0x17, 0x20, 0x0, 0x46, 0x0, 0x0,
    0x4, 0x66, 0x62, 0x0, 0x0,

    /* U+1F60D "😍" */
    0x0, 0x2, 0x66, 0x50, 0x0, 0x0, 0x6, 0x40,
    0x1, 0x65, 0x0, 0x7, 0x0, 0x0, 0x0, 0x34,
    0x4, 0x59, 0xe7, 0xc, 0xc9, 0x60, 0x67, 0xff,
    0x90, 0xef, 0xf4, 0x46, 0xa, 0xe1, 0x5, 0xe7,
    0x6, 0x60, 0x0, 0x0, 0x0, 0x1, 0x55, 0x10,
    0xe, 0xec, 0x0, 0x51, 0x7, 0x0, 0x59, 0x40,
    0x16, 0x0, 0x17, 0x20, 0x0, 0x46, 0x0, 0x0,
    0x4, 0x66, 0x62, 0x0, 0x0,

    /* U+1F60E "😎" */
    0x0, 0x2, 0x66, 0x50, 0x0, 0x0, 0x6, 0x40,
    0x1, 0x65, 0x0, 0x7, 0x0, 0x0, 0x0, 0x34,
    0xf, 0xfc, 0xdc, 0xcc, 0xbe, 0xf6, 0xec, 0xff,
    0xc2, 0xde, 0xff, 0x7b, 0xff, 0xf6, 0xb, 0xff,
    0xf7, 0x66, 0x96, 0x0, 0x18, 0x95, 0x55, 0x10,
    0x53, 0x4, 0x30, 0x51, 0x7, 0x0, 0x35, 0x20,
    0x16, 0x0, 0x17, 0x20, 0x0, 0x46, 0x0, 0x0,
    0x4, 0x66, 0x62, 0x0, 0x0,

    /* U+1F60F "😏" */
    0x0, 0x2, 0x66, 0x50, 0x0, 0x0, 0x6, 0x40,
    0x1, 0x65, 0x0, 0x7, 0x0, 0x0, 0x0, 0x34,
    0x4, 0x24, 0x10, 0x0, 0x33, 0x60, 0x62, 0x10,
    0x0, 0x0, 0x22, 0x46, 0x3, 0xe2, 0x2, 0xc4,
    0x6, 0x60, 0x0, 0x0, 0x0, 0x1, 0x55, 0x10,
    0x0, 0x0, 0x30, 0x51, 0x7, 0x1, 0x66, 0x60,
    0x16, 0x0, 0x17, 0x20, 0x0, 0x46, 0x0, 0x0,
    0x4, 0x66, 0x62, 0x0, 0x0,

    /* U+1F610 "😐" */
    0x0, 0x2, 0x66, 0x50, 0x0, 0x0, 0x6, 0x40,
    0x1, 0x65, 0x0, 0x7, 0x0, 0x0, 0x0, 0x34,
    0x4, 0x20, 0x0, 0x0, 0x0, 0x60, 0x60, 0xa,
    0x10, 0x48, 0x1, 0x46, 0x0, 0x60, 0x2, 0x50,
    0x6, 0x60, 0x0, 0x0, 0x0, 0x1, 0x55, 0x10,
    0x56, 0x66, 0x40, 0x51, 0x7, 0x0, 0x0, 0x0,
    0x16, 0x0, 0x17, 0x20, 0x0, 0x46, 0x0, 0x0,
    0x4, 0x66, 0x62, 0x0, 0x0,

    /* U+1F611 "😑" */
    0x0, 0x2, 0x66, 0x50, 0x0, 0x0, 0x6, 0x40,
    0x1, 0x65, 0x0, 0x7, 0x0, 0x0, 0x0, 0x34,
    0x4, 0x20, 0x0, 0x0, 0x0, 0x60, 0x60, 0x6,
    0x40, 0x46, 0x1, 0x46, 0x0, 0x0, 0x0, 0x0,
    0x6, 0x60, 0x0, 0x0, 0x0, 0x1, 0x55, 0x10,
    0x56, 0x66, 0x50, 0x51, 0x7, 0x0, 0x0, 0x0,
    0x16, 0x0, 0x17, 0x20, 0x0, 0x46, 0x0, 0x0,
    0x4, 0x66, 0x62, 0x0, 0x0,

    /* U+1F612 "😒" */
    0x0, 0x2, 0x66, 0x50, 0x0, 0x0, 0x6, 0x40,
    0x1, 0x65, 0x0, 0x7, 0x0, 0x0, 0x0, 0x34,
    0x4, 0x22, 0x20, 0x0, 0x41, 0x60, 0x61, 0x31,
    0x0, 0x2, 0x31, 0x46, 0x3, 0xe1, 0x2, 0xc5,
    0x6, 0x60, 0x0, 0x0, 0x0, 0x1, 0x55, 0x10,
    0x2, 0x51, 0x0, 0x51, 0x7, 0x1, 0x30, 0x30,
    0x16, 0x0, 0x17, 0x20, 0x0, 0x46, 0x0, 0x0,
    0x4, 0x66, 0x62, 0x0, 0x0,

    /* U+1F613 "😓" */
    0x0, 0x21, 0x56, 0x50, 0x0, 0x0, 0x4a, 0x50,
    0x1, 0x65, 0x0, 0x6, 0x6, 0x0, 0x0, 0x34,
    0x6, 0x40, 0x60, 0x0, 0x0, 0x60, 0x67, 0x46,
    0x0, 0x0, 0x1, 0x46, 0x1, 0x0, 0x0, 0x0,
    0x6, 0x60, 0x46, 0x30, 0x56, 0x21, 0x55, 0x10,
    0x0, 0x0, 0x0, 0x51, 0x7, 0x1, 0x66, 0x60,
    0x16, 0x0, 0x17, 0x20, 0x0, 0x46, 0x0, 0x0,
    0x4, 0x66, 0x62, 0x0, 0x0,

    /* U+1F614 "😔" */
    0x0, 0x2, 0x66, 0x50, 0x0, 0x0, 0x6, 0x40,
    0x1, 0x65, 0x0, 0x7, 0x0, 0x0, 0x0, 0x34,
    0x4, 0x23, 0x20, 0x0, 0x41, 0x60, 0x61, 0x30,
    0x0, 0x0, 0x41, 0x46, 0x1, 0x1, 0x1, 0x1,
    0x6, 0x60, 0x36, 0x10, 0x36, 0x11, 0x55, 0x10,
    0x0, 0x0, 0x0, 0x51, 0x7, 0x0, 0x56, 0x40,
    0x16, 0x0, 0x17, 0x20, 0x0, 0x46, 0x0, 0x0,
    0x4, 0x66, 0x62, 0x0, 0x0,

    /* U+1F615 "😕" */
    0x0, 0x2, 0x66, 0x50, 0x0, 0x0, 0x6, 0x40,
    0x1, 0x65, 0x0, 0x7, 0x0, 0x0, 0x0, 0x34,
    0x4, 0x20, 0x20, 0x0, 0x10, 0x60, 0x60, 0xe,
    0x20, 0x5a, 0x1, 0x46, 0x0, 0x10, 0x0, 0x0,
    0x6, 0x60, 0x0, 0x15, 0x51, 0x1, 0x55, 0x10,
    0x55, 0x1, 0x30, 0x51, 0x7, 0x0, 0x0, 0x0,
    0x16, 0x0, 0x17, 0x20, 0x0, 0x46, 0x0, 0x0,
    0x4, 0x66, 0x62, 0x0, 0x0,

    /* U+1F616 "😖" */
    0x0, 0x2, 0x66, 0x50, 0x0, 0x0, 0x6, 0x40,
    0x1, 0x65, 0x0, 0x7, 0x0, 0x0, 0x0, 0x34,
    0x4, 0x20, 0x0, 0x0, 0x0, 0x60, 0x60, 0x10,
    0x0, 0x0, 0x11, 0x46, 0x2, 0x73, 0x5, 0x61,
    0x6, 0x60, 0x46, 0x20, 0x36, 0x21, 0x55, 0x10,
    0x3, 0x2, 0x0, 0x51, 0x7, 0x17, 0x58, 0x66,
    0x16, 0x0, 0x17, 0x20, 0x0, 0x46, 0x0, 0x0,
    0x4, 0x66, 0x62, 0x0, 0x0,

    /* U+1F617 "😗" */
    0x0, 0x2, 0x66, 0x50, 0x0, 0x0, 0x6, 0x40,
    0x1, 0x65, 0x0, 0x7, 0x0, 0x0, 0x0, 0x34,
    0x4, 0x20, 0x20, 0x0, 0x10, 0x60, 0x60, 0xf,
    0x10, 0x6a, 0x1, 0x46, 0x0, 0x10, 0x0, 0x0,
    0x6, 0x60, 0x0, 0x5, 0x20, 0x1, 0x55, 0x10,
    0x0, 0x44, 0x0, 0x51, 0x7, 0x0, 0x5, 0x20,
    0x16, 0x0, 0x17, 0x20, 0x0, 0x46, 0x0, 0x0,
    0x4, 0x66, 0x62, 0x0, 0x0,

    /* U+1F618 "😘" */
    0x0, 0x2, 0x66, 0x50, 0x0, 0x0, 0x6, 0x40,
    0x1, 0x54, 0x0, 0x7, 0x24, 0x0, 0x0, 0x34,
    0x4, 0x25, 0x20, 0x0, 0x40, 0x60, 0x60, 0xf,
    0x10, 0x77, 0x1, 0x46, 0x0, 0x10, 0x0, 0x11,
    0x6, 0x60, 0x0, 0x5, 0x27, 0xf5, 0x25, 0x10,
    0x0, 0x54, 0x8f, 0xf4, 0x7, 0x0, 0x5, 0x26,
    0xc9, 0x0, 0x17, 0x20, 0x0, 0x54, 0x0, 0x0,
    0x4, 0x66, 0x62, 0x0, 0x0,

    /* U+1F619 "😙" */
    0x0, 0x2, 0x66, 0x50, 0x0, 0x0, 0x6, 0x40,
    0x1, 0x65, 0x0, 0x7, 0x0, 0x0, 0x0, 0x34,
    0x4, 0x20, 0x0, 0x0, 0x0, 0x60, 0x60, 0x16,
    0x30, 0x56, 0x1, 0x46, 0x1, 0x1, 0x1, 0x10,
    0x6, 0x60, 0x0, 0x5, 0x10, 0x1, 0x55, 0x10,
    0x0, 0x54, 0x0, 0x51, 0x7, 0x0, 0x5, 0x30,
    0x16, 0x0, 0x17, 0x20, 0x0, 0x46, 0x0, 0x0,
    0x4, 0x66, 0x62, 0x0, 0x0,

    /* U+1F61A "😚" */
    0x0, 0x2, 0x66, 0x50, 0x0, 0x0, 0x6, 0x40,
    0x1, 0x65, 0x0, 0x7, 0x25, 0x0, 0x15, 0x34,
    0x4, 0x23, 0x0, 0x0, 0x2, 0x60, 0x60, 0x36,
    0x30, 0x46, 0x11, 0x46, 0x0, 0x0, 0x0, 0x0,
    0x6, 0x60, 0x53, 0x5, 0x16, 0x21, 0x55, 0x10,
    0x0, 0x54, 0x0, 0x51, 0x7, 0x0, 0x5, 0x30,
    0x16, 0x0, 0x17, 0x20, 0x0, 0x46, 0x0, 0x0,
    0x4, 0x66, 0x62, 0x0, 0x0,

    /* U+1F61B "😛" */
    0x0, 0x2, 0x66, 0x50, 0x0, 0x0, 0x6, 0x40,
    0x1, 0x65, 0x0, 0x7, 0x0, 0x0, 0x0, 0x34,
    0x4, 0x20, 0x0, 0x0, 0x0, 0x60, 0x60, 0x6,
    0x0, 0x25, 0x1, 0x46, 0x0, 0xa1, 0x4, 0x80,
    0x6, 0x60, 0x21, 0x0, 0x1, 0x11, 0x54, 0x2e,
    0xf7, 0xa9, 0xf9, 0x51, 0x7, 0x4f, 0x5, 0x2f,
    0x35, 0x0, 0x7, 0x90, 0x13, 0x86, 0x0, 0x0,
    0x5, 0x76, 0x82, 0x0, 0x0,

    /* U+1F61C "😜" */
    0x0, 0x2, 0x66, 0x50, 0x0, 0x0, 0x6, 0x40,
    0x1, 0x65, 0x0, 0x7, 0x0, 0x0, 0x0, 0x34,
    0x4, 0x20, 0x0, 0x5, 0x50, 0x60, 0x60, 0x46,
    0x4, 0x46, 0x41, 0x46, 0x5, 0x51, 0x24, 0x43,
    0x6, 0x60, 0x21, 0x0, 0x14, 0x12, 0x54, 0x2e,
    0xf7, 0xa9, 0xf9, 0x61, 0x7, 0x4f, 0x4, 0x2f,
    0x35, 0x0, 0x7, 0x90, 0x13, 0x85, 0x0, 0x0,
    0x5, 0x76, 0x82, 0x0, 0x0,

    /* U+1F61D "😝" */
    0x0, 0x2, 0x66, 0x50, 0x0, 0x0, 0x6, 0x40,
    0x1, 0x65, 0x0, 0x7, 0x0, 0x0, 0x0, 0x34,
    0x4, 0x20, 0x0, 0x0, 0x0, 0x60, 0x60, 0x46,
    0x10, 0x27, 0x21, 0x46, 0x4, 0x64, 0x6, 0x62,
    0x6, 0x60, 0x21, 0x0, 0x2, 0x12, 0x54, 0x2d,
    0xf7, 0xa9, 0xf9, 0x61, 0x7, 0x4f, 0x4, 0x2f,
    0x35, 0x0, 0x7, 0x90, 0x13, 0x85, 0x0, 0x0,
    0x5, 0x76, 0x82, 0x0, 0x0,

    /* U+1F61E "😞" */
    0x0, 0x2, 0x66, 0x50, 0x0, 0x0, 0x6, 0x40,
    0x1, 0x65, 0x0, 0x7, 0x0, 0x0, 0x0, 0x34,
    0x4, 0x20, 0x0, 0x0, 0x0, 0x60, 0x60, 0x0,
    0x0, 0x0, 0x1, 0x46, 0x0, 0x0, 0x0, 0x0,
    0x6, 0x60, 0x56, 0x10, 0x66, 0x11, 0x55, 0x10,
    0x0, 0x0, 0x0, 0x51, 0x7, 0x2, 0x66, 0x40,
    0x16, 0x0, 0x17, 0x20, 0x0, 0x46, 0x0, 0x0,
    0x4, 0x66, 0x62, 0x0, 0x0,

    /* U+1F61F "😟" */
    0x0, 0x2, 0x66, 0x50, 0x0, 0x0, 0x6, 0x40,
    0x1, 0x65, 0x0, 0x7, 0x3, 0x0, 0x3, 0x34,
    0x4, 0x24, 0x10, 0x0, 0x32, 0x60, 0x60, 0x3,
    0x0, 0x31, 0x1, 0x46, 0x0, 0xc3, 0xa, 0x50,
    0x6, 0x60, 0x0, 0x0, 0x0, 0x1, 0x55, 0x10,
    0x5, 0x62, 0x0, 0x51, 0x7, 0x2, 0x10, 0x30,
    0x16, 0x0, 0x17, 0x20, 0x0, 0x46, 0x0, 0x0,
    0x4, 0x66, 0x62, 0x0, 0x0,

    /* U+1F620 "😠" */
    0x0, 0x2, 0x66, 0x50, 0x0, 0x0, 0x6, 0x40,
    0x1, 0x65, 0x0, 0x7, 0x0, 0x0, 0x0, 0x34,
    0x4, 0x20, 0x0, 0x0, 0x0, 0x60, 0x60, 0x0,
    0x0, 0x0, 0x1, 0x46, 0x1, 0x50, 0x1, 0x60,
    0x6, 0x60, 0xb, 0x70, 0xc6, 0x1, 0x55, 0x10,
    0x20, 0x2, 0x10, 0x51, 0x7, 0x2, 0x66, 0x60,
    0x16, 0x0, 0x17, 0x20, 0x0, 0x46, 0x0, 0x0,
    0x4, 0x66, 0x62, 0x0, 0x0,

    /* U+1F621 "😡" */
    0x0, 0x2, 0x66, 0x50, 0x0, 0x0, 0x9, 0x70,
    0x1, 0x65, 0x0, 0x9, 0x64, 0x50, 0x0, 0x34,
    0x4, 0x45, 0x45, 0x0, 0x0, 0x60, 0x60, 0x22,
    0x0, 0x0, 0x1, 0x46, 0x1, 0x70, 0x2, 0x70,
    0x6, 0x60, 0xb, 0x70, 0xc6, 0x1, 0x55, 0x10,
    0x20, 0x2, 0x0, 0x51, 0x7, 0x2, 0x66, 0x60,
    0x16, 0x0, 0x17, 0x20, 0x0, 0x46, 0x0, 0x0,
    0x4, 0x66, 0x62, 0x0, 0x0,

    /* U+1F622 "😢" */
    0x0, 0x2, 0x66, 0x50, 0x0, 0x0, 0x6, 0x40,
    0x1, 0x65, 0x0, 0x7, 0x1, 0x0, 0x1, 0x34,
    0x4, 0x27, 0x20, 0x0, 0x35, 0x60, 0x60, 0xa,
    0x10, 0x48, 0x1, 0x46, 0x0, 0x70, 0x2, 0x50,
    0x6, 0x60, 0x36, 0x0, 0x0, 0x1, 0x55, 0x26,
    0x67, 0x65, 0x0, 0x51, 0xa, 0x31, 0x50, 0x1,
    0x16, 0x0, 0x25, 0x33, 0x0, 0x46, 0x0, 0x0,
    0x26, 0x66, 0x62, 0x0, 0x0,

    /* U+1F623 "😣" */
    0x0, 0x2, 0x66, 0x50, 0x0, 0x0, 0x6, 0x40,
    0x1, 0x65, 0x0, 0x7, 0x0, 0x0, 0x0, 0x34,
    0x4, 0x24, 0x40, 0x0, 0x62, 0x60, 0x60, 0x0,
    0x0, 0x0, 0x1, 0x46, 0x1, 0x63, 0x5, 0x50,
    0x6, 0x60, 0x45, 0x10, 0x35, 0x21, 0x55, 0x10,
    0x3, 0x52, 0x0, 0x51, 0x7, 0x1, 0x20, 0x30,
    0x16, 0x0, 0x17, 0x20, 0x0, 0x46, 0x0, 0x0,
    0x4, 0x66, 0x62, 0x0, 0x0,

    /* U+1F624 "😤" */
    0x0, 0x1, 0x56, 0x50, 0x0, 0x0, 0x6, 0x40,
    0x1, 0x55, 0x0, 0x7, 0x15, 0x30, 0x44, 0x25,
    0x3, 0x30, 0x1, 0x1, 0x0, 0x50, 0x60, 0x26,
    0x40, 0x66, 0x11, 0x56, 0x0, 0x0, 0x0, 0x0,
    0x6, 0x96, 0x69, 0x0, 0xa, 0x67, 0x86, 0x1,
    0x56, 0x66, 0x60, 0x7, 0x70, 0x24, 0x0, 0x6,
    0x0, 0x75, 0x6a, 0x40, 0x0, 0x78, 0x64, 0x0,
    0x3, 0x66, 0x62, 0x0, 0x0,

    /* U+1F625 "😥" */
    0x0, 0x1, 0x56, 0x51, 0x0, 0x0, 0x6, 0x50,
    0x0, 0x55, 0x0, 0x6, 0x10, 0x0, 0x0, 0x25,
    0x2, 0x44, 0x50, 0x0, 0x55, 0x51, 0x60, 0x0,
    0x0, 0x0, 0x0, 0x56, 0x84, 0x85, 0x4, 0x90,
    0x6, 0xa2, 0x73, 0x10, 0x13, 0x0, 0x66, 0x1,
    0x40, 0x0, 0x0, 0x42, 0x60, 0x33, 0x66, 0x60,
    0x6, 0x0, 0x5a, 0x30, 0x0, 0x37, 0x0, 0x0,
    0x3, 0x66, 0x63, 0x0, 0x0,

    /* U+1F626 "😦" */
    0x0, 0x2, 0x66, 0x50, 0x0, 0x0, 0x6, 0x40,
    0x1, 0x65, 0x0, 0x7, 0x0, 0x0, 0x0, 0x34,
    0x4, 0x20, 0x0, 0x0, 0x0, 0x60, 0x60, 0x4,
    0x0, 0x13, 0x1, 0x46, 0x0, 0xd2, 0x5, 0xa0,
    0x6, 0x60, 0x0, 0x0, 0x0, 0x1, 0x55, 0x10,
    0x8, 0xa6, 0x0, 0x51, 0x7, 0x4, 0xee, 0xe1,
    0x16, 0x0, 0x17, 0x20, 0x0, 0x46, 0x0, 0x0,
    0x4, 0x66, 0x62, 0x0, 0x0,

    /* U+1F627 "😧" */
    0x0, 0x2, 0x66, 0x50, 0x0, 0x0, 0x6, 0x40,
    0x1, 0x65, 0x0, 0x7, 0x54, 0x0, 0x5, 0x64,
    0x4, 0x22, 0x0, 0x0, 0x2, 0x60, 0x60, 0x5,
    0x0, 0x14, 0x1, 0x46, 0x0, 0xc1, 0x4, 0x90,
    0x6, 0x60, 0x0, 0x0, 0x0, 0x1, 0x55, 0x10,
    0x8, 0xb6, 0x0, 0x51, 0x7, 0x3, 0xff, 0xf0,
    0x16, 0x0, 0x17, 0x20, 0x0, 0x46, 0x0, 0x0,
    0x4, 0x66, 0x62, 0x0, 0x0,

    /* U+1F628 "😨" */
    0x0, 0x2, 0x77, 0x60, 0x0, 0x0, 0x8, 0xb5,
    0x48, 0x97, 0x0, 0xa, 0x9b, 0x44, 0x7a, 0xd4,
    0x4, 0x95, 0x64, 0x36, 0x38, 0x90, 0x60, 0x5,
    0x0, 0x23, 0x1, 0x46, 0x0, 0xc1, 0x5, 0x80,
    0x6, 0x60, 0x0, 0x0, 0x0, 0x1, 0x55, 0x10,
    0x9, 0xb6, 0x0, 0x51, 0x7, 0x3, 0xfe, 0xe0,
    0x16, 0x0, 0x17, 0x20, 0x0, 0x46, 0x0, 0x0,
    0x4, 0x66, 0x62, 0x0, 0x0,

    /* U+1F629 "😩" */
    0x0, 0x2, 0x66, 0x50, 0x0, 0x0, 0x6, 0x40,
    0x1, 0x65, 0x0, 0x7, 0x3, 0x30, 0x50, 0x34,
    0x4, 0x20, 0x30, 0x0, 0x30, 0x60, 0x60, 0x1,
    0x40, 0x60, 0x1, 0x46, 0x2, 0x40, 0x1, 0x50,
    0x6, 0x60, 0x2, 0x44, 0x41, 0x1, 0x55, 0x11,
    0xff, 0xff, 0xc0, 0x51, 0x7, 0x1a, 0x64, 0x89,
    0x16, 0x0, 0x17, 0x20, 0x0, 0x46, 0x0, 0x0,
    0x4, 0x66, 0x62, 0x0, 0x0,

    /* U+1F62A "😪" */
    0x0, 0x2, 0x66, 0x50, 0x0, 0x0, 0x7, 0x40,
    0x1, 0x64, 0x0, 0x7, 0x0, 0x0, 0x0, 0x34,
    0x5, 0x35, 0x0, 0x0, 0x35, 0x60, 0x61, 0x0,
    0x0, 0x0, 0x12, 0x46, 0x4, 0x51, 0x4, 0x51,
    0x5, 0x60, 0x0, 0x0, 0x54, 0x57, 0x46, 0x0,
    0x8, 0xc4, 0x50, 0x5, 0x7, 0x0, 0xb9, 0x52,
    0x52, 0x50, 0x27, 0x10, 0x0, 0x47, 0x20, 0x0,
    0x4, 0x66, 0x62, 0x0, 0x0,

    /* U+1F62B "😫" */
    0x0, 0x2, 0x66, 0x50, 0x0, 0x0, 0x6, 0x40,
    0x1, 0x65, 0x0, 0x7, 0x26, 0x10, 0x35, 0x34,
    0x4, 0x21, 0x0, 0x0, 0x0, 0x60, 0x60, 0x18,
    0x30, 0x76, 0x1, 0x46, 0x1, 0x30, 0x10, 0x40,
    0x6, 0x60, 0x4, 0x43, 0x52, 0x1, 0x55, 0x11,
    0xff, 0xff, 0xc0, 0x51, 0x7, 0x1a, 0x64, 0x89,
    0x16, 0x0, 0x17, 0x20, 0x0, 0x46, 0x0, 0x0,
    0x4, 0x66, 0x62, 0x0, 0x0,

    /* U+1F62C "😬" */
    0x0, 0x2, 0x66, 0x50, 0x0, 0x0, 0x6, 0x40,
    0x1, 0x65, 0x0, 0x7, 0x0, 0x0, 0x0, 0x34,
    0x4, 0x20, 0x20, 0x1, 0x0, 0x60, 0x60, 0xe,
    0x20, 0xa6, 0x1, 0x46, 0x0, 0x10, 0x0, 0x0,
    0x6, 0x60, 0x58, 0x68, 0x89, 0x31, 0x55, 0x1a,
    0x95, 0x88, 0xa7, 0x51, 0x7, 0x27, 0x67, 0x76,
    0x16, 0x0, 0x17, 0x20, 0x0, 0x46, 0x0, 0x0,
    0x4, 0x66, 0x62, 0x0, 0x0,

    /* U+1F62D "😭" */
    0x0, 0x2, 0x66, 0x51, 0x0, 0x0, 0x6, 0x40,
    0x1, 0x65, 0x0, 0x7, 0x31, 0x0, 0x2, 0x45,
    0x4, 0x55, 0x10, 0x0, 0x26, 0x60, 0x60, 0xcb,
    0x10, 0x6a, 0x91, 0x46, 0x6, 0x60, 0x12, 0x55,
    0x6, 0x60, 0x69, 0x64, 0x85, 0x61, 0x44, 0x26,
    0xbc, 0xce, 0x66, 0x60, 0x7, 0x6a, 0x65, 0xa5,
    0x85, 0x0, 0x84, 0x52, 0x5, 0x27, 0x50, 0x3,
    0x66, 0x96, 0x96, 0x70, 0x0,

    /* U+1F62E "😮" */
    0x0, 0x2, 0x66, 0x50, 0x0, 0x0, 0x6, 0x40,
    0x1, 0x65, 0x0, 0x7, 0x0, 0x0, 0x0, 0x34,
    0x4, 0x20, 0x20, 0x0, 0x10, 0x60, 0x60, 0xe,
    0x20, 0x5a, 0x1, 0x46, 0x0, 0x10, 0x0, 0x0,
    0x6, 0x60, 0x0, 0x48, 0x20, 0x1, 0x55, 0x10,
    0x2f, 0xfe, 0x0, 0x51, 0x7, 0x0, 0xad, 0x80,
    0x16, 0x0, 0x17, 0x20, 0x0, 0x46, 0x0, 0x0,
    0x4, 0x66, 0x62, 0x0, 0x0,

    /* U+1F62F "😯" */
    0x0, 0x2, 0x66, 0x50, 0x0, 0x0, 0x6, 0x40,
    0x1, 0x65, 0x0, 0x7, 0x44, 0x0, 0x5, 0x54,
    0x4, 0x22, 0x0, 0x0, 0x2, 0x60, 0x60, 0x7,
    0x0, 0x16, 0x1, 0x46, 0x1, 0xa0, 0x2, 0xa0,
    0x6, 0x60, 0x0, 0x0, 0x0, 0x1, 0x55, 0x10,
    0x5, 0xc2, 0x0, 0x51, 0x7, 0x0, 0x9f, 0x40,
    0x16, 0x0, 0x17, 0x20, 0x20, 0x46, 0x0, 0x0,
    0x4, 0x66, 0x62, 0x0, 0x0,

    /* U+1F630 "😰" */
    0x0, 0x1, 0x67, 0x71, 0x0, 0x0, 0x8, 0x97,
    0x37, 0x98, 0x0, 0x9, 0x67, 0x73, 0x76, 0x5a,
    0x2, 0xa9, 0x76, 0x36, 0x69, 0xa3, 0x50, 0x4,
    0x10, 0x14, 0x0, 0x66, 0xa1, 0xa3, 0x4, 0xa0,
    0x6, 0x81, 0x70, 0x0, 0x0, 0x0, 0x66, 0x5,
    0x2a, 0xda, 0x10, 0x24, 0x60, 0x73, 0xed, 0xe2,
    0x7, 0x0, 0x59, 0x20, 0x0, 0x37, 0x0, 0x0,
    0x3, 0x66, 0x63, 0x0, 0x0,

    /* U+1F631 "😱" */
    0x0, 0x0, 0x27, 0x76, 0x0, 0x0, 0x0, 0x0,
    0x8b, 0x55, 0x79, 0x70, 0x0, 0x0, 0xb4, 0x65,
    0x56, 0x4b, 0x40, 0x0, 0x48, 0x6b, 0x44, 0x79,
    0x89, 0x0, 0x6, 0x6, 0x5, 0x6, 0x6, 0x14,
    0x0, 0x61, 0x51, 0x50, 0x70, 0x60, 0x60, 0x2b,
    0x94, 0x60, 0x21, 0x65, 0xab, 0x5, 0x67, 0x70,
    0x5f, 0x1, 0x76, 0xb0, 0x28, 0x31, 0x67, 0xf3,
    0x71, 0x47, 0x0, 0x61, 0x4, 0x36, 0x60, 0x4,
    0x30, 0x0, 0x56, 0x86, 0x57, 0x76, 0x30, 0x0,

    /* U+1F632 "😲" */
    0x0, 0x2, 0x66, 0x50, 0x0, 0x0, 0x6, 0x40,
    0x1, 0x65, 0x0, 0x7, 0x65, 0x0, 0x16, 0x74,
    0x4, 0x20, 0x10, 0x0, 0x0, 0x60, 0x60, 0xe,
    0x20, 0x79, 0x1, 0x46, 0x0, 0x50, 0x2, 0x30,
    0x6, 0x60, 0x0, 0x25, 0x0, 0x1, 0x55, 0x10,
    0x8, 0x95, 0x0, 0x51, 0x7, 0x0, 0xaf, 0x50,
    0x16, 0x0, 0x17, 0x23, 0x81, 0x46, 0x0, 0x0,
    0x4, 0x66, 0x62, 0x0, 0x0,

    /* U+1F633 "😳" */
    0x0, 0x2, 0x66, 0x50, 0x0, 0x0, 0x6, 0x40,
    0x1, 0x65, 0x0, 0x7, 0x35, 0x10, 0x25, 0x44,
    0x4, 0x21, 0x30, 0x0, 0x30, 0x60, 0x61, 0x54,
    0x30, 0x54, 0x51, 0x46, 0x33, 0x74, 0x4, 0x85,
    0x6, 0x60, 0x44, 0x10, 0x24, 0x31, 0x55, 0x15,
    0x30, 0x0, 0x63, 0x51, 0x7, 0x0, 0x26, 0x10,
    0x16, 0x0, 0x17, 0x20, 0x0, 0x46, 0x0, 0x0,
    0x4, 0x66, 0x62, 0x0, 0x0,

    /* U+1F634 "😴" */
    0x0, 0x2, 0x66, 0x50, 0x4, 0x10, 0x6, 0x40,
    0x1, 0x41, 0x61, 0x7, 0x0, 0x3, 0x48, 0x15,
    0x4, 0x20, 0x0, 0x61, 0x0, 0x60, 0x60, 0x0,
    0x0, 0x0, 0x2, 0x36, 0x4, 0x52, 0x4, 0x51,
    0x5, 0x60, 0x0, 0x0, 0x0, 0x1, 0x45, 0x10,
    0x7, 0xc3, 0x0, 0x60, 0x7, 0x0, 0xa9, 0x60,
    0x25, 0x0, 0x17, 0x20, 0x0, 0x46, 0x0, 0x0,
    0x4, 0x66, 0x62, 0x0, 0x0,

    /* U+1F635 "😵" */
    0x0, 0x2, 0x66, 0x50, 0x0, 0x0, 0x6, 0x40,
    0x1, 0x65, 0x0, 0x7, 0x36, 0x0, 0x26, 0x44,
    0x4, 0x22, 0x0, 0x0, 0x2, 0x60, 0x60, 0x58,
    0x30, 0x67, 0x31, 0x46, 0x3, 0x85, 0x7, 0x81,
    0x6, 0x60, 0x0, 0x14, 0x0, 0x1, 0x55, 0x10,
    0xe, 0xfa, 0x0, 0x51, 0x7, 0x0, 0xad, 0x60,
    0x16, 0x0, 0x17, 0x20, 0x0, 0x46, 0x0, 0x0,
    0x4, 0x66, 0x62, 0x0, 0x0,

    /* U+1F636 "😶" */
    0x0, 0x2, 0x66, 0x50, 0x0, 0x0, 0x6, 0x40,
    0x1, 0x65, 0x0, 0x7, 0x0, 0x0, 0x0, 0x34,
    0x4, 0x20, 0x0, 0x0, 0x0, 0x60, 0x60, 0xb,
    0x10, 0x48, 0x1, 0x46, 0x0, 0x60, 0x2, 0x40,
    0x6, 0x60, 0x0, 0x0, 0x0, 0x1, 0x55, 0x10,
    0x0, 0x0, 0x0, 0x51, 0x7, 0x0, 0x0, 0x0,
    0x16, 0x0, 0x17, 0x20, 0x0, 0x46, 0x0, 0x0,
    0x4, 0x66, 0x62, 0x0, 0x0,

    /* U+1F637 "😷" */
    0x0, 0x2, 0x66, 0x50, 0x0, 0x0, 0x6, 0x40,
    0x1, 0x65, 0x0, 0x7, 0x0, 0x0, 0x0, 0x34,
    0x4, 0x20, 0x10, 0x0, 0x10, 0x60, 0x60, 0xe,
    0x30, 0x5a, 0x1, 0x48, 0x0, 0x66, 0x66, 0x40,
    0x17, 0x86, 0xa1, 0x0, 0x3, 0xa6, 0x55, 0x16,
    0x0, 0x0, 0x6, 0x51, 0x9, 0xb2, 0x0, 0x4,
    0xc6, 0x0, 0x17, 0x66, 0x66, 0x76, 0x0, 0x0,
    0x4, 0x66, 0x62, 0x0, 0x0,

    /* U+1F638 "😸" */
    0x0, 0x40, 0x0, 0x0, 0x2, 0x20, 0x3, 0x36,
    0x10, 0x0, 0x44, 0x60, 0x5, 0x57, 0x7b, 0xaa,
    0x5a, 0x50, 0x5, 0x59, 0xc, 0x68, 0xc, 0x60,
    0x1, 0x40, 0x0, 0x0, 0x0, 0x60, 0x7, 0x73,
    0x62, 0x4, 0x61, 0xa4, 0x19, 0xa0, 0x1, 0xa0,
    0x0, 0xe5, 0x1, 0xa0, 0x64, 0xf5, 0x50, 0xb0,
    0x5, 0x71, 0x97, 0x49, 0x73, 0x64, 0x0, 0x6,
    0x54, 0x44, 0x54, 0x0, 0x0, 0x0, 0x15, 0x64,
    0x0, 0x0,

    /* U+1F639 "😹" */
    0x0, 0x40, 0x0, 0x0, 0x2, 0x20, 0x3, 0x36,
    0x10, 0x0, 0x44, 0x60, 0x5, 0x56, 0x7b, 0xab,
    0x5a, 0x60, 0x5, 0x58, 0xd, 0x69, 0xb, 0x60,
    0x1, 0x40, 0x0, 0x0, 0x0, 0x60, 0x7, 0x73,
    0x62, 0x4, 0x61, 0xa4, 0x18, 0xa5, 0x1, 0xa0,
    0x7, 0xc5, 0x6, 0x26, 0x74, 0xf4, 0x56, 0x53,
    0x7, 0x53, 0xb7, 0x48, 0x96, 0x26, 0x1, 0x36,
    0x46, 0x66, 0x56, 0x30, 0x0, 0x0, 0x15, 0x64,
    0x0, 0x0,

    /* U+1F63A "😺" */
    0x0, 0x40, 0x0, 0x0, 0x2, 0x30, 0x3, 0x36,
    0x10, 0x0, 0x44, 0x60, 0x5, 0x56, 0x7b, 0xaa,
    0x5a, 0x51, 0x5, 0x58, 0xc, 0x68, 0xb, 0x60,
    0x1, 0x40, 0x0, 0x0, 0x0, 0x60, 0x6, 0x70,
    0xd0, 0x3, 0x90, 0xa4, 0x8, 0xa0, 0x11, 0xa0,
    0x1, 0xe3, 0x2, 0xa1, 0x3a, 0x7a, 0x13, 0xa2,
    0x4, 0x91, 0x3, 0x61, 0x4, 0x82, 0x0, 0x6,
    0x41, 0x2, 0x54, 0x0, 0x0, 0x0, 0x15, 0x64,
    0x0, 0x0,

    /* U+1F63B "😻" */
    0x0, 0x40, 0x0, 0x0, 0x2, 0x30, 0x3, 0x36,
    0x10, 0x0, 0x44, 0x60, 0x5, 0x56, 0x7f, 0xbc,
    0x5a, 0x51, 0x5, 0x58, 0x9, 0x45, 0xc, 0x50,
    0x1, 0x48, 0xc6, 0xb, 0xb5, 0x60, 0x3, 0x5d,
    0xf7, 0xc, 0xf9, 0x71, 0x7, 0xa1, 0x61, 0x92,
    0x61, 0xe3, 0x5, 0xb0, 0x3a, 0x7a, 0x12, 0xb4,
    0x4, 0xb1, 0x3, 0x61, 0x5, 0xa2, 0x0, 0x6,
    0x41, 0x2, 0x54, 0x0, 0x0, 0x0, 0x15, 0x64,
    0x0, 0x0,

    /* U+1F63C "😼" */
    0x0, 0x40, 0x0, 0x0, 0x2, 0x30, 0x3, 0x36,
    0x10, 0x0, 0x44, 0x60, 0x5, 0x56, 0x7b, 0xaa,
    0x5a, 0x51, 0x5, 0x58, 0xc, 0x68, 0xb, 0x50,
    0x1, 0x40, 0x0, 0x0, 0x0, 0x60, 0x6, 0x70,
    0xc0, 0x2, 0xa0, 0xa4, 0x8, 0xa0, 0x1, 0x90,
    0x1, 0xe3, 0x2, 0xb1, 0x2, 0x96, 0x23, 0xa2,
    0x4, 0x91, 0x3, 0x40, 0x4, 0x82, 0x0, 0x6,
    0x41, 0x2, 0x54, 0x0, 0x0, 0x0, 0x15, 0x64,
    0x0, 0x0,

    /* U+1F63D "😽" */
    0x0, 0x40, 0x0, 0x0, 0x2, 0x30, 0x3, 0x36,
    0x10, 0x0, 0x44, 0x60, 0x5, 0x56, 0x7b, 0xaa,
    0x5a, 0x50, 0x5, 0x58, 0xc, 0x68, 0xb, 0x50,
    0x1, 0x40, 0x0, 0x0, 0x0, 0x60, 0x8, 0x83,
    0x62, 0x4, 0x61, 0xb4, 0x19, 0x90, 0x1, 0xa0,
    0x0, 0xe5, 0x4, 0xb0, 0x0, 0x43, 0x0, 0xd2,
    0x2, 0x61, 0x0, 0x41, 0x4, 0x42, 0x0, 0x6,
    0x41, 0x2, 0x54, 0x0, 0x0, 0x0, 0x15, 0x64,
    0x0, 0x0,

    /* U+1F63E "😾" */
    0x0, 0x10, 0x0, 0x0, 0x1, 0x0, 0x1, 0xb7,
    0x0, 0x0, 0x1a, 0x80, 0x5, 0x62, 0x7b, 0x9a,
    0x74, 0x60, 0x5, 0x44, 0xd, 0x68, 0x7, 0x50,
    0x2, 0xa0, 0x0, 0x0, 0x1, 0xa0, 0x8, 0x70,
    0xb0, 0x2, 0x90, 0xa5, 0x19, 0xa0, 0x11, 0x80,
    0x10, 0xe5, 0x4, 0xb0, 0x1, 0x90, 0x0, 0xd2,
    0x2, 0x61, 0x15, 0x25, 0x3, 0x42, 0x0, 0x6,
    0x41, 0x2, 0x54, 0x0, 0x0, 0x0, 0x15, 0x64,
    0x0, 0x0,

    /* U+1F63F "😿" */
    0x0, 0x0, 0x0, 0x0, 0x0, 0x0, 0x6, 0x66,
    0x10, 0x0, 0x36, 0x72, 0x6, 0x66, 0x6b, 0x9a,
    0x59, 0x53, 0x3, 0x56, 0xd, 0x68, 0x8, 0x60,
    0x0, 0x60, 0x0, 0x0, 0x0, 0x60, 0x2, 0x70,
    0xb0, 0x2, 0x90, 0x90, 0x9, 0x90, 0x1, 0xa0,
    0x0, 0xd5, 0x7, 0xa5, 0x51, 0xa0, 0x2, 0xc4,
    0x1, 0xc7, 0x63, 0x12, 0x4, 0xb0, 0x0, 0x8,
    0x90, 0x2, 0x54, 0x0, 0x0, 0x2, 0x35, 0x64,
    0x0, 0x0,

    /* U+1F640 "🙀" */
    0x0, 0x10, 0x0, 0x0, 0x1, 0x0, 0x1, 0x67,
    0x0, 0x0, 0x17, 0x70, 0x5, 0x56, 0x7b, 0xaa,
    0x79, 0x50, 0x5, 0x59, 0xd, 0x68, 0x1c, 0x50,
    0x2, 0x45, 0x74, 0x6, 0x72, 0x60, 0x8, 0x76,
    0x56, 0x47, 0x62, 0xa5, 0x19, 0xa5, 0x80, 0x92,
    0x83, 0xe5, 0x4, 0xb6, 0x16, 0xc6, 0x7, 0xc2,
    0x2, 0x77, 0x28, 0xf6, 0xa, 0x42, 0x0, 0x8,
    0x61, 0x36, 0x18, 0x0, 0x0, 0x11, 0x45, 0x65,
    0x22, 0x0,

    /* U+1F641 "🙁" */
    0x0, 0x2, 0x66, 0x50, 0x0, 0x0, 0x6, 0x40,
    0x1, 0x65, 0x0, 0x7, 0x0, 0x0, 0x0, 0x34,
    0x4, 0x20, 0x20, 0x0, 0x10, 0x60, 0x60, 0xf,
    0x10, 0x5a, 0x1, 0x46, 0x0, 0x10, 0x0, 0x10,
    0x6, 0x60, 0x0, 0x0, 0x0, 0x1, 0x55, 0x10,
    0x46, 0x66, 0x30, 0x51, 0x7, 0x0, 0x0, 0x0,
    0x16, 0x0, 0x17, 0x20, 0x0, 0x46, 0x0, 0x0,
    0x4, 0x66, 0x62, 0x0, 0x0,

    /* U+1F642 "🙂" */
    0x0, 0x2, 0x66, 0x50, 0x0, 0x0, 0x6, 0x40,
    0x1, 0x65, 0x0, 0x7, 0x0, 0x0, 0x0, 0x34,
    0x4, 0x20, 0x20, 0x0, 0x10, 0x60, 0x60, 0xf,
    0x10, 0x5a, 0x1, 0x46, 0x0, 0x10, 0x0, 0x10,
    0x6, 0x60, 0x0, 0x0, 0x0, 0x1, 0x55, 0x10,
    0x56, 0x66, 0x30, 0x51, 0x7, 0x0, 0x0, 0x0,
    0x16, 0x0, 0x17, 0x20, 0x0, 0x46, 0x0, 0x0,
    0x4, 0x66, 0x62, 0x0, 0x0,

    /* U+1F643 "🙃" */
    0x0, 0x2, 0x66, 0x50, 0x0, 0x0, 0x6, 0x40,
    0x1, 0x65, 0x0, 0x7, 0x0, 0x0, 0x0, 0x34,
    0x4, 0x20, 0x56, 0x66, 0x30, 0x60, 0x60, 0x0,
    0x0, 0x0, 0x1, 0x46, 0x0, 0x0, 0x0, 0x0,
    0x6, 0x60, 0xe, 0x10, 0x5a, 0x1, 0x55, 0x10,
    0x40, 0x1, 0x30, 0x51, 0x7, 0x0, 0x0, 0x0,
    0x16, 0x0, 0x17, 0x20, 0x0, 0x46, 0x0, 0x0,
    0x4, 0x66, 0x62, 0x0, 0x0,

    /* U+1F644 "🙄" */
    0x0, 0x2, 0x66, 0x50, 0x0, 0x0, 0x6, 0x40,
    0x1, 0x65, 0x0, 0x7, 0x0, 0x0, 0x0, 0x34,
    0x4, 0x22, 0x91, 0x4, 0x90, 0x60, 0x60, 0x8b,
    0x61, 0x9b, 0x61, 0x46, 0x7, 0x6, 0x15, 0x6,
    0x6, 0x60, 0x25, 0x10, 0x35, 0x1, 0x55, 0x10,
    0x0, 0x0, 0x0, 0x51, 0x7, 0x0, 0x56, 0x30,
    0x16, 0x0, 0x17, 0x20, 0x0, 0x46, 0x0, 0x0,
    0x4, 0x66, 0x62, 0x0, 0x0,

    /* U+1F645 "🙅" */
    0x0, 0x0, 0x46, 0x66, 0x10, 0x0, 0x0, 0x6,
    0x20, 0x0, 0x52, 0x0, 0x0, 0x33, 0x2, 0x3,
    0x6, 0x0, 0x0, 0x60, 0x15, 0x6, 0x1, 0x60,
    0x7, 0x45, 0x50, 0x91, 0x55, 0x63, 0x24, 0x25,
    0x5, 0x65, 0x6, 0x17, 0x50, 0x11, 0x91, 0x47,
    0x70, 0x6, 0x25, 0x25, 0x36, 0x10, 0x45, 0x17,
    0x4, 0x66, 0x66, 0x65, 0x56, 0x71,

    /* U+1F646 "🙆" */
    0x0, 0x11, 0x0, 0x2, 0x0, 0x0, 0x5, 0x57,
    0x36, 0x55, 0x0, 0x4, 0x22, 0x71, 0x70, 0x33,
    0x3, 0x24, 0x55, 0x65, 0x63, 0x42, 0x51, 0x65,
    0x0, 0x15, 0x70, 0x55, 0x54, 0x0, 0x1, 0x6,
    0x45, 0x53, 0x3, 0x40, 0x71, 0x3, 0x56, 0x0,
    0x4, 0x4, 0x0, 0x6, 0x43, 0x0, 0x25, 0x10,
    0x4, 0x30, 0x56, 0x10, 0x0, 0x16, 0x40, 0x0,
    0x15, 0x66, 0x65, 0x0, 0x0,

    /* U+1F647 "🙇" */
    0x0, 0x0, 0x10, 0x0, 0x10, 0x0, 0x0, 0x0,
    0x6, 0x0, 0x32, 0x0, 0x0, 0x0, 0x60, 0x14,
    0x54, 0x2, 0x50, 0x0, 0x0, 0x36, 0x20, 0x36,
    0x10, 0x0, 0x0, 0x34, 0x0, 0x0, 0x7, 0x0,
    0x0, 0x35, 0x0, 0x0, 0x0, 0x7, 0x0, 0x25,
    0x0, 0x41, 0x3, 0x30, 0x7, 0x6, 0x2, 0x8,
    0x10, 0x45, 0x2, 0x14, 0x50, 0x76, 0x40, 0x1,
    0x56, 0x50, 0x53, 0x50, 0x2, 0xa6, 0x91, 0x1,
    0x70, 0x1, 0x56, 0x62, 0x4, 0x66, 0x40, 0x0,

    /* U+1F648 "🙈" */
    0x0, 0x0, 0x4, 0x52, 0x0, 0x0, 0x0, 0x0,
    0x36, 0x10, 0x37, 0x0, 0x0, 0x0, 0x15, 0x20,
    0x0, 0x26, 0x0, 0x0, 0x7, 0x8e, 0xfa, 0xfc,
    0x92, 0x0, 0x7, 0xc0, 0x1, 0xb0, 0x2, 0xb4,
    0x0, 0xc1, 0x2, 0x68, 0x51, 0x5, 0x80, 0x24,
    0x5b, 0x4c, 0xd9, 0x5c, 0x27, 0x6, 0x38, 0x67,
    0x55, 0x48, 0x78, 0x41, 0x63, 0x68, 0x87, 0x77,
    0x87, 0x73, 0x23, 0x50, 0x45, 0x23, 0x27, 0x20,
    0x70, 0x2, 0x52, 0x0, 0x0, 0x4, 0x50, 0x0,

    /* U+1F649 "🙉" */
    0x0, 0x0, 0x4, 0x53, 0x0, 0x0, 0x0, 0x0,
    0x36, 0x10, 0x37, 0x10, 0x0, 0x0, 0x16, 0x53,
    0x5, 0x48, 0x0, 0x0, 0x3a, 0x62, 0x36, 0x15,
    0x68, 0x10, 0x7, 0x56, 0x38, 0x9, 0x57, 0x16,
    0x0, 0x65, 0x62, 0x13, 0x15, 0x71, 0x60, 0x15,
    0x97, 0xb, 0xd9, 0x28, 0x56, 0x6, 0x39, 0x58,
    0x56, 0x57, 0x68, 0x51, 0x62, 0x79, 0x76, 0x66,
    0x79, 0x83, 0x32, 0x60, 0x37, 0x23, 0x27, 0x21,
    0x70, 0x1, 0x53, 0x0, 0x0, 0x4, 0x50, 0x0,

    /* U+1F64A "🙊" */
    0x0, 0x0, 0x45, 0x30, 0x0, 0x0, 0x3, 0x62,
    0x3, 0x71, 0x0, 0x1, 0x54, 0x20, 0x43, 0x70,
    0x0, 0x64, 0x23, 0x51, 0x53, 0x50, 0x75, 0x45,
    0x60, 0x95, 0x6, 0x57, 0x64, 0x12, 0x41, 0x51,
    0x76, 0x36, 0x56, 0x38, 0xa7, 0x38, 0x20, 0x68,
    0x10, 0x5, 0x3a, 0x20, 0x35, 0x0, 0x69, 0x80,
    0x6, 0x26, 0x4, 0x65, 0x55, 0x63, 0x16, 0x5,
    0x20, 0x0, 0x0, 0x35, 0x0,

    /* U+1F64B "🙋" */
    0x6, 0x50, 0x0, 0x0, 0x5, 0x8, 0x0, 0x0,
    0x0, 0x50, 0x61, 0x0, 0x0, 0x5, 0x53, 0x75,
    0x46, 0x20, 0x66, 0x66, 0x21, 0x6, 0x6, 0x10,
    0x20, 0x61, 0x14, 0x60, 0x5, 0x65, 0x1, 0x46,
    0x0, 0x0, 0x0, 0x41, 0x24, 0x0, 0x0, 0x3,
    0x30, 0x63, 0x0, 0x0, 0x43, 0x0, 0x36, 0x66,
    0x62, 0x0,

    /* U+1F64C "🙌" */
    0x0, 0x0, 0x0, 0x40, 0x0, 0x0, 0x0, 0x0,
    0x7, 0x6, 0x33, 0x0, 0x0, 0x0, 0x53, 0x11,
    0x2, 0x6, 0x30, 0x0, 0x99, 0xb2, 0x0, 0x7,
    0x9d, 0x40, 0x48, 0x68, 0x40, 0x0, 0x67, 0x98,
    0x5, 0x79, 0x84, 0x0, 0x6, 0x9b, 0x80, 0x62,
    0x5, 0xa9, 0x48, 0x91, 0x26, 0x6, 0x4, 0x24,
    0x20, 0x70, 0x51, 0x60, 0x15, 0x1, 0x60, 0x3,
    0x50, 0x6, 0x0, 0x60, 0x60, 0x0, 0x6, 0x0,
    0x50, 0x3, 0x4, 0x0, 0x0, 0x40, 0x3, 0x0,

    /* U+1F64D "🙍" */
    0x0, 0x0, 0x56, 0x50, 0x0, 0x0, 0x1, 0x60,
    0x1, 0x71, 0x0, 0x0, 0x60, 0x0, 0x0, 0x70,
    0x0, 0x51, 0x44, 0x5, 0x42, 0x40, 0x34, 0x0,
    0x24, 0x10, 0x5, 0x26, 0x0, 0x3, 0x3, 0x0,
    0x6, 0x60, 0x0, 0x0, 0x0, 0x0, 0x65, 0x50,
    0x0, 0x0, 0x1, 0x54, 0x1, 0x56, 0x66, 0x66,
    0x50, 0x0,

    /* U+1F64E "🙎" */
    0x0, 0x0, 0x46, 0x66, 0x10, 0x0, 0x0, 0x6,
    0x20, 0x0, 0x62, 0x0, 0x0, 0x33, 0x0, 0x0,
    0x7, 0x0, 0x0, 0x60, 0x28, 0xa, 0x1, 0x60,
    0x6, 0x0, 0x3, 0x52, 0x0, 0x43, 0x23, 0x2,
    0x55, 0x26, 0x40, 0x6, 0x50, 0x15, 0x8, 0x61,
    0x16, 0x6, 0x25, 0x26, 0x63, 0x35, 0x46, 0x17,
    0x4, 0x66, 0x66, 0x66, 0x66, 0x71,

    /* U+1F64F "🙏" */
    0x0, 0x0, 0x37, 0x10, 0x0, 0x0, 0x0, 0xb,
    0xf9, 0x0, 0x0, 0x0, 0x0, 0xcf, 0xa0, 0x0,
    0x0, 0x0, 0x5, 0xc6, 0x0, 0x0, 0x0, 0x3,
    0x2c, 0x60, 0x0, 0x0, 0x0, 0x60, 0xc3, 0x20,
    0x0, 0x0, 0x67, 0xc, 0xa, 0x30, 0x2, 0x64,
    0x30, 0xc0, 0x73, 0x60, 0x0, 0x7, 0x87, 0x84,
    0x0, 0x0, 0x0, 0xc, 0x2a, 0x0, 0x0, 0x0,
    0x3, 0x10, 0x41, 0x0, 0x0
};


/*---------------------
 *  GLYPH DESCRIPTION
 *--------------------*/

static const lv_font_fmt_txt_glyph_dsc_t glyph_dsc[] = {
    {.bitmap_index = 0, .adv_w = 0, .box_w = 0, .box_h = 0, .ofs_x = 0, .ofs_y = 0} /* id = 0 reserved */,
    {.bitmap_index = 0, .adv_w = 203, .box_w = 11, .box_h = 11, .ofs_x = 1, .ofs_y = -2},
    {.bitmap_index = 61, .adv_w = 203, .box_w = 12, .box_h = 9, .ofs_x = 0, .ofs_y = -1},
    {.bitmap_index = 115, .adv_w = 203, .box_w = 11, .box_h = 11, .ofs_x = 1, .ofs_y = -2},
    {.bitmap_index = 176, .adv_w = 203, .box_w = 9, .box_h = 11, .ofs_x = 2, .ofs_y = -2},
    {.bitmap_index = 226, .adv_w = 203, .box_w = 11, .box_h = 11, .ofs_x = 1, .ofs_y = -2},
    {.bitmap_index = 287, .adv_w = 203, .box_w = 13, .box_h = 11, .ofs_x = 0, .ofs_y = -2},
    {.bitmap_index = 359, .adv_w = 203, .box_w = 11, .box_h = 11, .ofs_x = 1, .ofs_y = -2},
    {.bitmap_index = 420, .adv_w = 203, .box_w = 11, .box_h = 11, .ofs_x = 1, .ofs_y = -2},
    {.bitmap_index = 481, .adv_w = 203, .box_w = 10, .box_h = 11, .ofs_x = 1, .ofs_y = -2},
    {.bitmap_index = 536, .adv_w = 203, .box_w = 11, .box_h = 11, .ofs_x = 1, .ofs_y = -2},
    {.bitmap_index = 597, .adv_w = 203, .box_w = 8, .box_h = 11, .ofs_x = 2, .ofs_y = -2},
    {.bitmap_index = 641, .adv_w = 203, .box_w = 11, .box_h = 11, .ofs_x = 1, .ofs_y = -2},
    {.bitmap_index = 702, .adv_w = 203, .box_w = 11, .box_h = 11, .ofs_x = 1, .ofs_y = -2},
    {.bitmap_index = 763, .adv_w = 203, .box_w = 11, .box_h = 11, .ofs_x = 1, .ofs_y = -2},
    {.bitmap_index = 824, .adv_w = 203, .box_w = 11, .box_h = 11, .ofs_x = 1, .ofs_y = -2},
    {.bitmap_index = 885, .adv_w = 203, .box_w = 11, .box_h = 11, .ofs_x = 1, .ofs_y = -2},
    {.bitmap_index = 946, .adv_w = 203, .box_w = 11, .box_h = 11, .ofs_x = 1, .ofs_y = -2},
    {.bitmap_index = 1007, .adv_w = 203, .box_w = 11, .box_h = 11, .ofs_x = 1, .ofs_y = -2},
    {.bitmap_index = 1068, .adv_w = 203, .box_w = 11, .box_h = 11, .ofs_x = 1, .ofs_y = -2},
    {.bitmap_index = 1129, .adv_w = 203, .box_w = 11, .box_h = 11, .ofs_x = 1, .ofs_y = -2},
    {.bitmap_index = 1190, .adv_w = 203, .box_w = 11, .box_h = 11, .ofs_x = 1, .ofs_y = -2},
    {.bitmap_index = 1251, .adv_w = 203, .box_w = 7, .box_h = 11, .ofs_x = 3, .ofs_y = -2},
    {.bitmap_index = 1290, .adv_w = 203, .box_w = 11, .box_h = 11, .ofs_x = 1, .ofs_y = -2},
    {.bitmap_index = 1351, .adv_w = 203, .box_w = 11, .box_h = 11, .ofs_x = 1, .ofs_y = -2},
    {.bitmap_index = 1412, .adv_w = 203, .box_w = 11, .box_h = 11, .ofs_x = 1, .ofs_y = -2},
    {.bitmap_index = 1473, .adv_w = 203, .box_w = 11, .box_h = 11, .ofs_x = 1, .ofs_y = -2},
    {.bitmap_index = 1534, .adv_w = 203, .box_w = 11, .box_h = 11, .ofs_x = 1, .ofs_y = -2},
    {.bitmap_index = 1595, .adv_w = 203, .box_w = 11, .box_h = 11, .ofs_x = 1, .ofs_y = -2},
    {.bitmap_index = 1656, .adv_w = 203, .box_w = 11, .box_h = 11, .ofs_x = 1, .ofs_y = -2},
    {.bitmap_index = 1717, .adv_w = 203, .box_w = 11, .box_h = 11, .ofs_x = 1, .ofs_y = -2},
    {.bitmap_index = 1778, .adv_w = 203, .box_w = 11, .box_h = 11, .ofs_x = 1, .ofs_y = -2},
    {.bitmap_index = 1839, .adv_w = 203, .box_w = 11, .box_h = 11, .ofs_x = 1, .ofs_y = -2},
    {.bitmap_index = 1900, .adv_w = 203, .box_w = 11, .box_h = 11, .ofs_x = 1, .ofs_y = -2},
    {.bitmap_index = 1961, .adv_w = 203, .box_w = 11, .box_h = 11, .ofs_x = 1, .ofs_y = -2},
    {.bitmap_index = 2022, .adv_w = 203, .box_w = 11, .box_h = 11, .ofs_x = 1, .ofs_y = -2},
    {.bitmap_index = 2083, .adv_w = 203, .box_w = 7, .box_h = 11, .ofs_x = 3, .ofs_y = -2},
    {.bitmap_index = 2122, .adv_w = 203, .box_w = 10, .box_h = 11, .ofs_x = 1, .ofs_y = -2},
    {.bitmap_index = 2177, .adv_w = 203, .box_w = 11, .box_h = 11, .ofs_x = 1, .ofs_y = -2},
    {.bitmap_index = 2238, .adv_w = 203, .box_w = 12, .box_h = 11, .ofs_x = 0, .ofs_y = -2},
    {.bitmap_index = 2304, .adv_w = 203, .box_w = 9, .box_h = 11, .ofs_x = 2, .ofs_y = -2},
    {.bitmap_index = 2354, .adv_w = 203, .box_w = 11, .box_h = 11, .ofs_x = 1, .ofs_y = -2},
    {.bitmap_index = 2415, .adv_w = 203, .box_w = 12, .box_h = 11, .ofs_x = 0, .ofs_y = -2},
    {.bitmap_index = 2481, .adv_w = 203, .box_w = 11, .box_h = 11, .ofs_x = 1, .ofs_y = -2},
    {.bitmap_index = 2542, .adv_w = 203, .box_w = 11, .box_h = 11, .ofs_x = 1, .ofs_y = -2},
    {.bitmap_index = 2603, .adv_w = 203, .box_w = 12, .box_h = 11, .ofs_x = 0, .ofs_y = -2},
    {.bitmap_index = 2669, .adv_w = 203, .box_w = 10, .box_h = 11, .ofs_x = 1, .ofs_y = -2},
    {.bitmap_index = 2724, .adv_w = 203, .box_w = 11, .box_h = 11, .ofs_x = 1, .ofs_y = -2},
    {.bitmap_index = 2785, .adv_w = 203, .box_w = 9, .box_h = 11, .ofs_x = 2, .ofs_y = -2},
    {.bitmap_index = 2835, .adv_w = 203, .box_w = 12, .box_h = 11, .ofs_x = 0, .ofs_y = -2},
    {.bitmap_index = 2901, .adv_w = 203, .box_w = 11, .box_h = 11, .ofs_x = 1, .ofs_y = -2},
    {.bitmap_index = 2962, .adv_w = 203, .box_w = 11, .box_h = 11, .ofs_x = 1, .ofs_y = -2},
    {.bitmap_index = 3023, .adv_w = 203, .box_w = 11, .box_h = 11, .ofs_x = 1, .ofs_y = -2},
    {.bitmap_index = 3084, .adv_w = 203, .box_w = 10, .box_h = 11, .ofs_x = 1, .ofs_y = -2},
    {.bitmap_index = 3139, .adv_w = 203, .box_w = 11, .box_h = 11, .ofs_x = 1, .ofs_y = -2},
    {.bitmap_index = 3200, .adv_w = 203, .box_w = 9, .box_h = 11, .ofs_x = 2, .ofs_y = -2},
    {.bitmap_index = 3250, .adv_w = 203, .box_w = 10, .box_h = 11, .ofs_x = 1, .ofs_y = -2},
    {.bitmap_index = 3305, .adv_w = 203, .box_w = 11, .box_h = 11, .ofs_x = 1, .ofs_y = -2},
    {.bitmap_index = 3366, .adv_w = 203, .box_w = 11, .box_h = 11, .ofs_x = 1, .ofs_y = -2},
    {.bitmap_index = 3427, .adv_w = 203, .box_w = 11, .box_h = 11, .ofs_x = 1, .ofs_y = -2},
    {.bitmap_index = 3488, .adv_w = 203, .box_w = 7, .box_h = 11, .ofs_x = 3, .ofs_y = -2},
    {.bitmap_index = 3527, .adv_w = 203, .box_w = 11, .box_h = 11, .ofs_x = 1, .ofs_y = -2},
    {.bitmap_index = 3588, .adv_w = 203, .box_w = 11, .box_h = 11, .ofs_x = 1, .ofs_y = -2},
    {.bitmap_index = 3649, .adv_w = 203, .box_w = 9, .box_h = 11, .ofs_x = 2, .ofs_y = -2},
    {.bitmap_index = 3699, .adv_w = 203, .box_w = 12, .box_h = 10, .ofs_x = 0, .ofs_y = -1},
    {.bitmap_index = 3759, .adv_w = 203, .box_w = 11, .box_h = 11, .ofs_x = 1, .ofs_y = -2},
    {.bitmap_index = 3820, .adv_w = 203, .box_w = 11, .box_h = 11, .ofs_x = 1, .ofs_y = -2},
    {.bitmap_index = 3881, .adv_w = 203, .box_w = 11, .box_h = 11, .ofs_x = 1, .ofs_y = -2},
    {.bitmap_index = 3942, .adv_w = 203, .box_w = 11, .box_h = 11, .ofs_x = 1, .ofs_y = -2},
    {.bitmap_index = 4003, .adv_w = 203, .box_w = 9, .box_h = 11, .ofs_x = 2, .ofs_y = -2},
    {.bitmap_index = 4053, .adv_w = 203, .box_w = 11, .box_h = 11, .ofs_x = 1, .ofs_y = -2},
    {.bitmap_index = 4114, .adv_w = 203, .box_w = 13, .box_h = 11, .ofs_x = 0, .ofs_y = -2},
    {.bitmap_index = 4186, .adv_w = 203, .box_w = 9, .box_h = 11, .ofs_x = 2, .ofs_y = -2},
    {.bitmap_index = 4236, .adv_w = 203, .box_w = 13, .box_h = 11, .ofs_x = 0, .ofs_y = -2},
    {.bitmap_index = 4308, .adv_w = 203, .box_w = 11, .box_h = 11, .ofs_x = 1, .ofs_y = -2},
    {.bitmap_index = 4369, .adv_w = 203, .box_w = 9, .box_h = 11, .ofs_x = 2, .ofs_y = -2},
    {.bitmap_index = 4419, .adv_w = 203, .box_w = 11, .box_h = 11, .ofs_x = 1, .ofs_y = -2},
    {.bitmap_index = 4480, .adv_w = 203, .box_w = 13, .box_h = 11, .ofs_x = 0, .ofs_y = -2},
    {.bitmap_index = 4552, .adv_w = 203, .box_w = 10, .box_h = 11, .ofs_x = 1, .ofs_y = -2},
    {.bitmap_index = 4607, .adv_w = 203, .box_w = 11, .box_h = 11, .ofs_x = 1, .ofs_y = -2},
    {.bitmap_index = 4668, .adv_w = 203, .box_w = 11, .box_h = 11, .ofs_x = 1, .ofs_y = -2},
    {.bitmap_index = 4729, .adv_w = 203, .box_w = 11, .box_h = 11, .ofs_x = 1, .ofs_y = -2},
    {.bitmap_index = 4790, .adv_w = 203, .box_w = 13, .box_h = 9, .ofs_x = 0, .ofs_y = -1},
    {.bitmap_index = 4849, .adv_w = 203, .box_w = 11, .box_h = 11, .ofs_x = 1, .ofs_y = -2},
    {.bitmap_index = 4910, .adv_w = 203, .box_w = 10, .box_h = 11, .ofs_x = 1, .ofs_y = -2},
    {.bitmap_index = 4965, .adv_w = 203, .box_w = 11, .box_h = 11, .ofs_x = 1, .ofs_y = -2},
    {.bitmap_index = 5026, .adv_w = 203, .box_w = 11, .box_h = 11, .ofs_x = 1, .ofs_y = -2},
    {.bitmap_index = 5087, .adv_w = 203, .box_w = 11, .box_h = 9, .ofs_x = 1, .ofs_y = -1},
    {.bitmap_index = 5137, .adv_w = 203, .box_w = 11, .box_h = 11, .ofs_x = 1, .ofs_y = -2},
    {.bitmap_index = 5198, .adv_w = 203, .box_w = 9, .box_h = 11, .ofs_x = 2, .ofs_y = -2},
    {.bitmap_index = 5248, .adv_w = 203, .box_w = 8, .box_h = 11, .ofs_x = 2, .ofs_y = -2},
    {.bitmap_index = 5292, .adv_w = 203, .box_w = 10, .box_h = 11, .ofs_x = 1, .ofs_y = -2},
    {.bitmap_index = 5347, .adv_w = 203, .box_w = 11, .box_h = 11, .ofs_x = 1, .ofs_y = -2},
    {.bitmap_index = 5408, .adv_w = 203, .box_w = 11, .box_h = 11, .ofs_x = 1, .ofs_y = -2},
    {.bitmap_index = 5469, .adv_w = 203, .box_w = 11, .box_h = 11, .ofs_x = 1, .ofs_y = -2},
    {.bitmap_index = 5530, .adv_w = 203, .box_w = 11, .box_h = 11, .ofs_x = 1, .ofs_y = -2},
    {.bitmap_index = 5591, .adv_w = 203, .box_w = 11, .box_h = 11, .ofs_x = 1, .ofs_y = -2},
    {.bitmap_index = 5652, .adv_w = 203, .box_w = 11, .box_h = 11, .ofs_x = 1, .ofs_y = -2},
    {.bitmap_index = 5713, .adv_w = 203, .box_w = 13, .box_h = 11, .ofs_x = 0, .ofs_y = -2},
    {.bitmap_index = 5785, .adv_w = 203, .box_w = 11, .box_h = 11, .ofs_x = 1, .ofs_y = -2},
    {.bitmap_index = 5846, .adv_w = 203, .box_w = 11, .box_h = 11, .ofs_x = 1, .ofs_y = -2},
    {.bitmap_index = 5907, .adv_w = 203, .box_w = 10, .box_h = 11, .ofs_x = 1, .ofs_y = -2},
    {.bitmap_index = 5962, .adv_w = 203, .box_w = 11, .box_h = 11, .ofs_x = 1, .ofs_y = -2},
    {.bitmap_index = 6023, .adv_w = 203, .box_w = 11, .box_h = 11, .ofs_x = 1, .ofs_y = -2},
    {.bitmap_index = 6084, .adv_w = 203, .box_w = 11, .box_h = 11, .ofs_x = 1, .ofs_y = -2},
    {.bitmap_index = 6145, .adv_w = 203, .box_w = 7, .box_h = 11, .ofs_x = 3, .ofs_y = -2},
    {.bitmap_index = 6184, .adv_w = 203, .box_w = 7, .box_h = 11, .ofs_x = 3, .ofs_y = -2},
    {.bitmap_index = 6223, .adv_w = 203, .box_w = 3, .box_h = 11, .ofs_x = 5, .ofs_y = -2},
    {.bitmap_index = 6240, .adv_w = 203, .box_w = 3, .box_h = 11, .ofs_x = 5, .ofs_y = -2},
    {.bitmap_index = 6257, .adv_w = 203, .box_w = 9, .box_h = 11, .ofs_x = 2, .ofs_y = -2},
    {.bitmap_index = 6307, .adv_w = 203, .box_w = 11, .box_h = 11, .ofs_x = 1, .ofs_y = -2},
    {.bitmap_index = 6368, .adv_w = 203, .box_w = 10, .box_h = 11, .ofs_x = 1, .ofs_y = -2},
    {.bitmap_index = 6423, .adv_w = 203, .box_w = 10, .box_h = 3, .ofs_x = 1, .ofs_y = 2},
    {.bitmap_index = 6438, .adv_w = 203, .box_w = 10, .box_h = 11, .ofs_x = 1, .ofs_y = -2},
    {.bitmap_index = 6493, .adv_w = 203, .box_w = 11, .box_h = 11, .ofs_x = 1, .ofs_y = -2},
    {.bitmap_index = 6554, .adv_w = 203, .box_w = 10, .box_h = 9, .ofs_x = 1, .ofs_y = -1},
    {.bitmap_index = 6599, .adv_w = 203, .box_w = 13, .box_h = 9, .ofs_x = 0, .ofs_y = -1},
    {.bitmap_index = 6658, .adv_w = 203, .box_w = 12, .box_h = 11, .ofs_x = 0, .ofs_y = -2},
    {.bitmap_index = 6724, .adv_w = 203, .box_w = 12, .box_h = 11, .ofs_x = 0, .ofs_y = -2},
    {.bitmap_index = 6790, .adv_w = 203, .box_w = 11, .box_h = 11, .ofs_x = 1, .ofs_y = -2},
    {.bitmap_index = 6851, .adv_w = 203, .box_w = 12, .box_h = 11, .ofs_x = 0, .ofs_y = -2},
    {.bitmap_index = 6917, .adv_w = 203, .box_w = 12, .box_h = 11, .ofs_x = 0, .ofs_y = -2},
    {.bitmap_index = 6983, .adv_w = 203, .box_w = 10, .box_h = 11, .ofs_x = 1, .ofs_y = -2},
    {.bitmap_index = 7038, .adv_w = 203, .box_w = 10, .box_h = 11, .ofs_x = 1, .ofs_y = -2},
    {.bitmap_index = 7093, .adv_w = 203, .box_w = 9, .box_h = 11, .ofs_x = 2, .ofs_y = -2},
    {.bitmap_index = 7143, .adv_w = 203, .box_w = 10, .box_h = 11, .ofs_x = 1, .ofs_y = -2},
    {.bitmap_index = 7198, .adv_w = 203, .box_w = 11, .box_h = 11, .ofs_x = 1, .ofs_y = -2},
    {.bitmap_index = 7259, .adv_w = 203, .box_w = 9, .box_h = 11, .ofs_x = 2, .ofs_y = -2},
    {.bitmap_index = 7309, .adv_w = 203, .box_w = 12, .box_h = 11, .ofs_x = 0, .ofs_y = -2},
    {.bitmap_index = 7375, .adv_w = 203, .box_w = 7, .box_h = 11, .ofs_x = 3, .ofs_y = -2},
    {.bitmap_index = 7414, .adv_w = 203, .box_w = 11, .box_h = 11, .ofs_x = 1, .ofs_y = -2},
    {.bitmap_index = 7475, .adv_w = 203, .box_w = 9, .box_h = 11, .ofs_x = 2, .ofs_y = -2},
    {.bitmap_index = 7525, .adv_w = 203, .box_w = 11, .box_h = 11, .ofs_x = 1, .ofs_y = -2},
    {.bitmap_index = 7586, .adv_w = 203, .box_w = 11, .box_h = 11, .ofs_x = 1, .ofs_y = -2},
    {.bitmap_index = 7647, .adv_w = 203, .box_w = 13, .box_h = 11, .ofs_x = 0, .ofs_y = -2},
    {.bitmap_index = 7719, .adv_w = 203, .box_w = 11, .box_h = 11, .ofs_x = 1, .ofs_y = -2},
    {.bitmap_index = 7780, .adv_w = 203, .box_w = 9, .box_h = 11, .ofs_x = 2, .ofs_y = -2},
    {.bitmap_index = 7830, .adv_w = 203, .box_w = 11, .box_h = 11, .ofs_x = 1, .ofs_y = -2},
    {.bitmap_index = 7891, .adv_w = 203, .box_w = 12, .box_h = 11, .ofs_x = 0, .ofs_y = -2},
    {.bitmap_index = 7957, .adv_w = 203, .box_w = 7, .box_h = 11, .ofs_x = 3, .ofs_y = -2},
    {.bitmap_index = 7996, .adv_w = 203, .box_w = 10, .box_h = 11, .ofs_x = 1, .ofs_y = -2},
    {.bitmap_index = 8051, .adv_w = 203, .box_w = 11, .box_h = 11, .ofs_x = 1, .ofs_y = -2},
    {.bitmap_index = 8112, .adv_w = 203, .box_w = 12, .box_h = 11, .ofs_x = 0, .ofs_y = -2},
    {.bitmap_index = 8178, .adv_w = 203, .box_w = 9, .box_h = 11, .ofs_x = 2, .ofs_y = -2},
    {.bitmap_index = 8228, .adv_w = 203, .box_w = 9, .box_h = 11, .ofs_x = 2, .ofs_y = -2},
    {.bitmap_index = 8278, .adv_w = 203, .box_w = 11, .box_h = 11, .ofs_x = 1, .ofs_y = -2},
    {.bitmap_index = 8339, .adv_w = 203, .box_w = 11, .box_h = 11, .ofs_x = 1, .ofs_y = -2},
    {.bitmap_index = 8400, .adv_w = 203, .box_w = 11, .box_h = 10, .ofs_x = 1, .ofs_y = -1},
    {.bitmap_index = 8455, .adv_w = 203, .box_w = 9, .box_h = 11, .ofs_x = 2, .ofs_y = -2},
    {.bitmap_index = 8505, .adv_w = 203, .box_w = 7, .box_h = 11, .ofs_x = 3, .ofs_y = -2},
    {.bitmap_index = 8544, .adv_w = 203, .box_w = 11, .box_h = 11, .ofs_x = 1, .ofs_y = -2},
    {.bitmap_index = 8605, .adv_w = 203, .box_w = 11, .box_h = 11, .ofs_x = 1, .ofs_y = -2},
    {.bitmap_index = 8666, .adv_w = 203, .box_w = 8, .box_h = 11, .ofs_x = 2, .ofs_y = -2},
    {.bitmap_index = 8710, .adv_w = 203, .box_w = 11, .box_h = 11, .ofs_x = 1, .ofs_y = -2},
    {.bitmap_index = 8771, .adv_w = 203, .box_w = 9, .box_h = 11, .ofs_x = 2, .ofs_y = -2},
    {.bitmap_index = 8821, .adv_w = 203, .box_w = 10, .box_h = 11, .ofs_x = 1, .ofs_y = -2},
    {.bitmap_index = 8876, .adv_w = 203, .box_w = 11, .box_h = 11, .ofs_x = 1, .ofs_y = -2},
    {.bitmap_index = 8937, .adv_w = 203, .box_w = 9, .box_h = 11, .ofs_x = 2, .ofs_y = -2},
    {.bitmap_index = 8987, .adv_w = 203, .box_w = 11, .box_h = 11, .ofs_x = 1, .ofs_y = -2},
    {.bitmap_index = 9048, .adv_w = 203, .box_w = 11, .box_h = 11, .ofs_x = 1, .ofs_y = -2},
    {.bitmap_index = 9109, .adv_w = 203, .box_w = 10, .box_h = 11, .ofs_x = 1, .ofs_y = -2},
    {.bitmap_index = 9164, .adv_w = 203, .box_w = 11, .box_h = 11, .ofs_x = 1, .ofs_y = -2},
    {.bitmap_index = 9225, .adv_w = 203, .box_w = 11, .box_h = 11, .ofs_x = 1, .ofs_y = -2},
    {.bitmap_index = 9286, .adv_w = 203, .box_w = 12, .box_h = 11, .ofs_x = 0, .ofs_y = -2},
    {.bitmap_index = 9352, .adv_w = 203, .box_w = 11, .box_h = 11, .ofs_x = 1, .ofs_y = -2},
    {.bitmap_index = 9413, .adv_w = 203, .box_w = 11, .box_h = 11, .ofs_x = 1, .ofs_y = -2},
    {.bitmap_index = 9474, .adv_w = 203, .box_w = 11, .box_h = 11, .ofs_x = 1, .ofs_y = -2},
    {.bitmap_index = 9535, .adv_w = 203, .box_w = 9, .box_h = 11, .ofs_x = 2, .ofs_y = -2},
    {.bitmap_index = 9585, .adv_w = 203, .box_w = 10, .box_h = 11, .ofs_x = 1, .ofs_y = -2},
    {.bitmap_index = 9640, .adv_w = 203, .box_w = 11, .box_h = 11, .ofs_x = 1, .ofs_y = -2},
    {.bitmap_index = 9701, .adv_w = 203, .box_w = 11, .box_h = 11, .ofs_x = 1, .ofs_y = -2},
    {.bitmap_index = 9762, .adv_w = 203, .box_w = 11, .box_h = 11, .ofs_x = 1, .ofs_y = -2},
    {.bitmap_index = 9823, .adv_w = 203, .box_w = 13, .box_h = 11, .ofs_x = 0, .ofs_y = -2},
    {.bitmap_index = 9895, .adv_w = 203, .box_w = 11, .box_h = 11, .ofs_x = 1, .ofs_y = -2},
    {.bitmap_index = 9956, .adv_w = 203, .box_w = 7, .box_h = 11, .ofs_x = 3, .ofs_y = -2},
    {.bitmap_index = 9995, .adv_w = 203, .box_w = 10, .box_h = 11, .ofs_x = 1, .ofs_y = -2},
    {.bitmap_index = 10050, .adv_w = 203, .box_w = 8, .box_h = 11, .ofs_x = 2, .ofs_y = -2},
    {.bitmap_index = 10094, .adv_w = 203, .box_w = 12, .box_h = 9, .ofs_x = 0, .ofs_y = -1},
    {.bitmap_index = 10148, .adv_w = 203, .box_w = 11, .box_h = 11, .ofs_x = 1, .ofs_y = -2},
    {.bitmap_index = 10209, .adv_w = 203, .box_w = 11, .box_h = 11, .ofs_x = 1, .ofs_y = -2},
    {.bitmap_index = 10270, .adv_w = 203, .box_w = 12, .box_h = 11, .ofs_x = 0, .ofs_y = -2},
    {.bitmap_index = 10336, .adv_w = 203, .box_w = 11, .box_h = 11, .ofs_x = 1, .ofs_y = -2},
    {.bitmap_index = 10397, .adv_w = 203, .box_w = 12, .box_h = 11, .ofs_x = 0, .ofs_y = -2},
    {.bitmap_index = 10463, .adv_w = 203, .box_w = 9, .box_h = 11, .ofs_x = 2, .ofs_y = -2},
    {.bitmap_index = 10513, .adv_w = 203, .box_w = 10, .box_h = 11, .ofs_x = 1, .ofs_y = -2},
    {.bitmap_index = 10568, .adv_w = 203, .box_w = 12, .box_h = 10, .ofs_x = 0, .ofs_y = -1},
    {.bitmap_index = 10628, .adv_w = 203, .box_w = 13, .box_h = 11, .ofs_x = 0, .ofs_y = -2},
    {.bitmap_index = 10700, .adv_w = 203, .box_w = 9, .box_h = 11, .ofs_x = 2, .ofs_y = -2},
    {.bitmap_index = 10750, .adv_w = 203, .box_w = 5, .box_h = 11, .ofs_x = 4, .ofs_y = -2},
    {.bitmap_index = 10778, .adv_w = 203, .box_w = 7, .box_h = 11, .ofs_x = 3, .ofs_y = -2},
    {.bitmap_index = 10817, .adv_w = 203, .box_w = 9, .box_h = 11, .ofs_x = 2, .ofs_y = -2},
    {.bitmap_index = 10867, .adv_w = 203, .box_w = 5, .box_h = 11, .ofs_x = 4, .ofs_y = -2},
    {.bitmap_index = 10895, .adv_w = 203, .box_w = 9, .box_h = 11, .ofs_x = 2, .ofs_y = -2},
    {.bitmap_index = 10945, .adv_w = 203, .box_w = 7, .box_h = 11, .ofs_x = 3, .ofs_y = -2},
    {.bitmap_index = 10984, .adv_w = 203, .box_w = 9, .box_h = 11, .ofs_x = 2, .ofs_y = -2},
    {.bitmap_index = 11034, .adv_w = 203, .box_w = 13, .box_h = 11, .ofs_x = 0, .ofs_y = -2},
    {.bitmap_index = 11106, .adv_w = 203, .box_w = 11, .box_h = 11, .ofs_x = 1, .ofs_y = -2},
    {.bitmap_index = 11167, .adv_w = 203, .box_w = 13, .box_h = 11, .ofs_x = 0, .ofs_y = -2},
    {.bitmap_index = 11239, .adv_w = 203, .box_w = 11, .box_h = 11, .ofs_x = 1, .ofs_y = -2},
    {.bitmap_index = 11300, .adv_w = 203, .box_w = 9, .box_h = 11, .ofs_x = 2, .ofs_y = -2},
    {.bitmap_index = 11350, .adv_w = 203, .box_w = 11, .box_h = 11, .ofs_x = 1, .ofs_y = -2},
    {.bitmap_index = 11411, .adv_w = 203, .box_w = 10, .box_h = 11, .ofs_x = 1, .ofs_y = -2},
    {.bitmap_index = 11466, .adv_w = 203, .box_w = 9, .box_h = 11, .ofs_x = 2, .ofs_y = -2},
    {.bitmap_index = 11516, .adv_w = 203, .box_w = 11, .box_h = 11, .ofs_x = 1, .ofs_y = -2},
    {.bitmap_index = 11577, .adv_w = 203, .box_w = 10, .box_h = 11, .ofs_x = 1, .ofs_y = -2},
    {.bitmap_index = 11632, .adv_w = 203, .box_w = 9, .box_h = 11, .ofs_x = 2, .ofs_y = -2},
    {.bitmap_index = 11682, .adv_w = 203, .box_w = 11, .box_h = 11, .ofs_x = 1, .ofs_y = -2},
    {.bitmap_index = 11743, .adv_w = 203, .box_w = 11, .box_h = 11, .ofs_x = 1, .ofs_y = -2},
    {.bitmap_index = 11804, .adv_w = 203, .box_w = 7, .box_h = 11, .ofs_x = 3, .ofs_y = -2},
    {.bitmap_index = 11843, .adv_w = 203, .box_w = 11, .box_h = 11, .ofs_x = 1, .ofs_y = -2},
    {.bitmap_index = 11904, .adv_w = 203, .box_w = 11, .box_h = 11, .ofs_x = 1, .ofs_y = -2},
    {.bitmap_index = 11965, .adv_w = 203, .box_w = 11, .box_h = 11, .ofs_x = 1, .ofs_y = -2},
    {.bitmap_index = 12026, .adv_w = 203, .box_w = 12, .box_h = 11, .ofs_x = 0, .ofs_y = -2},
    {.bitmap_index = 12092, .adv_w = 203, .box_w = 7, .box_h = 11, .ofs_x = 3, .ofs_y = -2},
    {.bitmap_index = 12131, .adv_w = 203, .box_w = 12, .box_h = 11, .ofs_x = 0, .ofs_y = -2},
    {.bitmap_index = 12197, .adv_w = 203, .box_w = 12, .box_h = 11, .ofs_x = 0, .ofs_y = -2},
    {.bitmap_index = 12263, .adv_w = 203, .box_w = 11, .box_h = 11, .ofs_x = 1, .ofs_y = -2},
    {.bitmap_index = 12324, .adv_w = 203, .box_w = 11, .box_h = 11, .ofs_x = 1, .ofs_y = -2},
    {.bitmap_index = 12385, .adv_w = 203, .box_w = 13, .box_h = 11, .ofs_x = 0, .ofs_y = -2},
    {.bitmap_index = 12457, .adv_w = 203, .box_w = 11, .box_h = 11, .ofs_x = 1, .ofs_y = -2},
    {.bitmap_index = 12518, .adv_w = 203, .box_w = 11, .box_h = 11, .ofs_x = 1, .ofs_y = -2},
    {.bitmap_index = 12579, .adv_w = 203, .box_w = 11, .box_h = 11, .ofs_x = 1, .ofs_y = -2},
    {.bitmap_index = 12640, .adv_w = 203, .box_w = 11, .box_h = 11, .ofs_x = 1, .ofs_y = -2},
    {.bitmap_index = 12701, .adv_w = 203, .box_w = 11, .box_h = 11, .ofs_x = 1, .ofs_y = -2},
    {.bitmap_index = 12762, .adv_w = 203, .box_w = 11, .box_h = 11, .ofs_x = 1, .ofs_y = -2},
    {.bitmap_index = 12823, .adv_w = 203, .box_w = 11, .box_h = 11, .ofs_x = 1, .ofs_y = -2},
    {.bitmap_index = 12884, .adv_w = 203, .box_w = 11, .box_h = 11, .ofs_x = 1, .ofs_y = -2},
    {.bitmap_index = 12945, .adv_w = 203, .box_w = 11, .box_h = 11, .ofs_x = 1, .ofs_y = -2},
    {.bitmap_index = 13006, .adv_w = 203, .box_w = 11, .box_h = 11, .ofs_x = 1, .ofs_y = -2},
    {.bitmap_index = 13067, .adv_w = 203, .box_w = 11, .box_h = 11, .ofs_x = 1, .ofs_y = -2},
    {.bitmap_index = 13128, .adv_w = 203, .box_w = 11, .box_h = 11, .ofs_x = 1, .ofs_y = -2},
    {.bitmap_index = 13189, .adv_w = 203, .box_w = 11, .box_h = 11, .ofs_x = 1, .ofs_y = -2},
    {.bitmap_index = 13250, .adv_w = 203, .box_w = 11, .box_h = 11, .ofs_x = 1, .ofs_y = -2},
    {.bitmap_index = 13311, .adv_w = 203, .box_w = 11, .box_h = 11, .ofs_x = 1, .ofs_y = -2},
    {.bitmap_index = 13372, .adv_w = 203, .box_w = 11, .box_h = 11, .ofs_x = 1, .ofs_y = -2},
    {.bitmap_index = 13433, .adv_w = 203, .box_w = 11, .box_h = 11, .ofs_x = 1, .ofs_y = -2},
    {.bitmap_index = 13494, .adv_w = 203, .box_w = 11, .box_h = 11, .ofs_x = 1, .ofs_y = -2},
    {.bitmap_index = 13555, .adv_w = 203, .box_w = 11, .box_h = 11, .ofs_x = 1, .ofs_y = -2},
    {.bitmap_index = 13616, .adv_w = 203, .box_w = 11, .box_h = 11, .ofs_x = 1, .ofs_y = -2},
    {.bitmap_index = 13677, .adv_w = 203, .box_w = 11, .box_h = 11, .ofs_x = 1, .ofs_y = -2},
    {.bitmap_index = 13738, .adv_w = 203, .box_w = 11, .box_h = 11, .ofs_x = 1, .ofs_y = -2},
    {.bitmap_index = 13799, .adv_w = 203, .box_w = 11, .box_h = 11, .ofs_x = 1, .ofs_y = -2},
    {.bitmap_index = 13860, .adv_w = 203, .box_w = 11, .box_h = 11, .ofs_x = 1, .ofs_y = -2},
    {.bitmap_index = 13921, .adv_w = 203, .box_w = 11, .box_h = 11, .ofs_x = 1, .ofs_y = -2},
    {.bitmap_index = 13982, .adv_w = 203, .box_w = 11, .box_h = 11, .ofs_x = 1, .ofs_y = -2},
    {.bitmap_index = 14043, .adv_w = 203, .box_w = 11, .box_h = 11, .ofs_x = 1, .ofs_y = -2},
    {.bitmap_index = 14104, .adv_w = 203, .box_w = 11, .box_h = 11, .ofs_x = 1, .ofs_y = -2},
    {.bitmap_index = 14165, .adv_w = 203, .box_w = 11, .box_h = 11, .ofs_x = 1, .ofs_y = -2},
    {.bitmap_index = 14226, .adv_w = 203, .box_w = 11, .box_h = 11, .ofs_x = 1, .ofs_y = -2},
    {.bitmap_index = 14287, .adv_w = 203, .box_w = 11, .box_h = 11, .ofs_x = 1, .ofs_y = -2},
    {.bitmap_index = 14348, .adv_w = 203, .box_w = 11, .box_h = 11, .ofs_x = 1, .ofs_y = -2},
    {.bitmap_index = 14409, .adv_w = 203, .box_w = 11, .box_h = 11, .ofs_x = 1, .ofs_y = -2},
    {.bitmap_index = 14470, .adv_w = 203, .box_w = 11, .box_h = 11, .ofs_x = 1, .ofs_y = -2},
    {.bitmap_index = 14531, .adv_w = 203, .box_w = 11, .box_h = 11, .ofs_x = 1, .ofs_y = -2},
    {.bitmap_index = 14592, .adv_w = 203, .box_w = 11, .box_h = 11, .ofs_x = 1, .ofs_y = -2},
    {.bitmap_index = 14653, .adv_w = 203, .box_w = 11, .box_h = 11, .ofs_x = 1, .ofs_y = -2},
    {.bitmap_index = 14714, .adv_w = 203, .box_w = 11, .box_h = 11, .ofs_x = 1, .ofs_y = -2},
    {.bitmap_index = 14775, .adv_w = 203, .box_w = 11, .box_h = 11, .ofs_x = 1, .ofs_y = -2},
    {.bitmap_index = 14836, .adv_w = 203, .box_w = 11, .box_h = 11, .ofs_x = 1, .ofs_y = -2},
    {.bitmap_index = 14897, .adv_w = 203, .box_w = 11, .box_h = 11, .ofs_x = 1, .ofs_y = -2},
    {.bitmap_index = 14958, .adv_w = 203, .box_w = 11, .box_h = 11, .ofs_x = 1, .ofs_y = -2},
    {.bitmap_index = 15019, .adv_w = 203, .box_w = 11, .box_h = 11, .ofs_x = 1, .ofs_y = -2},
    {.bitmap_index = 15080, .adv_w = 203, .box_w = 11, .box_h = 11, .ofs_x = 1, .ofs_y = -2},
    {.bitmap_index = 15141, .adv_w = 203, .box_w = 11, .box_h = 11, .ofs_x = 1, .ofs_y = -2},
    {.bitmap_index = 15202, .adv_w = 203, .box_w = 11, .box_h = 11, .ofs_x = 1, .ofs_y = -2},
    {.bitmap_index = 15263, .adv_w = 203, .box_w = 13, .box_h = 11, .ofs_x = 0, .ofs_y = -2},
    {.bitmap_index = 15335, .adv_w = 203, .box_w = 11, .box_h = 11, .ofs_x = 1, .ofs_y = -2},
    {.bitmap_index = 15396, .adv_w = 203, .box_w = 11, .box_h = 11, .ofs_x = 1, .ofs_y = -2},
    {.bitmap_index = 15457, .adv_w = 203, .box_w = 11, .box_h = 11, .ofs_x = 1, .ofs_y = -2},
    {.bitmap_index = 15518, .adv_w = 203, .box_w = 11, .box_h = 11, .ofs_x = 1, .ofs_y = -2},
    {.bitmap_index = 15579, .adv_w = 203, .box_w = 11, .box_h = 11, .ofs_x = 1, .ofs_y = -2},
    {.bitmap_index = 15640, .adv_w = 203, .box_w = 11, .box_h = 11, .ofs_x = 1, .ofs_y = -2},
    {.bitmap_index = 15701, .adv_w = 203, .box_w = 12, .box_h = 11, .ofs_x = 0, .ofs_y = -2},
    {.bitmap_index = 15767, .adv_w = 203, .box_w = 12, .box_h = 11, .ofs_x = 0, .ofs_y = -2},
    {.bitmap_index = 15833, .adv_w = 203, .box_w = 12, .box_h = 11, .ofs_x = 0, .ofs_y = -2},
    {.bitmap_index = 15899, .adv_w = 203, .box_w = 12, .box_h = 11, .ofs_x = 0, .ofs_y = -2},
    {.bitmap_index = 15965, .adv_w = 203, .box_w = 12, .box_h = 11, .ofs_x = 0, .ofs_y = -2},
    {.bitmap_index = 16031, .adv_w = 203, .box_w = 12, .box_h = 11, .ofs_x = 0, .ofs_y = -2},
    {.bitmap_index = 16097, .adv_w = 203, .box_w = 12, .box_h = 11, .ofs_x = 0, .ofs_y = -2},
    {.bitmap_index = 16163, .adv_w = 203, .box_w = 12, .box_h = 11, .ofs_x = 0, .ofs_y = -2},
    {.bitmap_index = 16229, .adv_w = 203, .box_w = 12, .box_h = 11, .ofs_x = 0, .ofs_y = -2},
    {.bitmap_index = 16295, .adv_w = 203, .box_w = 11, .box_h = 11, .ofs_x = 1, .ofs_y = -2},
    {.bitmap_index = 16356, .adv_w = 203, .box_w = 11, .box_h = 11, .ofs_x = 1, .ofs_y = -2},
    {.bitmap_index = 16417, .adv_w = 203, .box_w = 11, .box_h = 11, .ofs_x = 1, .ofs_y = -2},
    {.bitmap_index = 16478, .adv_w = 203, .box_w = 11, .box_h = 11, .ofs_x = 1, .ofs_y = -2},
    {.bitmap_index = 16539, .adv_w = 203, .box_w = 12, .box_h = 9, .ofs_x = 0, .ofs_y = -1},
    {.bitmap_index = 16593, .adv_w = 203, .box_w = 11, .box_h = 11, .ofs_x = 1, .ofs_y = -2},
    {.bitmap_index = 16654, .adv_w = 203, .box_w = 13, .box_h = 11, .ofs_x = 0, .ofs_y = -2},
    {.bitmap_index = 16726, .adv_w = 203, .box_w = 13, .box_h = 11, .ofs_x = 0, .ofs_y = -2},
    {.bitmap_index = 16798, .adv_w = 203, .box_w = 13, .box_h = 11, .ofs_x = 0, .ofs_y = -2},
    {.bitmap_index = 16870, .adv_w = 203, .box_w = 11, .box_h = 11, .ofs_x = 1, .ofs_y = -2},
    {.bitmap_index = 16931, .adv_w = 203, .box_w = 9, .box_h = 11, .ofs_x = 2, .ofs_y = -2},
    {.bitmap_index = 16981, .adv_w = 203, .box_w = 13, .box_h = 11, .ofs_x = 0, .ofs_y = -2},
    {.bitmap_index = 17053, .adv_w = 203, .box_w = 11, .box_h = 9, .ofs_x = 1, .ofs_y = -1},
    {.bitmap_index = 17103, .adv_w = 203, .box_w = 12, .box_h = 9, .ofs_x = 0, .ofs_y = -1},
    {.bitmap_index = 17157, .adv_w = 203, .box_w = 11, .box_h = 11, .ofs_x = 1, .ofs_y = -2}
};

/*---------------------
 *  CHARACTER MAPPING
 *--------------------*/

static const uint16_t unicode_list_0[] = {
    0x0, 0x1, 0x2, 0x3, 0x4, 0xe, 0x11, 0x14,
    0x15, 0x18, 0x1d, 0x20, 0x22, 0x23, 0x26, 0x2a,
    0x2e, 0x2f, 0x38, 0x39, 0x3a, 0x40, 0x42, 0x48,
    0x49, 0x4a, 0x4b, 0x4c, 0x4d, 0x4e, 0x4f, 0x50,
    0x51, 0x52, 0x53, 0x5f, 0x60, 0x63, 0x65, 0x66,
    0x68, 0x7b, 0x7e, 0x7f, 0x92, 0x93, 0x94, 0x95,
    0x96, 0x97, 0x99, 0x9b, 0x9c, 0xa0, 0xa1, 0xa7,
    0xaa, 0xab, 0xb0, 0xb1, 0xbd, 0xbe, 0xc4, 0xc5,
    0xc8, 0xce, 0xcf, 0xd1, 0xd3, 0xd4, 0xe9, 0xea,
    0xf0, 0xf1, 0xf2, 0xf3, 0xf4, 0xf5, 0xf7, 0xf8,
    0xf9, 0xfa, 0xfd, 0x102, 0x105, 0x108, 0x109, 0x10a,
    0x10b, 0x10c, 0x10d, 0x10f, 0x112, 0x114, 0x116, 0x11d,
    0x121, 0x128, 0x133, 0x134, 0x144, 0x147, 0x14c, 0x14e,
    0x153, 0x154, 0x155, 0x157, 0x163, 0x164, 0x195, 0x196,
    0x197, 0x1a1, 0x1b0, 0x1bf
};

/*Collect the unicode lists and glyph_id offsets*/
static const lv_font_fmt_txt_cmap_t cmaps[] =
{
    {
        .range_start = 9728, .range_length = 448, .glyph_id_start = 1,
        .unicode_list = unicode_list_0, .glyph_id_ofs_list = NULL, .list_length = 116, .type = LV_FONT_FMT_TXT_CMAP_SPARSE_TINY
    },
    {
        .range_start = 127789, .range_length = 99, .glyph_id_start = 117,
        .unicode_list = NULL, .glyph_id_ofs_list = NULL, .list_length = 0, .type = LV_FONT_FMT_TXT_CMAP_FORMAT0_TINY
    },
    {
        .range_start = 128512, .range_length = 80, .glyph_id_start = 216,
        .unicode_list = NULL, .glyph_id_ofs_list = NULL, .list_length = 0, .type = LV_FONT_FMT_TXT_CMAP_FORMAT0_TINY
    }
};



/*--------------------
 *  ALL CUSTOM DATA
 *--------------------*/

#if LVGL_VERSION_MAJOR == 8
/*Store all the custom data of the font*/
static  lv_font_fmt_txt_glyph_cache_t cache;
#endif

#if LVGL_VERSION_MAJOR >= 8
static const lv_font_fmt_txt_dsc_t font_dsc = {
#else
static lv_font_fmt_txt_dsc_t font_dsc = {
#endif
    .glyph_bitmap = glyph_bitmap,
    .glyph_dsc = glyph_dsc,
    .cmaps = cmaps,
    .kern_dsc = NULL,
    .kern_scale = 0,
    .cmap_num = 3,
    .bpp = 4,
    .kern_classes = 0,
    .bitmap_format = 0,
#if LVGL_VERSION_MAJOR == 8
    .cache = &cache
#endif
};



/*-----------------
 *  PUBLIC FONT
 *----------------*/

/*Initialize a public general font descriptor*/
#if LVGL_VERSION_MAJOR >= 8
const lv_font_t noto_emoji_10 = {
#else
lv_font_t noto_emoji_10 = {
#endif
    .get_glyph_dsc = lv_font_get_glyph_dsc_fmt_txt,    /*Function pointer to get glyph's data*/
    .get_glyph_bitmap = lv_font_get_bitmap_fmt_txt,    /*Function pointer to get glyph's bitmap*/
    .line_height = 11,          /*The maximum line height required by the font*/
    .base_line = 2,             /*Baseline measured from the bottom of the line*/
#if !(LVGL_VERSION_MAJOR == 6 && LVGL_VERSION_MINOR == 0)
    .subpx = LV_FONT_SUBPX_NONE,
#endif
#if LV_VERSION_CHECK(7, 4, 0) || LVGL_VERSION_MAJOR >= 8
    .underline_position = 6,
    .underline_thickness = 1,
#endif
    .dsc = &font_dsc,          /*The custom font data. Will be accessed by `get_glyph_bitmap/dsc` */
#if LV_VERSION_CHECK(8, 2, 0) || LVGL_VERSION_MAJOR >= 9
    .fallback = NULL,
#endif
    .user_data = NULL,
};



#endif /*#if NOTO_EMOJI_10*/

